Year,Month,Int.Sunspot.Number,Int.Sunspot.Number.Smoothed,PDO,AMO,ENSO_NINO.34,NiNO3Ext,ENSO_ONI,AA_Orig,AA_Adj,AA_12month,LakeO_flow,NAO,Rainfall_PRISM,Rainfall_CD4,Rainfall_CD5,Rainfall_CD6,AMOGray,KG2,UKR,LKR,LOK,ECAL,UEC,Nino34Off
1749,1,58,NA,NA,NA,NA,NA,NA,NA,NA,NA,NA,NA,NA,NA,NA,NA,NA,NA,NA,NA,NA,NA,NA,NA
1749,2,62.6,NA,NA,NA,NA,NA,NA,NA,NA,NA,NA,NA,NA,NA,NA,NA,NA,NA,NA,NA,NA,NA,NA,NA
1749,3,70,NA,NA,NA,NA,NA,NA,NA,NA,NA,NA,NA,NA,NA,NA,NA,NA,NA,NA,NA,NA,NA,NA,NA
1749,4,55.7,NA,NA,NA,NA,NA,NA,NA,NA,NA,NA,NA,NA,NA,NA,NA,NA,NA,NA,NA,NA,NA,NA,NA
1749,5,85,NA,NA,NA,NA,NA,NA,NA,NA,NA,NA,NA,NA,NA,NA,NA,NA,NA,NA,NA,NA,NA,NA,NA
1749,6,83.5,NA,NA,NA,NA,NA,NA,NA,NA,NA,NA,NA,NA,NA,NA,NA,NA,NA,NA,NA,NA,NA,NA,NA
1749,7,94.8,80.34,NA,NA,NA,NA,NA,NA,NA,NA,NA,NA,NA,NA,NA,NA,NA,NA,NA,NA,NA,NA,NA,NA
1749,8,66.3,81.72,NA,NA,NA,NA,NA,NA,NA,NA,NA,NA,NA,NA,NA,NA,NA,NA,NA,NA,NA,NA,NA,NA
1749,9,75.9,83.76,NA,NA,NA,NA,NA,NA,NA,NA,NA,NA,NA,NA,NA,NA,NA,NA,NA,NA,NA,NA,NA,NA
1749,10,75.5,85.17,NA,NA,NA,NA,NA,NA,NA,NA,NA,NA,NA,NA,NA,NA,NA,NA,NA,NA,NA,NA,NA,NA
1749,11,158.6,87.81,NA,NA,NA,NA,NA,NA,NA,NA,NA,NA,NA,NA,NA,NA,NA,NA,NA,NA,NA,NA,NA,NA
1749,12,85.2,88.96,NA,NA,NA,NA,NA,NA,NA,NA,NA,NA,NA,NA,NA,NA,NA,NA,NA,NA,NA,NA,NA,NA
1750,1,73.3,89.11,NA,NA,NA,NA,NA,NA,NA,NA,NA,NA,NA,NA,NA,NA,NA,NA,NA,NA,NA,NA,NA,NA
1750,2,75.9,89.74,NA,NA,NA,NA,NA,NA,NA,NA,NA,NA,NA,NA,NA,NA,NA,NA,NA,NA,NA,NA,NA,NA
1750,3,89.2,91.65,NA,NA,NA,NA,NA,NA,NA,NA,NA,NA,NA,NA,NA,NA,NA,NA,NA,NA,NA,NA,NA,NA
1750,4,88.3,90.87,NA,NA,NA,NA,NA,NA,NA,NA,NA,NA,NA,NA,NA,NA,NA,NA,NA,NA,NA,NA,NA,NA
1750,5,90,89.93,NA,NA,NA,NA,NA,NA,NA,NA,NA,NA,NA,NA,NA,NA,NA,NA,NA,NA,NA,NA,NA,NA
1750,6,100,83.53,NA,NA,NA,NA,NA,NA,NA,NA,NA,NA,NA,NA,NA,NA,NA,NA,NA,NA,NA,NA,NA,NA
1750,7,85.4,82.36,NA,NA,NA,NA,NA,NA,NA,NA,NA,NA,NA,NA,NA,NA,NA,NA,NA,NA,NA,NA,NA,NA
1750,8,103,80.07,NA,NA,NA,NA,NA,NA,NA,NA,NA,NA,NA,NA,NA,NA,NA,NA,NA,NA,NA,NA,NA,NA
1750,9,91.2,77.72,NA,NA,NA,NA,NA,NA,NA,NA,NA,NA,NA,NA,NA,NA,NA,NA,NA,NA,NA,NA,NA,NA
1750,10,65.7,75.19,NA,NA,NA,NA,NA,NA,NA,NA,NA,NA,NA,NA,NA,NA,NA,NA,NA,NA,NA,NA,NA,NA
1750,11,63.3,73.07,NA,NA,NA,NA,NA,NA,NA,NA,NA,NA,NA,NA,NA,NA,NA,NA,NA,NA,NA,NA,NA,NA
1750,12,75.4,70.05,NA,NA,NA,NA,NA,NA,NA,NA,NA,NA,NA,NA,NA,NA,NA,NA,NA,NA,NA,NA,NA,NA
1751,1,70,67.45,NA,NA,NA,NA,NA,NA,NA,NA,NA,NA,NA,NA,NA,NA,NA,NA,NA,NA,NA,NA,NA,NA
1751,2,43.5,65.48,NA,NA,NA,NA,NA,NA,NA,NA,NA,NA,NA,NA,NA,NA,NA,NA,NA,NA,NA,NA,NA,NA
1751,3,45.3,59.37,NA,NA,NA,NA,NA,NA,NA,NA,NA,NA,NA,NA,NA,NA,NA,NA,NA,NA,NA,NA,NA,NA
1751,4,56.4,54.14,NA,NA,NA,NA,NA,NA,NA,NA,NA,NA,NA,NA,NA,NA,NA,NA,NA,NA,NA,NA,NA,NA
1751,5,60.7,51.28,NA,NA,NA,NA,NA,NA,NA,NA,NA,NA,NA,NA,NA,NA,NA,NA,NA,NA,NA,NA,NA,NA
1751,6,50.7,49.79,NA,NA,NA,NA,NA,NA,NA,NA,NA,NA,NA,NA,NA,NA,NA,NA,NA,NA,NA,NA,NA,NA
1751,7,66.3,46.68,NA,NA,NA,NA,NA,NA,NA,NA,NA,NA,NA,NA,NA,NA,NA,NA,NA,NA,NA,NA,NA,NA
1751,8,59.8,45.15,NA,NA,NA,NA,NA,NA,NA,NA,NA,NA,NA,NA,NA,NA,NA,NA,NA,NA,NA,NA,NA,NA
1751,9,23.5,47.26,NA,NA,NA,NA,NA,NA,NA,NA,NA,NA,NA,NA,NA,NA,NA,NA,NA,NA,NA,NA,NA,NA
1751,10,23.2,48.34,NA,NA,NA,NA,NA,NA,NA,NA,NA,NA,NA,NA,NA,NA,NA,NA,NA,NA,NA,NA,NA,NA
1751,11,28.5,48.59,NA,NA,NA,NA,NA,NA,NA,NA,NA,NA,NA,NA,NA,NA,NA,NA,NA,NA,NA,NA,NA,NA
1751,12,44,46.97,NA,NA,NA,NA,NA,NA,NA,NA,NA,NA,NA,NA,NA,NA,NA,NA,NA,NA,NA,NA,NA,NA
1752,1,35,49.1,NA,NA,NA,NA,NA,NA,NA,NA,NA,NA,NA,NA,NA,NA,NA,NA,NA,NA,NA,NA,NA,NA
1752,2,50,46.25,NA,NA,NA,NA,NA,NA,NA,NA,NA,NA,NA,NA,NA,NA,NA,NA,NA,NA,NA,NA,NA,NA
1752,3,71,43.74,NA,NA,NA,NA,NA,NA,NA,NA,NA,NA,NA,NA,NA,NA,NA,NA,NA,NA,NA,NA,NA,NA
1752,4,59.3,45.52,NA,NA,NA,NA,NA,NA,NA,NA,NA,NA,NA,NA,NA,NA,NA,NA,NA,NA,NA,NA,NA,NA
1752,5,59.7,46.62,NA,NA,NA,NA,NA,NA,NA,NA,NA,NA,NA,NA,NA,NA,NA,NA,NA,NA,NA,NA,NA,NA
1752,6,39.6,47.51,NA,NA,NA,NA,NA,NA,NA,NA,NA,NA,NA,NA,NA,NA,NA,NA,NA,NA,NA,NA,NA,NA
1752,7,78.4,47.51,NA,NA,NA,NA,NA,NA,NA,NA,NA,NA,NA,NA,NA,NA,NA,NA,NA,NA,NA,NA,NA,NA
1752,8,29.3,47.28,NA,NA,NA,NA,NA,NA,NA,NA,NA,NA,NA,NA,NA,NA,NA,NA,NA,NA,NA,NA,NA,NA
1752,9,27.1,46.95,NA,NA,NA,NA,NA,NA,NA,NA,NA,NA,NA,NA,NA,NA,NA,NA,NA,NA,NA,NA,NA,NA
1752,10,46.6,44.41,NA,NA,NA,NA,NA,NA,NA,NA,NA,NA,NA,NA,NA,NA,NA,NA,NA,NA,NA,NA,NA,NA
1752,11,37.6,42.62,NA,NA,NA,NA,NA,NA,NA,NA,NA,NA,NA,NA,NA,NA,NA,NA,NA,NA,NA,NA,NA,NA
1752,12,40,40.46,NA,NA,NA,NA,NA,NA,NA,NA,NA,NA,NA,NA,NA,NA,NA,NA,NA,NA,NA,NA,NA,NA
1753,1,44,39.11,NA,NA,NA,NA,NA,NA,NA,NA,NA,NA,NA,NA,NA,NA,NA,NA,NA,NA,NA,NA,NA,NA
1753,2,32,36.08,NA,NA,NA,NA,NA,NA,NA,NA,NA,NA,NA,NA,NA,NA,NA,NA,NA,NA,NA,NA,NA,NA
1753,3,45.7,35.98,NA,NA,NA,NA,NA,NA,NA,NA,NA,NA,NA,NA,NA,NA,NA,NA,NA,NA,NA,NA,NA,NA
1753,4,38,35.82,NA,NA,NA,NA,NA,NA,NA,NA,NA,NA,NA,NA,NA,NA,NA,NA,NA,NA,NA,NA,NA,NA
1753,5,36,33.77,NA,NA,NA,NA,NA,NA,NA,NA,NA,NA,NA,NA,NA,NA,NA,NA,NA,NA,NA,NA,NA,NA
1753,6,31.7,31.39,NA,NA,NA,NA,NA,NA,NA,NA,NA,NA,NA,NA,NA,NA,NA,NA,NA,NA,NA,NA,NA,NA
1753,7,22,28.32,NA,NA,NA,NA,NA,NA,NA,NA,NA,NA,NA,NA,NA,NA,NA,NA,NA,NA,NA,NA,NA,NA
1753,8,39,25.16,NA,NA,NA,NA,NA,NA,NA,NA,NA,NA,NA,NA,NA,NA,NA,NA,NA,NA,NA,NA,NA,NA
1753,9,28,22.83,NA,NA,NA,NA,NA,NA,NA,NA,NA,NA,NA,NA,NA,NA,NA,NA,NA,NA,NA,NA,NA,NA
1753,10,25,20.37,NA,NA,NA,NA,NA,NA,NA,NA,NA,NA,NA,NA,NA,NA,NA,NA,NA,NA,NA,NA,NA,NA
1753,11,20,19.04,NA,NA,NA,NA,NA,NA,NA,NA,NA,NA,NA,NA,NA,NA,NA,NA,NA,NA,NA,NA,NA,NA
1753,12,6.7,18.32,NA,NA,NA,NA,NA,NA,NA,NA,NA,NA,NA,NA,NA,NA,NA,NA,NA,NA,NA,NA,NA,NA
1754,1,0,17.33,NA,NA,NA,NA,NA,NA,NA,NA,NA,NA,NA,NA,NA,NA,NA,NA,NA,NA,NA,NA,NA,NA
1754,2,3,16.58,NA,NA,NA,NA,NA,NA,NA,NA,NA,NA,NA,NA,NA,NA,NA,NA,NA,NA,NA,NA,NA,NA
1754,3,1.7,14.22,NA,NA,NA,NA,NA,NA,NA,NA,NA,NA,NA,NA,NA,NA,NA,NA,NA,NA,NA,NA,NA,NA
1754,4,13.7,13.92,NA,NA,NA,NA,NA,NA,NA,NA,NA,NA,NA,NA,NA,NA,NA,NA,NA,NA,NA,NA,NA,NA
1754,5,20.7,13.01,NA,NA,NA,NA,NA,NA,NA,NA,NA,NA,NA,NA,NA,NA,NA,NA,NA,NA,NA,NA,NA,NA
1754,6,26.7,11.79,NA,NA,NA,NA,NA,NA,NA,NA,NA,NA,NA,NA,NA,NA,NA,NA,NA,NA,NA,NA,NA,NA
1754,7,18.8,12.06,NA,NA,NA,NA,NA,NA,NA,NA,NA,NA,NA,NA,NA,NA,NA,NA,NA,NA,NA,NA,NA,NA
1754,8,12.3,12.92,NA,NA,NA,NA,NA,NA,NA,NA,NA,NA,NA,NA,NA,NA,NA,NA,NA,NA,NA,NA,NA,NA
1754,9,8.2,13.22,NA,NA,NA,NA,NA,NA,NA,NA,NA,NA,NA,NA,NA,NA,NA,NA,NA,NA,NA,NA,NA,NA
1754,10,24.1,13.58,NA,NA,NA,NA,NA,NA,NA,NA,NA,NA,NA,NA,NA,NA,NA,NA,NA,NA,NA,NA,NA,NA
1754,11,13.2,12.53,NA,NA,NA,NA,NA,NA,NA,NA,NA,NA,NA,NA,NA,NA,NA,NA,NA,NA,NA,NA,NA,NA
1754,12,4.2,10.94,NA,NA,NA,NA,NA,NA,NA,NA,NA,NA,NA,NA,NA,NA,NA,NA,NA,NA,NA,NA,NA,NA
1755,1,10.2,9.55,NA,NA,NA,NA,NA,NA,NA,NA,NA,NA,NA,NA,NA,NA,NA,NA,NA,NA,NA,NA,NA,NA
1755,2,11.2,8.35,NA,NA,NA,NA,NA,NA,NA,NA,NA,NA,NA,NA,NA,NA,NA,NA,NA,NA,NA,NA,NA,NA
1755,3,6.8,8.77,NA,NA,NA,NA,NA,NA,NA,NA,NA,NA,NA,NA,NA,NA,NA,NA,NA,NA,NA,NA,NA,NA
1755,4,6.5,9.96,NA,NA,NA,NA,NA,NA,NA,NA,NA,NA,NA,NA,NA,NA,NA,NA,NA,NA,NA,NA,NA,NA
1755,5,0,8.63,NA,NA,NA,NA,NA,NA,NA,NA,NA,NA,NA,NA,NA,NA,NA,NA,NA,NA,NA,NA,NA,NA
1755,6,0,9.15,NA,NA,NA,NA,NA,NA,NA,NA,NA,NA,NA,NA,NA,NA,NA,NA,NA,NA,NA,NA,NA,NA
1755,7,8.6,9.79,NA,NA,NA,NA,NA,NA,NA,NA,NA,NA,NA,NA,NA,NA,NA,NA,NA,NA,NA,NA,NA,NA
1755,8,3.2,9.55,NA,NA,NA,NA,NA,NA,NA,NA,NA,NA,NA,NA,NA,NA,NA,NA,NA,NA,NA,NA,NA,NA
1755,9,17.8,9.11,NA,NA,NA,NA,NA,NA,NA,NA,NA,NA,NA,NA,NA,NA,NA,NA,NA,NA,NA,NA,NA,NA
1755,10,23.7,9.31,NA,NA,NA,NA,NA,NA,NA,NA,NA,NA,NA,NA,NA,NA,NA,NA,NA,NA,NA,NA,NA,NA
1755,11,6.8,9.77,NA,NA,NA,NA,NA,NA,NA,NA,NA,NA,NA,NA,NA,NA,NA,NA,NA,NA,NA,NA,NA,NA
1755,12,20,10.76,NA,NA,NA,NA,NA,NA,NA,NA,NA,NA,NA,NA,NA,NA,NA,NA,NA,NA,NA,NA,NA,NA
1756,1,12.5,11.04,NA,NA,NA,NA,NA,NA,NA,NA,NA,NA,NA,NA,NA,NA,NA,NA,NA,NA,NA,NA,NA,NA
1756,2,7.1,10.87,NA,NA,NA,NA,NA,NA,NA,NA,NA,NA,NA,NA,NA,NA,NA,NA,NA,NA,NA,NA,NA,NA
1756,3,5.4,11.53,NA,NA,NA,NA,NA,NA,NA,NA,NA,NA,NA,NA,NA,NA,NA,NA,NA,NA,NA,NA,NA,NA
1756,4,9.4,11.26,NA,NA,NA,NA,NA,NA,NA,NA,NA,NA,NA,NA,NA,NA,NA,NA,NA,NA,NA,NA,NA,NA
1756,5,12.5,10.75,NA,NA,NA,NA,NA,NA,NA,NA,NA,NA,NA,NA,NA,NA,NA,NA,NA,NA,NA,NA,NA,NA
1756,6,12.9,10.95,NA,NA,NA,NA,NA,NA,NA,NA,NA,NA,NA,NA,NA,NA,NA,NA,NA,NA,NA,NA,NA,NA
1756,7,3.6,10.49,NA,NA,NA,NA,NA,NA,NA,NA,NA,NA,NA,NA,NA,NA,NA,NA,NA,NA,NA,NA,NA,NA
1756,8,6.4,11.16,NA,NA,NA,NA,NA,NA,NA,NA,NA,NA,NA,NA,NA,NA,NA,NA,NA,NA,NA,NA,NA,NA
1756,9,11.8,12.63,NA,NA,NA,NA,NA,NA,NA,NA,NA,NA,NA,NA,NA,NA,NA,NA,NA,NA,NA,NA,NA,NA
1756,10,14.3,14.52,NA,NA,NA,NA,NA,NA,NA,NA,NA,NA,NA,NA,NA,NA,NA,NA,NA,NA,NA,NA,NA,NA
1756,11,17,16.73,NA,NA,NA,NA,NA,NA,NA,NA,NA,NA,NA,NA,NA,NA,NA,NA,NA,NA,NA,NA,NA,NA
1756,12,9.4,16.75,NA,NA,NA,NA,NA,NA,NA,NA,NA,NA,NA,NA,NA,NA,NA,NA,NA,NA,NA,NA,NA,NA
1757,1,14.1,17.68,NA,NA,NA,NA,NA,NA,NA,NA,NA,NA,NA,NA,NA,NA,NA,NA,NA,NA,NA,NA,NA,NA
1757,2,21.2,21.35,NA,NA,NA,NA,NA,NA,NA,NA,NA,NA,NA,NA,NA,NA,NA,NA,NA,NA,NA,NA,NA,NA
1757,3,26.2,23.92,NA,NA,NA,NA,NA,NA,NA,NA,NA,NA,NA,NA,NA,NA,NA,NA,NA,NA,NA,NA,NA,NA
1757,4,30,25.51,NA,NA,NA,NA,NA,NA,NA,NA,NA,NA,NA,NA,NA,NA,NA,NA,NA,NA,NA,NA,NA,NA
1757,5,38.1,29.38,NA,NA,NA,NA,NA,NA,NA,NA,NA,NA,NA,NA,NA,NA,NA,NA,NA,NA,NA,NA,NA,NA
1757,6,12.8,30.65,NA,NA,NA,NA,NA,NA,NA,NA,NA,NA,NA,NA,NA,NA,NA,NA,NA,NA,NA,NA,NA,NA
1757,7,25,32.82,NA,NA,NA,NA,NA,NA,NA,NA,NA,NA,NA,NA,NA,NA,NA,NA,NA,NA,NA,NA,NA,NA
1757,8,51.3,35.74,NA,NA,NA,NA,NA,NA,NA,NA,NA,NA,NA,NA,NA,NA,NA,NA,NA,NA,NA,NA,NA,NA
1757,9,39.7,37.88,NA,NA,NA,NA,NA,NA,NA,NA,NA,NA,NA,NA,NA,NA,NA,NA,NA,NA,NA,NA,NA,NA
1757,10,32.5,41.42,NA,NA,NA,NA,NA,NA,NA,NA,NA,NA,NA,NA,NA,NA,NA,NA,NA,NA,NA,NA,NA,NA
1757,11,64.7,42.68,NA,NA,NA,NA,NA,NA,NA,NA,NA,NA,NA,NA,NA,NA,NA,NA,NA,NA,NA,NA,NA,NA
1757,12,33.5,43.22,NA,NA,NA,NA,NA,NA,NA,NA,NA,NA,NA,NA,NA,NA,NA,NA,NA,NA,NA,NA,NA,NA
1758,1,37.6,45.62,NA,NA,NA,NA,NA,NA,NA,NA,NA,NA,NA,NA,NA,NA,NA,NA,NA,NA,NA,NA,NA,NA
1758,2,52,46.67,NA,NA,NA,NA,NA,NA,NA,NA,NA,NA,NA,NA,NA,NA,NA,NA,NA,NA,NA,NA,NA,NA
1758,3,49,47.53,NA,NA,NA,NA,NA,NA,NA,NA,NA,NA,NA,NA,NA,NA,NA,NA,NA,NA,NA,NA,NA,NA
1758,4,72.3,47.38,NA,NA,NA,NA,NA,NA,NA,NA,NA,NA,NA,NA,NA,NA,NA,NA,NA,NA,NA,NA,NA,NA
1758,5,46.4,48.18,NA,NA,NA,NA,NA,NA,NA,NA,NA,NA,NA,NA,NA,NA,NA,NA,NA,NA,NA,NA,NA,NA
1758,6,45,46.52,NA,NA,NA,NA,NA,NA,NA,NA,NA,NA,NA,NA,NA,NA,NA,NA,NA,NA,NA,NA,NA,NA
1758,7,44,47.65,NA,NA,NA,NA,NA,NA,NA,NA,NA,NA,NA,NA,NA,NA,NA,NA,NA,NA,NA,NA,NA,NA
1758,8,38.7,48.15,NA,NA,NA,NA,NA,NA,NA,NA,NA,NA,NA,NA,NA,NA,NA,NA,NA,NA,NA,NA,NA,NA
1758,9,62.5,47.75,NA,NA,NA,NA,NA,NA,NA,NA,NA,NA,NA,NA,NA,NA,NA,NA,NA,NA,NA,NA,NA,NA
1758,10,37.7,47.59,NA,NA,NA,NA,NA,NA,NA,NA,NA,NA,NA,NA,NA,NA,NA,NA,NA,NA,NA,NA,NA,NA
1758,11,43,45.8,NA,NA,NA,NA,NA,NA,NA,NA,NA,NA,NA,NA,NA,NA,NA,NA,NA,NA,NA,NA,NA,NA
1758,12,43,46.08,NA,NA,NA,NA,NA,NA,NA,NA,NA,NA,NA,NA,NA,NA,NA,NA,NA,NA,NA,NA,NA,NA
1759,1,48.3,46.54,NA,NA,NA,NA,NA,NA,NA,NA,NA,NA,NA,NA,NA,NA,NA,NA,NA,NA,NA,NA,NA,NA
1759,2,44,48.64,NA,NA,NA,NA,NA,NA,NA,NA,NA,NA,NA,NA,NA,NA,NA,NA,NA,NA,NA,NA,NA,NA
1759,3,46.8,51.6,NA,NA,NA,NA,NA,NA,NA,NA,NA,NA,NA,NA,NA,NA,NA,NA,NA,NA,NA,NA,NA,NA
1759,4,47,51.38,NA,NA,NA,NA,NA,NA,NA,NA,NA,NA,NA,NA,NA,NA,NA,NA,NA,NA,NA,NA,NA,NA
1759,5,49,52.05,NA,NA,NA,NA,NA,NA,NA,NA,NA,NA,NA,NA,NA,NA,NA,NA,NA,NA,NA,NA,NA,NA
1759,6,50,53.12,NA,NA,NA,NA,NA,NA,NA,NA,NA,NA,NA,NA,NA,NA,NA,NA,NA,NA,NA,NA,NA,NA
1759,7,51,54.99,NA,NA,NA,NA,NA,NA,NA,NA,NA,NA,NA,NA,NA,NA,NA,NA,NA,NA,NA,NA,NA,NA
1759,8,71.3,55.85,NA,NA,NA,NA,NA,NA,NA,NA,NA,NA,NA,NA,NA,NA,NA,NA,NA,NA,NA,NA,NA,NA
1759,9,77.2,58.22,NA,NA,NA,NA,NA,NA,NA,NA,NA,NA,NA,NA,NA,NA,NA,NA,NA,NA,NA,NA,NA,NA
1759,10,59.7,59.1,NA,NA,NA,NA,NA,NA,NA,NA,NA,NA,NA,NA,NA,NA,NA,NA,NA,NA,NA,NA,NA,NA
1759,11,46.3,61.02,NA,NA,NA,NA,NA,NA,NA,NA,NA,NA,NA,NA,NA,NA,NA,NA,NA,NA,NA,NA,NA,NA
1759,12,57,60.97,NA,NA,NA,NA,NA,NA,NA,NA,NA,NA,NA,NA,NA,NA,NA,NA,NA,NA,NA,NA,NA,NA
1760,1,67.3,62.2,NA,NA,NA,NA,NA,NA,NA,NA,NA,NA,NA,NA,NA,NA,NA,NA,NA,NA,NA,NA,NA,NA
1760,2,59.5,64.09,NA,NA,NA,NA,NA,NA,NA,NA,NA,NA,NA,NA,NA,NA,NA,NA,NA,NA,NA,NA,NA,NA
1760,3,74.7,63.32,NA,NA,NA,NA,NA,NA,NA,NA,NA,NA,NA,NA,NA,NA,NA,NA,NA,NA,NA,NA,NA,NA
1760,4,58.3,61.28,NA,NA,NA,NA,NA,NA,NA,NA,NA,NA,NA,NA,NA,NA,NA,NA,NA,NA,NA,NA,NA,NA
1760,5,72,61.28,NA,NA,NA,NA,NA,NA,NA,NA,NA,NA,NA,NA,NA,NA,NA,NA,NA,NA,NA,NA,NA,NA
1760,6,48.3,62.41,NA,NA,NA,NA,NA,NA,NA,NA,NA,NA,NA,NA,NA,NA,NA,NA,NA,NA,NA,NA,NA,NA
1760,7,66,63.41,NA,NA,NA,NA,NA,NA,NA,NA,NA,NA,NA,NA,NA,NA,NA,NA,NA,NA,NA,NA,NA,NA
1760,8,75.6,65.23,NA,NA,NA,NA,NA,NA,NA,NA,NA,NA,NA,NA,NA,NA,NA,NA,NA,NA,NA,NA,NA,NA
1760,9,61.3,66.86,NA,NA,NA,NA,NA,NA,NA,NA,NA,NA,NA,NA,NA,NA,NA,NA,NA,NA,NA,NA,NA,NA
1760,10,50.6,66.63,NA,NA,NA,NA,NA,NA,NA,NA,NA,NA,NA,NA,NA,NA,NA,NA,NA,NA,NA,NA,NA,NA
1760,11,59.7,70.39,NA,NA,NA,NA,NA,NA,NA,NA,NA,NA,NA,NA,NA,NA,NA,NA,NA,NA,NA,NA,NA,NA
1760,12,61,72.49,NA,NA,NA,NA,NA,NA,NA,NA,NA,NA,NA,NA,NA,NA,NA,NA,NA,NA,NA,NA,NA,NA
1761,1,70,76.02,NA,NA,NA,NA,NA,NA,NA,NA,NA,NA,NA,NA,NA,NA,NA,NA,NA,NA,NA,NA,NA,NA
1761,2,91,77.95,NA,NA,NA,NA,NA,NA,NA,NA,NA,NA,NA,NA,NA,NA,NA,NA,NA,NA,NA,NA,NA,NA
1761,3,80.7,79.88,NA,NA,NA,NA,NA,NA,NA,NA,NA,NA,NA,NA,NA,NA,NA,NA,NA,NA,NA,NA,NA,NA
1761,4,71.7,81.98,NA,NA,NA,NA,NA,NA,NA,NA,NA,NA,NA,NA,NA,NA,NA,NA,NA,NA,NA,NA,NA,NA
1761,5,107.2,84.99,NA,NA,NA,NA,NA,NA,NA,NA,NA,NA,NA,NA,NA,NA,NA,NA,NA,NA,NA,NA,NA,NA
1761,6,99.3,83.94,NA,NA,NA,NA,NA,NA,NA,NA,NA,NA,NA,NA,NA,NA,NA,NA,NA,NA,NA,NA,NA,NA
1761,7,94.1,82.62,NA,NA,NA,NA,NA,NA,NA,NA,NA,NA,NA,NA,NA,NA,NA,NA,NA,NA,NA,NA,NA,NA
1761,8,91.1,82.83,NA,NA,NA,NA,NA,NA,NA,NA,NA,NA,NA,NA,NA,NA,NA,NA,NA,NA,NA,NA,NA,NA
1761,9,100.7,79.35,NA,NA,NA,NA,NA,NA,NA,NA,NA,NA,NA,NA,NA,NA,NA,NA,NA,NA,NA,NA,NA,NA
1761,10,88.7,77.77,NA,NA,NA,NA,NA,NA,NA,NA,NA,NA,NA,NA,NA,NA,NA,NA,NA,NA,NA,NA,NA,NA
1761,11,89.7,75.32,NA,NA,NA,NA,NA,NA,NA,NA,NA,NA,NA,NA,NA,NA,NA,NA,NA,NA,NA,NA,NA,NA
1761,12,46,73.01,NA,NA,NA,NA,NA,NA,NA,NA,NA,NA,NA,NA,NA,NA,NA,NA,NA,NA,NA,NA,NA,NA
1762,1,43.8,67.97,NA,NA,NA,NA,NA,NA,NA,NA,NA,NA,NA,NA,NA,NA,NA,NA,NA,NA,NA,NA,NA,NA
1762,2,72.8,65.94,NA,NA,NA,NA,NA,NA,NA,NA,NA,NA,NA,NA,NA,NA,NA,NA,NA,NA,NA,NA,NA,NA
1762,3,45.7,64.2,NA,NA,NA,NA,NA,NA,NA,NA,NA,NA,NA,NA,NA,NA,NA,NA,NA,NA,NA,NA,NA,NA
1762,4,60.2,61.78,NA,NA,NA,NA,NA,NA,NA,NA,NA,NA,NA,NA,NA,NA,NA,NA,NA,NA,NA,NA,NA,NA
1762,5,39.9,60.95,NA,NA,NA,NA,NA,NA,NA,NA,NA,NA,NA,NA,NA,NA,NA,NA,NA,NA,NA,NA,NA,NA
1762,6,77.1,59.98,NA,NA,NA,NA,NA,NA,NA,NA,NA,NA,NA,NA,NA,NA,NA,NA,NA,NA,NA,NA,NA,NA
1762,7,33.8,60.79,NA,NA,NA,NA,NA,NA,NA,NA,NA,NA,NA,NA,NA,NA,NA,NA,NA,NA,NA,NA,NA,NA
1762,8,67.7,59.88,NA,NA,NA,NA,NA,NA,NA,NA,NA,NA,NA,NA,NA,NA,NA,NA,NA,NA,NA,NA,NA,NA
1762,9,68.5,56.91,NA,NA,NA,NA,NA,NA,NA,NA,NA,NA,NA,NA,NA,NA,NA,NA,NA,NA,NA,NA,NA,NA
1762,10,69.3,55.92,NA,NA,NA,NA,NA,NA,NA,NA,NA,NA,NA,NA,NA,NA,NA,NA,NA,NA,NA,NA,NA,NA
1762,11,77.8,53.81,NA,NA,NA,NA,NA,NA,NA,NA,NA,NA,NA,NA,NA,NA,NA,NA,NA,NA,NA,NA,NA,NA
1762,12,77.2,53.49,NA,NA,NA,NA,NA,NA,NA,NA,NA,NA,NA,NA,NA,NA,NA,NA,NA,NA,NA,NA,NA,NA
1763,1,56.5,51.73,NA,NA,NA,NA,NA,NA,NA,NA,NA,NA,NA,NA,NA,NA,NA,NA,NA,NA,NA,NA,NA,NA
1763,2,31.9,51.17,NA,NA,NA,NA,NA,NA,NA,NA,NA,NA,NA,NA,NA,NA,NA,NA,NA,NA,NA,NA,NA,NA
1763,3,34.2,51.2,NA,NA,NA,NA,NA,NA,NA,NA,NA,NA,NA,NA,NA,NA,NA,NA,NA,NA,NA,NA,NA,NA
1763,4,32.9,49.49,NA,NA,NA,NA,NA,NA,NA,NA,NA,NA,NA,NA,NA,NA,NA,NA,NA,NA,NA,NA,NA,NA
1763,5,32.7,48.85,NA,NA,NA,NA,NA,NA,NA,NA,NA,NA,NA,NA,NA,NA,NA,NA,NA,NA,NA,NA,NA,NA
1763,6,35.8,47.58,NA,NA,NA,NA,NA,NA,NA,NA,NA,NA,NA,NA,NA,NA,NA,NA,NA,NA,NA,NA,NA,NA
1763,7,54.2,46.24,NA,NA,NA,NA,NA,NA,NA,NA,NA,NA,NA,NA,NA,NA,NA,NA,NA,NA,NA,NA,NA,NA
1763,8,26.5,46.48,NA,NA,NA,NA,NA,NA,NA,NA,NA,NA,NA,NA,NA,NA,NA,NA,NA,NA,NA,NA,NA,NA
1763,9,68.1,47.12,NA,NA,NA,NA,NA,NA,NA,NA,NA,NA,NA,NA,NA,NA,NA,NA,NA,NA,NA,NA,NA,NA
1763,10,46.3,47.14,NA,NA,NA,NA,NA,NA,NA,NA,NA,NA,NA,NA,NA,NA,NA,NA,NA,NA,NA,NA,NA,NA
1763,11,60.9,48.02,NA,NA,NA,NA,NA,NA,NA,NA,NA,NA,NA,NA,NA,NA,NA,NA,NA,NA,NA,NA,NA,NA
1763,12,61.4,47.81,NA,NA,NA,NA,NA,NA,NA,NA,NA,NA,NA,NA,NA,NA,NA,NA,NA,NA,NA,NA,NA,NA
1764,1,59.7,47.36,NA,NA,NA,NA,NA,NA,NA,NA,NA,NA,NA,NA,NA,NA,NA,NA,NA,NA,NA,NA,NA,NA
1764,2,59.7,45.5,NA,NA,NA,NA,NA,NA,NA,NA,NA,NA,NA,NA,NA,NA,NA,NA,NA,NA,NA,NA,NA,NA
1764,3,40.2,45.63,NA,NA,NA,NA,NA,NA,NA,NA,NA,NA,NA,NA,NA,NA,NA,NA,NA,NA,NA,NA,NA,NA
1764,4,34.4,42.55,NA,NA,NA,NA,NA,NA,NA,NA,NA,NA,NA,NA,NA,NA,NA,NA,NA,NA,NA,NA,NA,NA
1764,5,44.3,40.98,NA,NA,NA,NA,NA,NA,NA,NA,NA,NA,NA,NA,NA,NA,NA,NA,NA,NA,NA,NA,NA,NA
1764,6,30,38.28,NA,NA,NA,NA,NA,NA,NA,NA,NA,NA,NA,NA,NA,NA,NA,NA,NA,NA,NA,NA,NA,NA
1764,7,30,35.4,NA,NA,NA,NA,NA,NA,NA,NA,NA,NA,NA,NA,NA,NA,NA,NA,NA,NA,NA,NA,NA,NA
1764,8,30,32.81,NA,NA,NA,NA,NA,NA,NA,NA,NA,NA,NA,NA,NA,NA,NA,NA,NA,NA,NA,NA,NA,NA
1764,9,28.2,30.14,NA,NA,NA,NA,NA,NA,NA,NA,NA,NA,NA,NA,NA,NA,NA,NA,NA,NA,NA,NA,NA,NA
1764,10,28,28.74,NA,NA,NA,NA,NA,NA,NA,NA,NA,NA,NA,NA,NA,NA,NA,NA,NA,NA,NA,NA,NA,NA
1764,11,26,27.65,NA,NA,NA,NA,NA,NA,NA,NA,NA,NA,NA,NA,NA,NA,NA,NA,NA,NA,NA,NA,NA,NA
1764,12,25.7,25.78,NA,NA,NA,NA,NA,NA,NA,NA,NA,NA,NA,NA,NA,NA,NA,NA,NA,NA,NA,NA,NA,NA
1765,1,24,25.55,NA,NA,NA,NA,NA,NA,NA,NA,NA,NA,NA,NA,NA,NA,NA,NA,NA,NA,NA,NA,NA,NA
1765,2,26,25.52,NA,NA,NA,NA,NA,NA,NA,NA,NA,NA,NA,NA,NA,NA,NA,NA,NA,NA,NA,NA,NA,NA
1765,3,25,24.45,NA,NA,NA,NA,NA,NA,NA,NA,NA,NA,NA,NA,NA,NA,NA,NA,NA,NA,NA,NA,NA,NA
1765,4,22,23.35,NA,NA,NA,NA,NA,NA,NA,NA,NA,NA,NA,NA,NA,NA,NA,NA,NA,NA,NA,NA,NA,NA
1765,5,20.2,22.28,NA,NA,NA,NA,NA,NA,NA,NA,NA,NA,NA,NA,NA,NA,NA,NA,NA,NA,NA,NA,NA,NA
1765,6,20,21.28,NA,NA,NA,NA,NA,NA,NA,NA,NA,NA,NA,NA,NA,NA,NA,NA,NA,NA,NA,NA,NA,NA
1765,7,27,20.22,NA,NA,NA,NA,NA,NA,NA,NA,NA,NA,NA,NA,NA,NA,NA,NA,NA,NA,NA,NA,NA,NA
1765,8,29.7,19.22,NA,NA,NA,NA,NA,NA,NA,NA,NA,NA,NA,NA,NA,NA,NA,NA,NA,NA,NA,NA,NA,NA
1765,9,16,20.04,NA,NA,NA,NA,NA,NA,NA,NA,NA,NA,NA,NA,NA,NA,NA,NA,NA,NA,NA,NA,NA,NA
1765,10,14,18.58,NA,NA,NA,NA,NA,NA,NA,NA,NA,NA,NA,NA,NA,NA,NA,NA,NA,NA,NA,NA,NA,NA
1765,11,14,18.95,NA,NA,NA,NA,NA,NA,NA,NA,NA,NA,NA,NA,NA,NA,NA,NA,NA,NA,NA,NA,NA,NA
1765,12,13,17.62,NA,NA,NA,NA,NA,NA,NA,NA,NA,NA,NA,NA,NA,NA,NA,NA,NA,NA,NA,NA,NA,NA
1766,1,12,16.34,NA,NA,NA,NA,NA,NA,NA,NA,NA,NA,NA,NA,NA,NA,NA,NA,NA,NA,NA,NA,NA,NA
1766,2,11,14.57,NA,NA,NA,NA,NA,NA,NA,NA,NA,NA,NA,NA,NA,NA,NA,NA,NA,NA,NA,NA,NA,NA
1766,3,36.6,12.62,NA,NA,NA,NA,NA,NA,NA,NA,NA,NA,NA,NA,NA,NA,NA,NA,NA,NA,NA,NA,NA,NA
1766,4,6,11.77,NA,NA,NA,NA,NA,NA,NA,NA,NA,NA,NA,NA,NA,NA,NA,NA,NA,NA,NA,NA,NA,NA
1766,5,26.8,11.13,NA,NA,NA,NA,NA,NA,NA,NA,NA,NA,NA,NA,NA,NA,NA,NA,NA,NA,NA,NA,NA,NA
1766,6,3,11.53,NA,NA,NA,NA,NA,NA,NA,NA,NA,NA,NA,NA,NA,NA,NA,NA,NA,NA,NA,NA,NA,NA
1766,7,3.3,12.64,NA,NA,NA,NA,NA,NA,NA,NA,NA,NA,NA,NA,NA,NA,NA,NA,NA,NA,NA,NA,NA,NA
1766,8,4,14.02,NA,NA,NA,NA,NA,NA,NA,NA,NA,NA,NA,NA,NA,NA,NA,NA,NA,NA,NA,NA,NA,NA
1766,9,4.3,16.48,NA,NA,NA,NA,NA,NA,NA,NA,NA,NA,NA,NA,NA,NA,NA,NA,NA,NA,NA,NA,NA,NA
1766,10,5,16.2,NA,NA,NA,NA,NA,NA,NA,NA,NA,NA,NA,NA,NA,NA,NA,NA,NA,NA,NA,NA,NA,NA
1766,11,5.7,18.03,NA,NA,NA,NA,NA,NA,NA,NA,NA,NA,NA,NA,NA,NA,NA,NA,NA,NA,NA,NA,NA,NA
1766,12,19.2,18.53,NA,NA,NA,NA,NA,NA,NA,NA,NA,NA,NA,NA,NA,NA,NA,NA,NA,NA,NA,NA,NA,NA
1767,1,27.4,19.98,NA,NA,NA,NA,NA,NA,NA,NA,NA,NA,NA,NA,NA,NA,NA,NA,NA,NA,NA,NA,NA,NA
1767,2,30,22.87,NA,NA,NA,NA,NA,NA,NA,NA,NA,NA,NA,NA,NA,NA,NA,NA,NA,NA,NA,NA,NA,NA
1767,3,43,25.85,NA,NA,NA,NA,NA,NA,NA,NA,NA,NA,NA,NA,NA,NA,NA,NA,NA,NA,NA,NA,NA,NA
1767,4,32.9,28.91,NA,NA,NA,NA,NA,NA,NA,NA,NA,NA,NA,NA,NA,NA,NA,NA,NA,NA,NA,NA,NA,NA
1767,5,29.8,32.73,NA,NA,NA,NA,NA,NA,NA,NA,NA,NA,NA,NA,NA,NA,NA,NA,NA,NA,NA,NA,NA,NA
1767,6,33.3,36.39,NA,NA,NA,NA,NA,NA,NA,NA,NA,NA,NA,NA,NA,NA,NA,NA,NA,NA,NA,NA,NA,NA
1767,7,21.9,39.03,NA,NA,NA,NA,NA,NA,NA,NA,NA,NA,NA,NA,NA,NA,NA,NA,NA,NA,NA,NA,NA,NA
1767,8,40.8,42.01,NA,NA,NA,NA,NA,NA,NA,NA,NA,NA,NA,NA,NA,NA,NA,NA,NA,NA,NA,NA,NA,NA
1767,9,42.7,43.26,NA,NA,NA,NA,NA,NA,NA,NA,NA,NA,NA,NA,NA,NA,NA,NA,NA,NA,NA,NA,NA,NA
1767,10,44.1,43.24,NA,NA,NA,NA,NA,NA,NA,NA,NA,NA,NA,NA,NA,NA,NA,NA,NA,NA,NA,NA,NA,NA
1767,11,54.7,46.68,NA,NA,NA,NA,NA,NA,NA,NA,NA,NA,NA,NA,NA,NA,NA,NA,NA,NA,NA,NA,NA,NA
1767,12,53.3,50.35,NA,NA,NA,NA,NA,NA,NA,NA,NA,NA,NA,NA,NA,NA,NA,NA,NA,NA,NA,NA,NA,NA
1768,1,53.5,51.83,NA,NA,NA,NA,NA,NA,NA,NA,NA,NA,NA,NA,NA,NA,NA,NA,NA,NA,NA,NA,NA,NA
1768,2,66.1,55.28,NA,NA,NA,NA,NA,NA,NA,NA,NA,NA,NA,NA,NA,NA,NA,NA,NA,NA,NA,NA,NA,NA
1768,3,46.3,57.9,NA,NA,NA,NA,NA,NA,NA,NA,NA,NA,NA,NA,NA,NA,NA,NA,NA,NA,NA,NA,NA,NA
1768,4,42.7,60.6,NA,NA,NA,NA,NA,NA,NA,NA,NA,NA,NA,NA,NA,NA,NA,NA,NA,NA,NA,NA,NA,NA
1768,5,77.7,64.18,NA,NA,NA,NA,NA,NA,NA,NA,NA,NA,NA,NA,NA,NA,NA,NA,NA,NA,NA,NA,NA,NA
1768,6,77.4,68.57,NA,NA,NA,NA,NA,NA,NA,NA,NA,NA,NA,NA,NA,NA,NA,NA,NA,NA,NA,NA,NA,NA
1768,7,52.6,70.15,NA,NA,NA,NA,NA,NA,NA,NA,NA,NA,NA,NA,NA,NA,NA,NA,NA,NA,NA,NA,NA,NA
1768,8,66.8,70.98,NA,NA,NA,NA,NA,NA,NA,NA,NA,NA,NA,NA,NA,NA,NA,NA,NA,NA,NA,NA,NA,NA
1768,9,74.8,70.84,NA,NA,NA,NA,NA,NA,NA,NA,NA,NA,NA,NA,NA,NA,NA,NA,NA,NA,NA,NA,NA,NA
1768,10,77.8,74.72,NA,NA,NA,NA,NA,NA,NA,NA,NA,NA,NA,NA,NA,NA,NA,NA,NA,NA,NA,NA,NA,NA
1768,11,90.6,77.09,NA,NA,NA,NA,NA,NA,NA,NA,NA,NA,NA,NA,NA,NA,NA,NA,NA,NA,NA,NA,NA,NA
1768,12,111.8,78.38,NA,NA,NA,NA,NA,NA,NA,NA,NA,NA,NA,NA,NA,NA,NA,NA,NA,NA,NA,NA,NA,NA
1769,1,73.9,81.55,NA,NA,NA,NA,NA,NA,NA,NA,NA,NA,NA,NA,NA,NA,NA,NA,NA,NA,NA,NA,NA,NA
1769,2,64.2,86.75,NA,NA,NA,NA,NA,NA,NA,NA,NA,NA,NA,NA,NA,NA,NA,NA,NA,NA,NA,NA,NA,NA
1769,3,64.3,93.06,NA,NA,NA,NA,NA,NA,NA,NA,NA,NA,NA,NA,NA,NA,NA,NA,NA,NA,NA,NA,NA,NA
1769,4,96.7,99.48,NA,NA,NA,NA,NA,NA,NA,NA,NA,NA,NA,NA,NA,NA,NA,NA,NA,NA,NA,NA,NA,NA
1769,5,73.6,104.88,NA,NA,NA,NA,NA,NA,NA,NA,NA,NA,NA,NA,NA,NA,NA,NA,NA,NA,NA,NA,NA,NA
1769,6,94.4,106.53,NA,NA,NA,NA,NA,NA,NA,NA,NA,NA,NA,NA,NA,NA,NA,NA,NA,NA,NA,NA,NA,NA
1769,7,118.6,105.93,NA,NA,NA,NA,NA,NA,NA,NA,NA,NA,NA,NA,NA,NA,NA,NA,NA,NA,NA,NA,NA,NA
1769,8,120.3,111.21,NA,NA,NA,NA,NA,NA,NA,NA,NA,NA,NA,NA,NA,NA,NA,NA,NA,NA,NA,NA,NA,NA
1769,9,148.8,112.43,NA,NA,NA,NA,NA,NA,NA,NA,NA,NA,NA,NA,NA,NA,NA,NA,NA,NA,NA,NA,NA,NA
1769,10,158.2,111.41,NA,NA,NA,NA,NA,NA,NA,NA,NA,NA,NA,NA,NA,NA,NA,NA,NA,NA,NA,NA,NA,NA
1769,11,148.1,109.36,NA,NA,NA,NA,NA,NA,NA,NA,NA,NA,NA,NA,NA,NA,NA,NA,NA,NA,NA,NA,NA,NA
1769,12,112,110.11,NA,NA,NA,NA,NA,NA,NA,NA,NA,NA,NA,NA,NA,NA,NA,NA,NA,NA,NA,NA,NA,NA
1770,1,104,111.29,NA,NA,NA,NA,NA,NA,NA,NA,NA,NA,NA,NA,NA,NA,NA,NA,NA,NA,NA,NA,NA,NA
1770,2,142.5,111.88,NA,NA,NA,NA,NA,NA,NA,NA,NA,NA,NA,NA,NA,NA,NA,NA,NA,NA,NA,NA,NA,NA
1770,3,80.1,110.66,NA,NA,NA,NA,NA,NA,NA,NA,NA,NA,NA,NA,NA,NA,NA,NA,NA,NA,NA,NA,NA,NA
1770,4,51,107.18,NA,NA,NA,NA,NA,NA,NA,NA,NA,NA,NA,NA,NA,NA,NA,NA,NA,NA,NA,NA,NA,NA
1770,5,70.1,105.18,NA,NA,NA,NA,NA,NA,NA,NA,NA,NA,NA,NA,NA,NA,NA,NA,NA,NA,NA,NA,NA,NA
1770,6,83.3,101.66,NA,NA,NA,NA,NA,NA,NA,NA,NA,NA,NA,NA,NA,NA,NA,NA,NA,NA,NA,NA,NA,NA
1770,7,109.8,95.82,NA,NA,NA,NA,NA,NA,NA,NA,NA,NA,NA,NA,NA,NA,NA,NA,NA,NA,NA,NA,NA,NA
1770,8,126.3,91.37,NA,NA,NA,NA,NA,NA,NA,NA,NA,NA,NA,NA,NA,NA,NA,NA,NA,NA,NA,NA,NA,NA
1770,9,104.4,84,NA,NA,NA,NA,NA,NA,NA,NA,NA,NA,NA,NA,NA,NA,NA,NA,NA,NA,NA,NA,NA,NA
1770,10,103.6,82.83,NA,NA,NA,NA,NA,NA,NA,NA,NA,NA,NA,NA,NA,NA,NA,NA,NA,NA,NA,NA,NA,NA
1770,11,132.2,90.65,NA,NA,NA,NA,NA,NA,NA,NA,NA,NA,NA,NA,NA,NA,NA,NA,NA,NA,NA,NA,NA,NA
1770,12,102.3,94.45,NA,NA,NA,NA,NA,NA,NA,NA,NA,NA,NA,NA,NA,NA,NA,NA,NA,NA,NA,NA,NA,NA
1771,1,36,93.25,NA,NA,NA,NA,NA,NA,NA,NA,NA,NA,NA,NA,NA,NA,NA,NA,NA,NA,NA,NA,NA,NA
1771,2,46.2,89.31,NA,NA,NA,NA,NA,NA,NA,NA,NA,NA,NA,NA,NA,NA,NA,NA,NA,NA,NA,NA,NA,NA
1771,3,46.7,87.39,NA,NA,NA,NA,NA,NA,NA,NA,NA,NA,NA,NA,NA,NA,NA,NA,NA,NA,NA,NA,NA,NA
1771,4,64.9,86.28,NA,NA,NA,NA,NA,NA,NA,NA,NA,NA,NA,NA,NA,NA,NA,NA,NA,NA,NA,NA,NA,NA
1771,5,152.7,85.98,NA,NA,NA,NA,NA,NA,NA,NA,NA,NA,NA,NA,NA,NA,NA,NA,NA,NA,NA,NA,NA,NA
1771,6,119.5,83.18,NA,NA,NA,NA,NA,NA,NA,NA,NA,NA,NA,NA,NA,NA,NA,NA,NA,NA,NA,NA,NA,NA
1771,7,67.7,83.07,NA,NA,NA,NA,NA,NA,NA,NA,NA,NA,NA,NA,NA,NA,NA,NA,NA,NA,NA,NA,NA,NA
1771,8,58.5,87.28,NA,NA,NA,NA,NA,NA,NA,NA,NA,NA,NA,NA,NA,NA,NA,NA,NA,NA,NA,NA,NA,NA
1771,9,101.4,86.12,NA,NA,NA,NA,NA,NA,NA,NA,NA,NA,NA,NA,NA,NA,NA,NA,NA,NA,NA,NA,NA,NA
1771,10,90,89.62,NA,NA,NA,NA,NA,NA,NA,NA,NA,NA,NA,NA,NA,NA,NA,NA,NA,NA,NA,NA,NA,NA
1771,11,99.7,87.55,NA,NA,NA,NA,NA,NA,NA,NA,NA,NA,NA,NA,NA,NA,NA,NA,NA,NA,NA,NA,NA,NA
1771,12,95.7,80.19,NA,NA,NA,NA,NA,NA,NA,NA,NA,NA,NA,NA,NA,NA,NA,NA,NA,NA,NA,NA,NA,NA
1772,1,100.9,76.95,NA,NA,NA,NA,NA,NA,NA,NA,NA,NA,NA,NA,NA,NA,NA,NA,NA,NA,NA,NA,NA,NA
1772,2,90.8,76.06,NA,NA,NA,NA,NA,NA,NA,NA,NA,NA,NA,NA,NA,NA,NA,NA,NA,NA,NA,NA,NA,NA
1772,3,31.1,75.45,NA,NA,NA,NA,NA,NA,NA,NA,NA,NA,NA,NA,NA,NA,NA,NA,NA,NA,NA,NA,NA,NA
1772,4,92.2,73.69,NA,NA,NA,NA,NA,NA,NA,NA,NA,NA,NA,NA,NA,NA,NA,NA,NA,NA,NA,NA,NA,NA
1772,5,38,71.48,NA,NA,NA,NA,NA,NA,NA,NA,NA,NA,NA,NA,NA,NA,NA,NA,NA,NA,NA,NA,NA,NA
1772,6,57,68.74,NA,NA,NA,NA,NA,NA,NA,NA,NA,NA,NA,NA,NA,NA,NA,NA,NA,NA,NA,NA,NA,NA
1772,7,77.3,65.58,NA,NA,NA,NA,NA,NA,NA,NA,NA,NA,NA,NA,NA,NA,NA,NA,NA,NA,NA,NA,NA,NA
1772,8,56.2,60.05,NA,NA,NA,NA,NA,NA,NA,NA,NA,NA,NA,NA,NA,NA,NA,NA,NA,NA,NA,NA,NA,NA
1772,9,50.5,57,NA,NA,NA,NA,NA,NA,NA,NA,NA,NA,NA,NA,NA,NA,NA,NA,NA,NA,NA,NA,NA,NA
1772,10,78.6,57.14,NA,NA,NA,NA,NA,NA,NA,NA,NA,NA,NA,NA,NA,NA,NA,NA,NA,NA,NA,NA,NA,NA
1772,11,61.3,53.21,NA,NA,NA,NA,NA,NA,NA,NA,NA,NA,NA,NA,NA,NA,NA,NA,NA,NA,NA,NA,NA,NA
1772,12,64,52.47,NA,NA,NA,NA,NA,NA,NA,NA,NA,NA,NA,NA,NA,NA,NA,NA,NA,NA,NA,NA,NA,NA
1773,1,54.6,50.22,NA,NA,NA,NA,NA,NA,NA,NA,NA,NA,NA,NA,NA,NA,NA,NA,NA,NA,NA,NA,NA,NA
1773,2,29,45.25,NA,NA,NA,NA,NA,NA,NA,NA,NA,NA,NA,NA,NA,NA,NA,NA,NA,NA,NA,NA,NA,NA
1773,3,51.2,43.18,NA,NA,NA,NA,NA,NA,NA,NA,NA,NA,NA,NA,NA,NA,NA,NA,NA,NA,NA,NA,NA,NA
1773,4,32.9,41.32,NA,NA,NA,NA,NA,NA,NA,NA,NA,NA,NA,NA,NA,NA,NA,NA,NA,NA,NA,NA,NA,NA
1773,5,41.1,38.42,NA,NA,NA,NA,NA,NA,NA,NA,NA,NA,NA,NA,NA,NA,NA,NA,NA,NA,NA,NA,NA,NA
1773,6,28.4,37.02,NA,NA,NA,NA,NA,NA,NA,NA,NA,NA,NA,NA,NA,NA,NA,NA,NA,NA,NA,NA,NA,NA
1773,7,27.7,35.7,NA,NA,NA,NA,NA,NA,NA,NA,NA,NA,NA,NA,NA,NA,NA,NA,NA,NA,NA,NA,NA,NA
1773,8,12.7,36.53,NA,NA,NA,NA,NA,NA,NA,NA,NA,NA,NA,NA,NA,NA,NA,NA,NA,NA,NA,NA,NA,NA
1773,9,29.3,38.58,NA,NA,NA,NA,NA,NA,NA,NA,NA,NA,NA,NA,NA,NA,NA,NA,NA,NA,NA,NA,NA,NA
1773,10,26.3,38.02,NA,NA,NA,NA,NA,NA,NA,NA,NA,NA,NA,NA,NA,NA,NA,NA,NA,NA,NA,NA,NA,NA
1773,11,40.9,39.43,NA,NA,NA,NA,NA,NA,NA,NA,NA,NA,NA,NA,NA,NA,NA,NA,NA,NA,NA,NA,NA,NA
1773,12,43.2,38.46,NA,NA,NA,NA,NA,NA,NA,NA,NA,NA,NA,NA,NA,NA,NA,NA,NA,NA,NA,NA,NA,NA
1774,1,46.8,37.62,NA,NA,NA,NA,NA,NA,NA,NA,NA,NA,NA,NA,NA,NA,NA,NA,NA,NA,NA,NA,NA,NA
1774,2,65.4,36,NA,NA,NA,NA,NA,NA,NA,NA,NA,NA,NA,NA,NA,NA,NA,NA,NA,NA,NA,NA,NA,NA
1774,3,55.7,35.63,NA,NA,NA,NA,NA,NA,NA,NA,NA,NA,NA,NA,NA,NA,NA,NA,NA,NA,NA,NA,NA,NA
1774,4,43.8,34.45,NA,NA,NA,NA,NA,NA,NA,NA,NA,NA,NA,NA,NA,NA,NA,NA,NA,NA,NA,NA,NA,NA
1774,5,51.3,33.79,NA,NA,NA,NA,NA,NA,NA,NA,NA,NA,NA,NA,NA,NA,NA,NA,NA,NA,NA,NA,NA,NA
1774,6,28.5,31.58,NA,NA,NA,NA,NA,NA,NA,NA,NA,NA,NA,NA,NA,NA,NA,NA,NA,NA,NA,NA,NA,NA
1774,7,17.5,28.6,NA,NA,NA,NA,NA,NA,NA,NA,NA,NA,NA,NA,NA,NA,NA,NA,NA,NA,NA,NA,NA,NA
1774,8,6.6,25,NA,NA,NA,NA,NA,NA,NA,NA,NA,NA,NA,NA,NA,NA,NA,NA,NA,NA,NA,NA,NA,NA
1774,9,7.9,20.86,NA,NA,NA,NA,NA,NA,NA,NA,NA,NA,NA,NA,NA,NA,NA,NA,NA,NA,NA,NA,NA,NA
1774,10,14,17.44,NA,NA,NA,NA,NA,NA,NA,NA,NA,NA,NA,NA,NA,NA,NA,NA,NA,NA,NA,NA,NA,NA
1774,11,17.7,14.37,NA,NA,NA,NA,NA,NA,NA,NA,NA,NA,NA,NA,NA,NA,NA,NA,NA,NA,NA,NA,NA,NA
1774,12,12.2,11.37,NA,NA,NA,NA,NA,NA,NA,NA,NA,NA,NA,NA,NA,NA,NA,NA,NA,NA,NA,NA,NA,NA
1775,1,4.4,9.25,NA,NA,NA,NA,NA,NA,NA,NA,NA,NA,NA,NA,NA,NA,NA,NA,NA,NA,NA,NA,NA,NA
1775,2,0,8.52,NA,NA,NA,NA,NA,NA,NA,NA,NA,NA,NA,NA,NA,NA,NA,NA,NA,NA,NA,NA,NA,NA
1775,3,11.6,8.25,NA,NA,NA,NA,NA,NA,NA,NA,NA,NA,NA,NA,NA,NA,NA,NA,NA,NA,NA,NA,NA,NA
1775,4,11.2,8.08,NA,NA,NA,NA,NA,NA,NA,NA,NA,NA,NA,NA,NA,NA,NA,NA,NA,NA,NA,NA,NA,NA
1775,5,3.9,8.16,NA,NA,NA,NA,NA,NA,NA,NA,NA,NA,NA,NA,NA,NA,NA,NA,NA,NA,NA,NA,NA,NA
1775,6,12.3,7.41,NA,NA,NA,NA,NA,NA,NA,NA,NA,NA,NA,NA,NA,NA,NA,NA,NA,NA,NA,NA,NA,NA
1775,7,1,8.14,NA,NA,NA,NA,NA,NA,NA,NA,NA,NA,NA,NA,NA,NA,NA,NA,NA,NA,NA,NA,NA,NA
1775,8,7.9,8.69,NA,NA,NA,NA,NA,NA,NA,NA,NA,NA,NA,NA,NA,NA,NA,NA,NA,NA,NA,NA,NA,NA
1775,9,3.2,9.18,NA,NA,NA,NA,NA,NA,NA,NA,NA,NA,NA,NA,NA,NA,NA,NA,NA,NA,NA,NA,NA,NA
1775,10,5.6,9.96,NA,NA,NA,NA,NA,NA,NA,NA,NA,NA,NA,NA,NA,NA,NA,NA,NA,NA,NA,NA,NA,NA
1775,11,15.1,9.96,NA,NA,NA,NA,NA,NA,NA,NA,NA,NA,NA,NA,NA,NA,NA,NA,NA,NA,NA,NA,NA,NA
1775,12,7.9,11.12,NA,NA,NA,NA,NA,NA,NA,NA,NA,NA,NA,NA,NA,NA,NA,NA,NA,NA,NA,NA,NA,NA
1776,1,21.7,10.25,NA,NA,NA,NA,NA,NA,NA,NA,NA,NA,NA,NA,NA,NA,NA,NA,NA,NA,NA,NA,NA,NA
1776,2,11.6,12.04,NA,NA,NA,NA,NA,NA,NA,NA,NA,NA,NA,NA,NA,NA,NA,NA,NA,NA,NA,NA,NA,NA
1776,3,6.3,12.66,NA,NA,NA,NA,NA,NA,NA,NA,NA,NA,NA,NA,NA,NA,NA,NA,NA,NA,NA,NA,NA,NA
1776,4,21.8,14.72,NA,NA,NA,NA,NA,NA,NA,NA,NA,NA,NA,NA,NA,NA,NA,NA,NA,NA,NA,NA,NA,NA
1776,5,11.2,16.98,NA,NA,NA,NA,NA,NA,NA,NA,NA,NA,NA,NA,NA,NA,NA,NA,NA,NA,NA,NA,NA,NA
1776,6,19,18.9,NA,NA,NA,NA,NA,NA,NA,NA,NA,NA,NA,NA,NA,NA,NA,NA,NA,NA,NA,NA,NA,NA
1776,7,1,21.75,NA,NA,NA,NA,NA,NA,NA,NA,NA,NA,NA,NA,NA,NA,NA,NA,NA,NA,NA,NA,NA,NA
1776,8,24.2,22.89,NA,NA,NA,NA,NA,NA,NA,NA,NA,NA,NA,NA,NA,NA,NA,NA,NA,NA,NA,NA,NA,NA
1776,9,16,25,NA,NA,NA,NA,NA,NA,NA,NA,NA,NA,NA,NA,NA,NA,NA,NA,NA,NA,NA,NA,NA,NA
1776,10,30,31.86,NA,NA,NA,NA,NA,NA,NA,NA,NA,NA,NA,NA,NA,NA,NA,NA,NA,NA,NA,NA,NA,NA
1776,11,35,36.36,NA,NA,NA,NA,NA,NA,NA,NA,NA,NA,NA,NA,NA,NA,NA,NA,NA,NA,NA,NA,NA,NA
1776,12,40,41.71,NA,NA,NA,NA,NA,NA,NA,NA,NA,NA,NA,NA,NA,NA,NA,NA,NA,NA,NA,NA,NA,NA
1777,1,45,47.55,NA,NA,NA,NA,NA,NA,NA,NA,NA,NA,NA,NA,NA,NA,NA,NA,NA,NA,NA,NA,NA,NA
1777,2,36.5,56.09,NA,NA,NA,NA,NA,NA,NA,NA,NA,NA,NA,NA,NA,NA,NA,NA,NA,NA,NA,NA,NA,NA
1777,3,39,63.17,NA,NA,NA,NA,NA,NA,NA,NA,NA,NA,NA,NA,NA,NA,NA,NA,NA,NA,NA,NA,NA,NA
1777,4,95.5,70.13,NA,NA,NA,NA,NA,NA,NA,NA,NA,NA,NA,NA,NA,NA,NA,NA,NA,NA,NA,NA,NA,NA
1777,5,80.3,79.05,NA,NA,NA,NA,NA,NA,NA,NA,NA,NA,NA,NA,NA,NA,NA,NA,NA,NA,NA,NA,NA,NA
1777,6,80.7,88.46,NA,NA,NA,NA,NA,NA,NA,NA,NA,NA,NA,NA,NA,NA,NA,NA,NA,NA,NA,NA,NA,NA
1777,7,95,99.02,NA,NA,NA,NA,NA,NA,NA,NA,NA,NA,NA,NA,NA,NA,NA,NA,NA,NA,NA,NA,NA,NA
1777,8,112,103.97,NA,NA,NA,NA,NA,NA,NA,NA,NA,NA,NA,NA,NA,NA,NA,NA,NA,NA,NA,NA,NA,NA
1777,9,116.2,111.47,NA,NA,NA,NA,NA,NA,NA,NA,NA,NA,NA,NA,NA,NA,NA,NA,NA,NA,NA,NA,NA,NA
1777,10,106.5,119.62,NA,NA,NA,NA,NA,NA,NA,NA,NA,NA,NA,NA,NA,NA,NA,NA,NA,NA,NA,NA,NA,NA
1777,11,146,130.65,NA,NA,NA,NA,NA,NA,NA,NA,NA,NA,NA,NA,NA,NA,NA,NA,NA,NA,NA,NA,NA,NA
1777,12,157.3,137.68,NA,NA,NA,NA,NA,NA,NA,NA,NA,NA,NA,NA,NA,NA,NA,NA,NA,NA,NA,NA,NA,NA
1778,1,177.3,143.24,NA,NA,NA,NA,NA,NA,NA,NA,NA,NA,NA,NA,NA,NA,NA,NA,NA,NA,NA,NA,NA,NA
1778,2,109.3,146.7,NA,NA,NA,NA,NA,NA,NA,NA,NA,NA,NA,NA,NA,NA,NA,NA,NA,NA,NA,NA,NA,NA
1778,3,134,151.29,NA,NA,NA,NA,NA,NA,NA,NA,NA,NA,NA,NA,NA,NA,NA,NA,NA,NA,NA,NA,NA,NA
1778,4,145,154.38,NA,NA,NA,NA,NA,NA,NA,NA,NA,NA,NA,NA,NA,NA,NA,NA,NA,NA,NA,NA,NA,NA
1778,5,238.9,157.75,NA,NA,NA,NA,NA,NA,NA,NA,NA,NA,NA,NA,NA,NA,NA,NA,NA,NA,NA,NA,NA,NA
1778,6,171.6,154.59,NA,NA,NA,NA,NA,NA,NA,NA,NA,NA,NA,NA,NA,NA,NA,NA,NA,NA,NA,NA,NA,NA
1778,7,153,151.32,NA,NA,NA,NA,NA,NA,NA,NA,NA,NA,NA,NA,NA,NA,NA,NA,NA,NA,NA,NA,NA,NA
1778,8,140,150.42,NA,NA,NA,NA,NA,NA,NA,NA,NA,NA,NA,NA,NA,NA,NA,NA,NA,NA,NA,NA,NA,NA
1778,9,171.7,151.09,NA,NA,NA,NA,NA,NA,NA,NA,NA,NA,NA,NA,NA,NA,NA,NA,NA,NA,NA,NA,NA,NA
1778,10,156.3,151.94,NA,NA,NA,NA,NA,NA,NA,NA,NA,NA,NA,NA,NA,NA,NA,NA,NA,NA,NA,NA,NA,NA
1778,11,150.3,151.55,NA,NA,NA,NA,NA,NA,NA,NA,NA,NA,NA,NA,NA,NA,NA,NA,NA,NA,NA,NA,NA,NA
1778,12,105,141.92,NA,NA,NA,NA,NA,NA,NA,NA,NA,NA,NA,NA,NA,NA,NA,NA,NA,NA,NA,NA,NA,NA
1779,1,114.7,139.72,NA,NA,NA,NA,NA,NA,NA,NA,NA,NA,NA,NA,NA,NA,NA,NA,NA,NA,NA,NA,NA,NA
1779,2,165.7,136.57,NA,NA,NA,NA,NA,NA,NA,NA,NA,NA,NA,NA,NA,NA,NA,NA,NA,NA,NA,NA,NA,NA
1779,3,118,134.34,NA,NA,NA,NA,NA,NA,NA,NA,NA,NA,NA,NA,NA,NA,NA,NA,NA,NA,NA,NA,NA,NA
1779,4,145,130.67,NA,NA,NA,NA,NA,NA,NA,NA,NA,NA,NA,NA,NA,NA,NA,NA,NA,NA,NA,NA,NA,NA
1779,5,140,127.42,NA,NA,NA,NA,NA,NA,NA,NA,NA,NA,NA,NA,NA,NA,NA,NA,NA,NA,NA,NA,NA,NA
1779,6,113.7,124.32,NA,NA,NA,NA,NA,NA,NA,NA,NA,NA,NA,NA,NA,NA,NA,NA,NA,NA,NA,NA,NA,NA
1779,7,143,121.62,NA,NA,NA,NA,NA,NA,NA,NA,NA,NA,NA,NA,NA,NA,NA,NA,NA,NA,NA,NA,NA,NA
1779,8,112,120.34,NA,NA,NA,NA,NA,NA,NA,NA,NA,NA,NA,NA,NA,NA,NA,NA,NA,NA,NA,NA,NA,NA
1779,9,111,115.13,NA,NA,NA,NA,NA,NA,NA,NA,NA,NA,NA,NA,NA,NA,NA,NA,NA,NA,NA,NA,NA,NA
1779,10,124,113.36,NA,NA,NA,NA,NA,NA,NA,NA,NA,NA,NA,NA,NA,NA,NA,NA,NA,NA,NA,NA,NA,NA
1779,11,114,110.45,NA,NA,NA,NA,NA,NA,NA,NA,NA,NA,NA,NA,NA,NA,NA,NA,NA,NA,NA,NA,NA,NA
1779,12,110,106.45,NA,NA,NA,NA,NA,NA,NA,NA,NA,NA,NA,NA,NA,NA,NA,NA,NA,NA,NA,NA,NA,NA
1780,1,70,104.32,NA,NA,NA,NA,NA,NA,NA,NA,NA,NA,NA,NA,NA,NA,NA,NA,NA,NA,NA,NA,NA,NA
1780,2,98,99.94,NA,NA,NA,NA,NA,NA,NA,NA,NA,NA,NA,NA,NA,NA,NA,NA,NA,NA,NA,NA,NA,NA
1780,3,98,98.53,NA,NA,NA,NA,NA,NA,NA,NA,NA,NA,NA,NA,NA,NA,NA,NA,NA,NA,NA,NA,NA,NA
1780,4,95,95.92,NA,NA,NA,NA,NA,NA,NA,NA,NA,NA,NA,NA,NA,NA,NA,NA,NA,NA,NA,NA,NA,NA
1780,5,107.2,90.99,NA,NA,NA,NA,NA,NA,NA,NA,NA,NA,NA,NA,NA,NA,NA,NA,NA,NA,NA,NA,NA,NA
1780,6,88,86.74,NA,NA,NA,NA,NA,NA,NA,NA,NA,NA,NA,NA,NA,NA,NA,NA,NA,NA,NA,NA,NA,NA
1780,7,86,85.87,NA,NA,NA,NA,NA,NA,NA,NA,NA,NA,NA,NA,NA,NA,NA,NA,NA,NA,NA,NA,NA,NA
1780,8,86,86.23,NA,NA,NA,NA,NA,NA,NA,NA,NA,NA,NA,NA,NA,NA,NA,NA,NA,NA,NA,NA,NA,NA
1780,9,93.7,82.77,NA,NA,NA,NA,NA,NA,NA,NA,NA,NA,NA,NA,NA,NA,NA,NA,NA,NA,NA,NA,NA,NA
1780,10,77,80.48,NA,NA,NA,NA,NA,NA,NA,NA,NA,NA,NA,NA,NA,NA,NA,NA,NA,NA,NA,NA,NA,NA
1780,11,60,81.23,NA,NA,NA,NA,NA,NA,NA,NA,NA,NA,NA,NA,NA,NA,NA,NA,NA,NA,NA,NA,NA,NA
1780,12,58.7,80.5,NA,NA,NA,NA,NA,NA,NA,NA,NA,NA,NA,NA,NA,NA,NA,NA,NA,NA,NA,NA,NA,NA
1781,1,98.7,79.38,NA,NA,NA,NA,NA,NA,NA,NA,NA,NA,NA,NA,NA,NA,NA,NA,NA,NA,NA,NA,NA,NA
1781,2,74.7,77.85,NA,NA,NA,NA,NA,NA,NA,NA,NA,NA,NA,NA,NA,NA,NA,NA,NA,NA,NA,NA,NA,NA
1781,3,53,75.15,NA,NA,NA,NA,NA,NA,NA,NA,NA,NA,NA,NA,NA,NA,NA,NA,NA,NA,NA,NA,NA,NA
1781,4,68.3,70.05,NA,NA,NA,NA,NA,NA,NA,NA,NA,NA,NA,NA,NA,NA,NA,NA,NA,NA,NA,NA,NA,NA
1781,5,104.7,69.28,NA,NA,NA,NA,NA,NA,NA,NA,NA,NA,NA,NA,NA,NA,NA,NA,NA,NA,NA,NA,NA,NA
1781,6,97.7,67.37,NA,NA,NA,NA,NA,NA,NA,NA,NA,NA,NA,NA,NA,NA,NA,NA,NA,NA,NA,NA,NA,NA
1781,7,73.5,67.01,NA,NA,NA,NA,NA,NA,NA,NA,NA,NA,NA,NA,NA,NA,NA,NA,NA,NA,NA,NA,NA,NA
1781,8,66,62.3,NA,NA,NA,NA,NA,NA,NA,NA,NA,NA,NA,NA,NA,NA,NA,NA,NA,NA,NA,NA,NA,NA
1781,9,51,59.4,NA,NA,NA,NA,NA,NA,NA,NA,NA,NA,NA,NA,NA,NA,NA,NA,NA,NA,NA,NA,NA,NA
1781,10,27.3,58.48,NA,NA,NA,NA,NA,NA,NA,NA,NA,NA,NA,NA,NA,NA,NA,NA,NA,NA,NA,NA,NA,NA
1781,11,67,57.4,NA,NA,NA,NA,NA,NA,NA,NA,NA,NA,NA,NA,NA,NA,NA,NA,NA,NA,NA,NA,NA,NA
1781,12,35.2,52.27,NA,NA,NA,NA,NA,NA,NA,NA,NA,NA,NA,NA,NA,NA,NA,NA,NA,NA,NA,NA,NA,NA
1782,1,54,47.6,NA,NA,NA,NA,NA,NA,NA,NA,NA,NA,NA,NA,NA,NA,NA,NA,NA,NA,NA,NA,NA,NA
1782,2,37.5,45.33,NA,NA,NA,NA,NA,NA,NA,NA,NA,NA,NA,NA,NA,NA,NA,NA,NA,NA,NA,NA,NA,NA
1782,3,37,42.87,NA,NA,NA,NA,NA,NA,NA,NA,NA,NA,NA,NA,NA,NA,NA,NA,NA,NA,NA,NA,NA,NA
1782,4,41,40.73,NA,NA,NA,NA,NA,NA,NA,NA,NA,NA,NA,NA,NA,NA,NA,NA,NA,NA,NA,NA,NA,NA
1782,5,54.3,41.05,NA,NA,NA,NA,NA,NA,NA,NA,NA,NA,NA,NA,NA,NA,NA,NA,NA,NA,NA,NA,NA,NA
1782,6,38,38.21,NA,NA,NA,NA,NA,NA,NA,NA,NA,NA,NA,NA,NA,NA,NA,NA,NA,NA,NA,NA,NA,NA
1782,7,37,37.65,NA,NA,NA,NA,NA,NA,NA,NA,NA,NA,NA,NA,NA,NA,NA,NA,NA,NA,NA,NA,NA,NA
1782,8,44,36.48,NA,NA,NA,NA,NA,NA,NA,NA,NA,NA,NA,NA,NA,NA,NA,NA,NA,NA,NA,NA,NA,NA
1782,9,34,35.65,NA,NA,NA,NA,NA,NA,NA,NA,NA,NA,NA,NA,NA,NA,NA,NA,NA,NA,NA,NA,NA,NA
1782,10,23.2,34.98,NA,NA,NA,NA,NA,NA,NA,NA,NA,NA,NA,NA,NA,NA,NA,NA,NA,NA,NA,NA,NA,NA
1782,11,31.5,33.59,NA,NA,NA,NA,NA,NA,NA,NA,NA,NA,NA,NA,NA,NA,NA,NA,NA,NA,NA,NA,NA,NA
1782,12,30,31.35,NA,NA,NA,NA,NA,NA,NA,NA,NA,NA,NA,NA,NA,NA,NA,NA,NA,NA,NA,NA,NA,NA
1783,1,28,30.91,NA,NA,NA,NA,NA,NA,NA,NA,NA,NA,NA,NA,NA,NA,NA,NA,NA,NA,NA,NA,NA,NA
1783,2,38.7,29.6,NA,NA,NA,NA,NA,NA,NA,NA,NA,NA,NA,NA,NA,NA,NA,NA,NA,NA,NA,NA,NA,NA
1783,3,26.7,27.6,NA,NA,NA,NA,NA,NA,NA,NA,NA,NA,NA,NA,NA,NA,NA,NA,NA,NA,NA,NA,NA,NA
1783,4,28.3,25.6,NA,NA,NA,NA,NA,NA,NA,NA,NA,NA,NA,NA,NA,NA,NA,NA,NA,NA,NA,NA,NA,NA
1783,5,23,24.97,NA,NA,NA,NA,NA,NA,NA,NA,NA,NA,NA,NA,NA,NA,NA,NA,NA,NA,NA,NA,NA,NA
1783,6,25.2,23.35,NA,NA,NA,NA,NA,NA,NA,NA,NA,NA,NA,NA,NA,NA,NA,NA,NA,NA,NA,NA,NA,NA
1783,7,32.2,22.05,NA,NA,NA,NA,NA,NA,NA,NA,NA,NA,NA,NA,NA,NA,NA,NA,NA,NA,NA,NA,NA,NA
1783,8,20,20.51,NA,NA,NA,NA,NA,NA,NA,NA,NA,NA,NA,NA,NA,NA,NA,NA,NA,NA,NA,NA,NA,NA
1783,9,18,18.38,NA,NA,NA,NA,NA,NA,NA,NA,NA,NA,NA,NA,NA,NA,NA,NA,NA,NA,NA,NA,NA,NA
1783,10,8,17.09,NA,NA,NA,NA,NA,NA,NA,NA,NA,NA,NA,NA,NA,NA,NA,NA,NA,NA,NA,NA,NA,NA
1783,11,15,15.38,NA,NA,NA,NA,NA,NA,NA,NA,NA,NA,NA,NA,NA,NA,NA,NA,NA,NA,NA,NA,NA,NA
1783,12,10.5,14.3,NA,NA,NA,NA,NA,NA,NA,NA,NA,NA,NA,NA,NA,NA,NA,NA,NA,NA,NA,NA,NA,NA
1784,1,13,12.82,NA,NA,NA,NA,NA,NA,NA,NA,NA,NA,NA,NA,NA,NA,NA,NA,NA,NA,NA,NA,NA,NA
1784,2,8,11.12,NA,NA,NA,NA,NA,NA,NA,NA,NA,NA,NA,NA,NA,NA,NA,NA,NA,NA,NA,NA,NA,NA
1784,3,11,10.35,NA,NA,NA,NA,NA,NA,NA,NA,NA,NA,NA,NA,NA,NA,NA,NA,NA,NA,NA,NA,NA,NA
1784,4,10,9.58,NA,NA,NA,NA,NA,NA,NA,NA,NA,NA,NA,NA,NA,NA,NA,NA,NA,NA,NA,NA,NA,NA
1784,5,6,10.27,NA,NA,NA,NA,NA,NA,NA,NA,NA,NA,NA,NA,NA,NA,NA,NA,NA,NA,NA,NA,NA,NA
1784,6,9,10.19,NA,NA,NA,NA,NA,NA,NA,NA,NA,NA,NA,NA,NA,NA,NA,NA,NA,NA,NA,NA,NA,NA
1784,7,6,9.88,NA,NA,NA,NA,NA,NA,NA,NA,NA,NA,NA,NA,NA,NA,NA,NA,NA,NA,NA,NA,NA,NA
1784,8,10,9.5,NA,NA,NA,NA,NA,NA,NA,NA,NA,NA,NA,NA,NA,NA,NA,NA,NA,NA,NA,NA,NA,NA
1784,9,10,9.58,NA,NA,NA,NA,NA,NA,NA,NA,NA,NA,NA,NA,NA,NA,NA,NA,NA,NA,NA,NA,NA,NA
1784,10,8,9.94,NA,NA,NA,NA,NA,NA,NA,NA,NA,NA,NA,NA,NA,NA,NA,NA,NA,NA,NA,NA,NA,NA
1784,11,17,10.76,NA,NA,NA,NA,NA,NA,NA,NA,NA,NA,NA,NA,NA,NA,NA,NA,NA,NA,NA,NA,NA,NA
1784,12,14,12.32,NA,NA,NA,NA,NA,NA,NA,NA,NA,NA,NA,NA,NA,NA,NA,NA,NA,NA,NA,NA,NA,NA
1785,1,6.5,14.42,NA,NA,NA,NA,NA,NA,NA,NA,NA,NA,NA,NA,NA,NA,NA,NA,NA,NA,NA,NA,NA,NA
1785,2,8,15.5,NA,NA,NA,NA,NA,NA,NA,NA,NA,NA,NA,NA,NA,NA,NA,NA,NA,NA,NA,NA,NA,NA
1785,3,9,17.19,NA,NA,NA,NA,NA,NA,NA,NA,NA,NA,NA,NA,NA,NA,NA,NA,NA,NA,NA,NA,NA,NA
1785,4,15.7,20.05,NA,NA,NA,NA,NA,NA,NA,NA,NA,NA,NA,NA,NA,NA,NA,NA,NA,NA,NA,NA,NA,NA
1785,5,20.7,22.53,NA,NA,NA,NA,NA,NA,NA,NA,NA,NA,NA,NA,NA,NA,NA,NA,NA,NA,NA,NA,NA,NA
1785,6,26.3,23.32,NA,NA,NA,NA,NA,NA,NA,NA,NA,NA,NA,NA,NA,NA,NA,NA,NA,NA,NA,NA,NA,NA
1785,7,36.3,25.11,NA,NA,NA,NA,NA,NA,NA,NA,NA,NA,NA,NA,NA,NA,NA,NA,NA,NA,NA,NA,NA,NA
1785,8,20,28.27,NA,NA,NA,NA,NA,NA,NA,NA,NA,NA,NA,NA,NA,NA,NA,NA,NA,NA,NA,NA,NA,NA
1785,9,32,31.32,NA,NA,NA,NA,NA,NA,NA,NA,NA,NA,NA,NA,NA,NA,NA,NA,NA,NA,NA,NA,NA,NA
1785,10,47.2,37.2,NA,NA,NA,NA,NA,NA,NA,NA,NA,NA,NA,NA,NA,NA,NA,NA,NA,NA,NA,NA,NA,NA
1785,11,40.2,43.09,NA,NA,NA,NA,NA,NA,NA,NA,NA,NA,NA,NA,NA,NA,NA,NA,NA,NA,NA,NA,NA,NA
1785,12,27.3,46.04,NA,NA,NA,NA,NA,NA,NA,NA,NA,NA,NA,NA,NA,NA,NA,NA,NA,NA,NA,NA,NA,NA
1786,1,37.2,50.4,NA,NA,NA,NA,NA,NA,NA,NA,NA,NA,NA,NA,NA,NA,NA,NA,NA,NA,NA,NA,NA,NA
1786,2,47.6,54.51,NA,NA,NA,NA,NA,NA,NA,NA,NA,NA,NA,NA,NA,NA,NA,NA,NA,NA,NA,NA,NA,NA
1786,3,47.7,61.55,NA,NA,NA,NA,NA,NA,NA,NA,NA,NA,NA,NA,NA,NA,NA,NA,NA,NA,NA,NA,NA,NA
1786,4,85.4,67.72,NA,NA,NA,NA,NA,NA,NA,NA,NA,NA,NA,NA,NA,NA,NA,NA,NA,NA,NA,NA,NA,NA
1786,5,92.3,73.02,NA,NA,NA,NA,NA,NA,NA,NA,NA,NA,NA,NA,NA,NA,NA,NA,NA,NA,NA,NA,NA,NA
1786,6,59,78.59,NA,NA,NA,NA,NA,NA,NA,NA,NA,NA,NA,NA,NA,NA,NA,NA,NA,NA,NA,NA,NA,NA
1786,7,83,86.85,NA,NA,NA,NA,NA,NA,NA,NA,NA,NA,NA,NA,NA,NA,NA,NA,NA,NA,NA,NA,NA,NA
1786,8,89.7,92.15,NA,NA,NA,NA,NA,NA,NA,NA,NA,NA,NA,NA,NA,NA,NA,NA,NA,NA,NA,NA,NA,NA
1786,9,111.5,95.21,NA,NA,NA,NA,NA,NA,NA,NA,NA,NA,NA,NA,NA,NA,NA,NA,NA,NA,NA,NA,NA,NA
1786,10,112.3,101.32,NA,NA,NA,NA,NA,NA,NA,NA,NA,NA,NA,NA,NA,NA,NA,NA,NA,NA,NA,NA,NA,NA
1786,11,116,105.12,NA,NA,NA,NA,NA,NA,NA,NA,NA,NA,NA,NA,NA,NA,NA,NA,NA,NA,NA,NA,NA,NA
1786,12,112.7,105.65,NA,NA,NA,NA,NA,NA,NA,NA,NA,NA,NA,NA,NA,NA,NA,NA,NA,NA,NA,NA,NA,NA
1787,1,134.7,110.96,NA,NA,NA,NA,NA,NA,NA,NA,NA,NA,NA,NA,NA,NA,NA,NA,NA,NA,NA,NA,NA,NA
1787,2,106,115.13,NA,NA,NA,NA,NA,NA,NA,NA,NA,NA,NA,NA,NA,NA,NA,NA,NA,NA,NA,NA,NA,NA
1787,3,87.4,120.33,NA,NA,NA,NA,NA,NA,NA,NA,NA,NA,NA,NA,NA,NA,NA,NA,NA,NA,NA,NA,NA,NA
1787,4,127.2,123.83,NA,NA,NA,NA,NA,NA,NA,NA,NA,NA,NA,NA,NA,NA,NA,NA,NA,NA,NA,NA,NA,NA
1787,5,134.8,126.08,NA,NA,NA,NA,NA,NA,NA,NA,NA,NA,NA,NA,NA,NA,NA,NA,NA,NA,NA,NA,NA,NA
1787,6,99.2,130.54,NA,NA,NA,NA,NA,NA,NA,NA,NA,NA,NA,NA,NA,NA,NA,NA,NA,NA,NA,NA,NA,NA
1787,7,128,132.48,NA,NA,NA,NA,NA,NA,NA,NA,NA,NA,NA,NA,NA,NA,NA,NA,NA,NA,NA,NA,NA,NA
1787,8,137.2,132.06,NA,NA,NA,NA,NA,NA,NA,NA,NA,NA,NA,NA,NA,NA,NA,NA,NA,NA,NA,NA,NA,NA
1787,9,157.3,134.93,NA,NA,NA,NA,NA,NA,NA,NA,NA,NA,NA,NA,NA,NA,NA,NA,NA,NA,NA,NA,NA,NA
1787,10,157,136.55,NA,NA,NA,NA,NA,NA,NA,NA,NA,NA,NA,NA,NA,NA,NA,NA,NA,NA,NA,NA,NA,NA
1787,11,141.5,135.46,NA,NA,NA,NA,NA,NA,NA,NA,NA,NA,NA,NA,NA,NA,NA,NA,NA,NA,NA,NA,NA,NA
1787,12,174,136.95,NA,NA,NA,NA,NA,NA,NA,NA,NA,NA,NA,NA,NA,NA,NA,NA,NA,NA,NA,NA,NA,NA
1788,1,138,140.21,NA,NA,NA,NA,NA,NA,NA,NA,NA,NA,NA,NA,NA,NA,NA,NA,NA,NA,NA,NA,NA,NA
1788,2,129.2,140.82,NA,NA,NA,NA,NA,NA,NA,NA,NA,NA,NA,NA,NA,NA,NA,NA,NA,NA,NA,NA,NA,NA
1788,3,143.3,141.12,NA,NA,NA,NA,NA,NA,NA,NA,NA,NA,NA,NA,NA,NA,NA,NA,NA,NA,NA,NA,NA,NA
1788,4,108.5,139.94,NA,NA,NA,NA,NA,NA,NA,NA,NA,NA,NA,NA,NA,NA,NA,NA,NA,NA,NA,NA,NA,NA
1788,5,113,135.15,NA,NA,NA,NA,NA,NA,NA,NA,NA,NA,NA,NA,NA,NA,NA,NA,NA,NA,NA,NA,NA,NA
1788,6,154.2,134.22,NA,NA,NA,NA,NA,NA,NA,NA,NA,NA,NA,NA,NA,NA,NA,NA,NA,NA,NA,NA,NA,NA
1788,7,141.5,129.61,NA,NA,NA,NA,NA,NA,NA,NA,NA,NA,NA,NA,NA,NA,NA,NA,NA,NA,NA,NA,NA,NA
1788,8,136,128.63,NA,NA,NA,NA,NA,NA,NA,NA,NA,NA,NA,NA,NA,NA,NA,NA,NA,NA,NA,NA,NA,NA
1788,9,141,127.92,NA,NA,NA,NA,NA,NA,NA,NA,NA,NA,NA,NA,NA,NA,NA,NA,NA,NA,NA,NA,NA,NA
1788,10,142,126.38,NA,NA,NA,NA,NA,NA,NA,NA,NA,NA,NA,NA,NA,NA,NA,NA,NA,NA,NA,NA,NA,NA
1788,11,94.7,127.54,NA,NA,NA,NA,NA,NA,NA,NA,NA,NA,NA,NA,NA,NA,NA,NA,NA,NA,NA,NA,NA,NA
1788,12,129.5,128.08,NA,NA,NA,NA,NA,NA,NA,NA,NA,NA,NA,NA,NA,NA,NA,NA,NA,NA,NA,NA,NA,NA
1789,1,114,125.22,NA,NA,NA,NA,NA,NA,NA,NA,NA,NA,NA,NA,NA,NA,NA,NA,NA,NA,NA,NA,NA,NA
1789,2,125.3,122.25,NA,NA,NA,NA,NA,NA,NA,NA,NA,NA,NA,NA,NA,NA,NA,NA,NA,NA,NA,NA,NA,NA
1789,3,120,120.41,NA,NA,NA,NA,NA,NA,NA,NA,NA,NA,NA,NA,NA,NA,NA,NA,NA,NA,NA,NA,NA,NA
1789,4,123.3,116.46,NA,NA,NA,NA,NA,NA,NA,NA,NA,NA,NA,NA,NA,NA,NA,NA,NA,NA,NA,NA,NA,NA
1789,5,123.5,115.85,NA,NA,NA,NA,NA,NA,NA,NA,NA,NA,NA,NA,NA,NA,NA,NA,NA,NA,NA,NA,NA,NA
1789,6,120,118.98,NA,NA,NA,NA,NA,NA,NA,NA,NA,NA,NA,NA,NA,NA,NA,NA,NA,NA,NA,NA,NA,NA
1789,7,117,116.95,NA,NA,NA,NA,NA,NA,NA,NA,NA,NA,NA,NA,NA,NA,NA,NA,NA,NA,NA,NA,NA,NA
1789,8,103,117.98,NA,NA,NA,NA,NA,NA,NA,NA,NA,NA,NA,NA,NA,NA,NA,NA,NA,NA,NA,NA,NA,NA
1789,9,112,115.75,NA,NA,NA,NA,NA,NA,NA,NA,NA,NA,NA,NA,NA,NA,NA,NA,NA,NA,NA,NA,NA,NA
1789,10,89.7,113.75,NA,NA,NA,NA,NA,NA,NA,NA,NA,NA,NA,NA,NA,NA,NA,NA,NA,NA,NA,NA,NA,NA
1789,11,134,111.42,NA,NA,NA,NA,NA,NA,NA,NA,NA,NA,NA,NA,NA,NA,NA,NA,NA,NA,NA,NA,NA,NA
1789,12,135.5,108.92,NA,NA,NA,NA,NA,NA,NA,NA,NA,NA,NA,NA,NA,NA,NA,NA,NA,NA,NA,NA,NA,NA
1790,1,103,105.02,NA,NA,NA,NA,NA,NA,NA,NA,NA,NA,NA,NA,NA,NA,NA,NA,NA,NA,NA,NA,NA,NA
1790,2,127.5,102.72,NA,NA,NA,NA,NA,NA,NA,NA,NA,NA,NA,NA,NA,NA,NA,NA,NA,NA,NA,NA,NA,NA
1790,3,96.3,100.74,NA,NA,NA,NA,NA,NA,NA,NA,NA,NA,NA,NA,NA,NA,NA,NA,NA,NA,NA,NA,NA,NA
1790,4,94,98.61,NA,NA,NA,NA,NA,NA,NA,NA,NA,NA,NA,NA,NA,NA,NA,NA,NA,NA,NA,NA,NA,NA
1790,5,93,98.02,NA,NA,NA,NA,NA,NA,NA,NA,NA,NA,NA,NA,NA,NA,NA,NA,NA,NA,NA,NA,NA,NA
1790,6,91,93.4,NA,NA,NA,NA,NA,NA,NA,NA,NA,NA,NA,NA,NA,NA,NA,NA,NA,NA,NA,NA,NA,NA
1790,7,69.3,88.57,NA,NA,NA,NA,NA,NA,NA,NA,NA,NA,NA,NA,NA,NA,NA,NA,NA,NA,NA,NA,NA,NA
1790,8,87,85.42,NA,NA,NA,NA,NA,NA,NA,NA,NA,NA,NA,NA,NA,NA,NA,NA,NA,NA,NA,NA,NA,NA
1790,9,77.3,81.3,NA,NA,NA,NA,NA,NA,NA,NA,NA,NA,NA,NA,NA,NA,NA,NA,NA,NA,NA,NA,NA,NA
1790,10,84.3,79.83,NA,NA,NA,NA,NA,NA,NA,NA,NA,NA,NA,NA,NA,NA,NA,NA,NA,NA,NA,NA,NA,NA
1790,11,82,78.27,NA,NA,NA,NA,NA,NA,NA,NA,NA,NA,NA,NA,NA,NA,NA,NA,NA,NA,NA,NA,NA,NA
1790,12,74,76.05,NA,NA,NA,NA,NA,NA,NA,NA,NA,NA,NA,NA,NA,NA,NA,NA,NA,NA,NA,NA,NA,NA
1791,1,72.7,74.52,NA,NA,NA,NA,NA,NA,NA,NA,NA,NA,NA,NA,NA,NA,NA,NA,NA,NA,NA,NA,NA,NA
1791,2,62,72.49,NA,NA,NA,NA,NA,NA,NA,NA,NA,NA,NA,NA,NA,NA,NA,NA,NA,NA,NA,NA,NA,NA
1791,3,74,70.92,NA,NA,NA,NA,NA,NA,NA,NA,NA,NA,NA,NA,NA,NA,NA,NA,NA,NA,NA,NA,NA,NA
1791,4,77.2,69.72,NA,NA,NA,NA,NA,NA,NA,NA,NA,NA,NA,NA,NA,NA,NA,NA,NA,NA,NA,NA,NA,NA
1791,5,73.7,68.38,NA,NA,NA,NA,NA,NA,NA,NA,NA,NA,NA,NA,NA,NA,NA,NA,NA,NA,NA,NA,NA,NA
1791,6,64.2,67.15,NA,NA,NA,NA,NA,NA,NA,NA,NA,NA,NA,NA,NA,NA,NA,NA,NA,NA,NA,NA,NA,NA
1791,7,71,65.92,NA,NA,NA,NA,NA,NA,NA,NA,NA,NA,NA,NA,NA,NA,NA,NA,NA,NA,NA,NA,NA,NA
1791,8,43,65.25,NA,NA,NA,NA,NA,NA,NA,NA,NA,NA,NA,NA,NA,NA,NA,NA,NA,NA,NA,NA,NA,NA
1791,9,66.5,65.33,NA,NA,NA,NA,NA,NA,NA,NA,NA,NA,NA,NA,NA,NA,NA,NA,NA,NA,NA,NA,NA,NA
1791,10,61.7,65.46,NA,NA,NA,NA,NA,NA,NA,NA,NA,NA,NA,NA,NA,NA,NA,NA,NA,NA,NA,NA,NA,NA
1791,11,67,64.29,NA,NA,NA,NA,NA,NA,NA,NA,NA,NA,NA,NA,NA,NA,NA,NA,NA,NA,NA,NA,NA,NA
1791,12,66,63.32,NA,NA,NA,NA,NA,NA,NA,NA,NA,NA,NA,NA,NA,NA,NA,NA,NA,NA,NA,NA,NA,NA
1792,1,58,61.9,NA,NA,NA,NA,NA,NA,NA,NA,NA,NA,NA,NA,NA,NA,NA,NA,NA,NA,NA,NA,NA,NA
1792,2,64,61.05,NA,NA,NA,NA,NA,NA,NA,NA,NA,NA,NA,NA,NA,NA,NA,NA,NA,NA,NA,NA,NA,NA
1792,3,63,62.28,NA,NA,NA,NA,NA,NA,NA,NA,NA,NA,NA,NA,NA,NA,NA,NA,NA,NA,NA,NA,NA,NA
1792,4,75.7,61.71,NA,NA,NA,NA,NA,NA,NA,NA,NA,NA,NA,NA,NA,NA,NA,NA,NA,NA,NA,NA,NA,NA
1792,5,62,61.35,NA,NA,NA,NA,NA,NA,NA,NA,NA,NA,NA,NA,NA,NA,NA,NA,NA,NA,NA,NA,NA,NA
1792,6,61,60.5,NA,NA,NA,NA,NA,NA,NA,NA,NA,NA,NA,NA,NA,NA,NA,NA,NA,NA,NA,NA,NA,NA
1792,7,45.8,59.73,NA,NA,NA,NA,NA,NA,NA,NA,NA,NA,NA,NA,NA,NA,NA,NA,NA,NA,NA,NA,NA,NA
1792,8,60,59.5,NA,NA,NA,NA,NA,NA,NA,NA,NA,NA,NA,NA,NA,NA,NA,NA,NA,NA,NA,NA,NA,NA
1792,9,59,58.85,NA,NA,NA,NA,NA,NA,NA,NA,NA,NA,NA,NA,NA,NA,NA,NA,NA,NA,NA,NA,NA,NA
1792,10,59,58.08,NA,NA,NA,NA,NA,NA,NA,NA,NA,NA,NA,NA,NA,NA,NA,NA,NA,NA,NA,NA,NA,NA
1792,11,57,56.28,NA,NA,NA,NA,NA,NA,NA,NA,NA,NA,NA,NA,NA,NA,NA,NA,NA,NA,NA,NA,NA,NA
1792,12,56,55.43,NA,NA,NA,NA,NA,NA,NA,NA,NA,NA,NA,NA,NA,NA,NA,NA,NA,NA,NA,NA,NA,NA
1793,1,56,54.58,NA,NA,NA,NA,NA,NA,NA,NA,NA,NA,NA,NA,NA,NA,NA,NA,NA,NA,NA,NA,NA,NA
1793,2,55,53.32,NA,NA,NA,NA,NA,NA,NA,NA,NA,NA,NA,NA,NA,NA,NA,NA,NA,NA,NA,NA,NA,NA
1793,3,55.5,50.55,NA,NA,NA,NA,NA,NA,NA,NA,NA,NA,NA,NA,NA,NA,NA,NA,NA,NA,NA,NA,NA,NA
1793,4,53,49.62,NA,NA,NA,NA,NA,NA,NA,NA,NA,NA,NA,NA,NA,NA,NA,NA,NA,NA,NA,NA,NA,NA
1793,5,52.3,48.47,NA,NA,NA,NA,NA,NA,NA,NA,NA,NA,NA,NA,NA,NA,NA,NA,NA,NA,NA,NA,NA,NA
1793,6,51,47.6,NA,NA,NA,NA,NA,NA,NA,NA,NA,NA,NA,NA,NA,NA,NA,NA,NA,NA,NA,NA,NA,NA
1793,7,50,46.75,NA,NA,NA,NA,NA,NA,NA,NA,NA,NA,NA,NA,NA,NA,NA,NA,NA,NA,NA,NA,NA,NA
1793,8,29.3,45.83,NA,NA,NA,NA,NA,NA,NA,NA,NA,NA,NA,NA,NA,NA,NA,NA,NA,NA,NA,NA,NA,NA
1793,9,24,44.52,NA,NA,NA,NA,NA,NA,NA,NA,NA,NA,NA,NA,NA,NA,NA,NA,NA,NA,NA,NA,NA,NA
1793,10,47,42.44,NA,NA,NA,NA,NA,NA,NA,NA,NA,NA,NA,NA,NA,NA,NA,NA,NA,NA,NA,NA,NA,NA
1793,11,44,42.65,NA,NA,NA,NA,NA,NA,NA,NA,NA,NA,NA,NA,NA,NA,NA,NA,NA,NA,NA,NA,NA,NA
1793,12,45.7,41.82,NA,NA,NA,NA,NA,NA,NA,NA,NA,NA,NA,NA,NA,NA,NA,NA,NA,NA,NA,NA,NA,NA
1794,1,45,41.05,NA,NA,NA,NA,NA,NA,NA,NA,NA,NA,NA,NA,NA,NA,NA,NA,NA,NA,NA,NA,NA,NA
1794,2,44,40.28,NA,NA,NA,NA,NA,NA,NA,NA,NA,NA,NA,NA,NA,NA,NA,NA,NA,NA,NA,NA,NA,NA
1794,3,38,38.88,NA,NA,NA,NA,NA,NA,NA,NA,NA,NA,NA,NA,NA,NA,NA,NA,NA,NA,NA,NA,NA,NA
1794,4,28.4,39.22,NA,NA,NA,NA,NA,NA,NA,NA,NA,NA,NA,NA,NA,NA,NA,NA,NA,NA,NA,NA,NA,NA
1794,5,55.7,40.79,NA,NA,NA,NA,NA,NA,NA,NA,NA,NA,NA,NA,NA,NA,NA,NA,NA,NA,NA,NA,NA,NA
1794,6,41.5,41.36,NA,NA,NA,NA,NA,NA,NA,NA,NA,NA,NA,NA,NA,NA,NA,NA,NA,NA,NA,NA,NA,NA
1794,7,41,39.49,NA,NA,NA,NA,NA,NA,NA,NA,NA,NA,NA,NA,NA,NA,NA,NA,NA,NA,NA,NA,NA,NA
1794,8,40,39.1,NA,NA,NA,NA,NA,NA,NA,NA,NA,NA,NA,NA,NA,NA,NA,NA,NA,NA,NA,NA,NA,NA
1794,9,11.1,36.68,NA,NA,NA,NA,NA,NA,NA,NA,NA,NA,NA,NA,NA,NA,NA,NA,NA,NA,NA,NA,NA,NA
1794,10,28.5,35.19,NA,NA,NA,NA,NA,NA,NA,NA,NA,NA,NA,NA,NA,NA,NA,NA,NA,NA,NA,NA,NA,NA
1794,11,67.4,35.39,NA,NA,NA,NA,NA,NA,NA,NA,NA,NA,NA,NA,NA,NA,NA,NA,NA,NA,NA,NA,NA,NA
1794,12,51.4,32.42,NA,NA,NA,NA,NA,NA,NA,NA,NA,NA,NA,NA,NA,NA,NA,NA,NA,NA,NA,NA,NA,NA
1795,1,21.4,30.22,NA,NA,NA,NA,NA,NA,NA,NA,NA,NA,NA,NA,NA,NA,NA,NA,NA,NA,NA,NA,NA,NA
1795,2,39.9,29.05,NA,NA,NA,NA,NA,NA,NA,NA,NA,NA,NA,NA,NA,NA,NA,NA,NA,NA,NA,NA,NA,NA
1795,3,12.6,27.01,NA,NA,NA,NA,NA,NA,NA,NA,NA,NA,NA,NA,NA,NA,NA,NA,NA,NA,NA,NA,NA,NA
1795,4,18.6,27.65,NA,NA,NA,NA,NA,NA,NA,NA,NA,NA,NA,NA,NA,NA,NA,NA,NA,NA,NA,NA,NA,NA
1795,5,31,27.38,NA,NA,NA,NA,NA,NA,NA,NA,NA,NA,NA,NA,NA,NA,NA,NA,NA,NA,NA,NA,NA,NA
1795,6,17.1,23.58,NA,NA,NA,NA,NA,NA,NA,NA,NA,NA,NA,NA,NA,NA,NA,NA,NA,NA,NA,NA,NA,NA
1795,7,12.9,21.32,NA,NA,NA,NA,NA,NA,NA,NA,NA,NA,NA,NA,NA,NA,NA,NA,NA,NA,NA,NA,NA,NA
1795,8,25.7,21.51,NA,NA,NA,NA,NA,NA,NA,NA,NA,NA,NA,NA,NA,NA,NA,NA,NA,NA,NA,NA,NA,NA
1795,9,13.5,19.65,NA,NA,NA,NA,NA,NA,NA,NA,NA,NA,NA,NA,NA,NA,NA,NA,NA,NA,NA,NA,NA,NA
1795,10,19.5,21.12,NA,NA,NA,NA,NA,NA,NA,NA,NA,NA,NA,NA,NA,NA,NA,NA,NA,NA,NA,NA,NA,NA
1795,11,25,21.3,NA,NA,NA,NA,NA,NA,NA,NA,NA,NA,NA,NA,NA,NA,NA,NA,NA,NA,NA,NA,NA,NA
1795,12,18,19.43,NA,NA,NA,NA,NA,NA,NA,NA,NA,NA,NA,NA,NA,NA,NA,NA,NA,NA,NA,NA,NA,NA
1796,1,22,20.18,NA,NA,NA,NA,NA,NA,NA,NA,NA,NA,NA,NA,NA,NA,NA,NA,NA,NA,NA,NA,NA,NA
1796,2,23.8,19.31,NA,NA,NA,NA,NA,NA,NA,NA,NA,NA,NA,NA,NA,NA,NA,NA,NA,NA,NA,NA,NA,NA
1796,3,15.7,18.75,NA,NA,NA,NA,NA,NA,NA,NA,NA,NA,NA,NA,NA,NA,NA,NA,NA,NA,NA,NA,NA,NA
1796,4,31.7,18.55,NA,NA,NA,NA,NA,NA,NA,NA,NA,NA,NA,NA,NA,NA,NA,NA,NA,NA,NA,NA,NA,NA
1796,5,21,17.7,NA,NA,NA,NA,NA,NA,NA,NA,NA,NA,NA,NA,NA,NA,NA,NA,NA,NA,NA,NA,NA,NA
1796,6,6.7,16.17,NA,NA,NA,NA,NA,NA,NA,NA,NA,NA,NA,NA,NA,NA,NA,NA,NA,NA,NA,NA,NA,NA
1796,7,26.9,15.89,NA,NA,NA,NA,NA,NA,NA,NA,NA,NA,NA,NA,NA,NA,NA,NA,NA,NA,NA,NA,NA,NA
1796,8,1.5,14.52,NA,NA,NA,NA,NA,NA,NA,NA,NA,NA,NA,NA,NA,NA,NA,NA,NA,NA,NA,NA,NA,NA
1796,9,18.4,13,NA,NA,NA,NA,NA,NA,NA,NA,NA,NA,NA,NA,NA,NA,NA,NA,NA,NA,NA,NA,NA,NA
1796,10,11,12.1,NA,NA,NA,NA,NA,NA,NA,NA,NA,NA,NA,NA,NA,NA,NA,NA,NA,NA,NA,NA,NA,NA
1796,11,8.4,10.22,NA,NA,NA,NA,NA,NA,NA,NA,NA,NA,NA,NA,NA,NA,NA,NA,NA,NA,NA,NA,NA,NA
1796,12,5.1,9.46,NA,NA,NA,NA,NA,NA,NA,NA,NA,NA,NA,NA,NA,NA,NA,NA,NA,NA,NA,NA,NA,NA
1797,1,14.4,9.28,NA,NA,NA,NA,NA,NA,NA,NA,NA,NA,NA,NA,NA,NA,NA,NA,NA,NA,NA,NA,NA,NA
1797,2,4.2,7.67,NA,NA,NA,NA,NA,NA,NA,NA,NA,NA,NA,NA,NA,NA,NA,NA,NA,NA,NA,NA,NA,NA
1797,3,4,7.99,NA,NA,NA,NA,NA,NA,NA,NA,NA,NA,NA,NA,NA,NA,NA,NA,NA,NA,NA,NA,NA,NA
1797,4,4,7.11,NA,NA,NA,NA,NA,NA,NA,NA,NA,NA,NA,NA,NA,NA,NA,NA,NA,NA,NA,NA,NA,NA
1797,5,7.3,6.71,NA,NA,NA,NA,NA,NA,NA,NA,NA,NA,NA,NA,NA,NA,NA,NA,NA,NA,NA,NA,NA,NA
1797,6,11.1,6.29,NA,NA,NA,NA,NA,NA,NA,NA,NA,NA,NA,NA,NA,NA,NA,NA,NA,NA,NA,NA,NA,NA
1797,7,4.3,6.05,NA,NA,NA,NA,NA,NA,NA,NA,NA,NA,NA,NA,NA,NA,NA,NA,NA,NA,NA,NA,NA,NA
1797,8,6,5.25,NA,NA,NA,NA,NA,NA,NA,NA,NA,NA,NA,NA,NA,NA,NA,NA,NA,NA,NA,NA,NA,NA
1797,9,5.7,5.88,NA,NA,NA,NA,NA,NA,NA,NA,NA,NA,NA,NA,NA,NA,NA,NA,NA,NA,NA,NA,NA,NA
1797,10,6.9,5.66,NA,NA,NA,NA,NA,NA,NA,NA,NA,NA,NA,NA,NA,NA,NA,NA,NA,NA,NA,NA,NA,NA
1797,11,5.8,5.35,NA,NA,NA,NA,NA,NA,NA,NA,NA,NA,NA,NA,NA,NA,NA,NA,NA,NA,NA,NA,NA,NA
1797,12,3,4.79,NA,NA,NA,NA,NA,NA,NA,NA,NA,NA,NA,NA,NA,NA,NA,NA,NA,NA,NA,NA,NA,NA
1798,1,2,3.94,NA,NA,NA,NA,NA,NA,NA,NA,NA,NA,NA,NA,NA,NA,NA,NA,NA,NA,NA,NA,NA,NA
1798,2,4,3.84,NA,NA,NA,NA,NA,NA,NA,NA,NA,NA,NA,NA,NA,NA,NA,NA,NA,NA,NA,NA,NA,NA
1798,3,12.4,3.56,NA,NA,NA,NA,NA,NA,NA,NA,NA,NA,NA,NA,NA,NA,NA,NA,NA,NA,NA,NA,NA,NA
1798,4,1.1,3.24,NA,NA,NA,NA,NA,NA,NA,NA,NA,NA,NA,NA,NA,NA,NA,NA,NA,NA,NA,NA,NA,NA
1798,5,0,3.67,NA,NA,NA,NA,NA,NA,NA,NA,NA,NA,NA,NA,NA,NA,NA,NA,NA,NA,NA,NA,NA,NA
1798,6,0,3.98,NA,NA,NA,NA,NA,NA,NA,NA,NA,NA,NA,NA,NA,NA,NA,NA,NA,NA,NA,NA,NA,NA
1798,7,0,3.88,NA,NA,NA,NA,NA,NA,NA,NA,NA,NA,NA,NA,NA,NA,NA,NA,NA,NA,NA,NA,NA,NA
1798,8,3,4.69,NA,NA,NA,NA,NA,NA,NA,NA,NA,NA,NA,NA,NA,NA,NA,NA,NA,NA,NA,NA,NA,NA
1798,9,2.4,6.05,NA,NA,NA,NA,NA,NA,NA,NA,NA,NA,NA,NA,NA,NA,NA,NA,NA,NA,NA,NA,NA,NA
1798,10,1.5,5.75,NA,NA,NA,NA,NA,NA,NA,NA,NA,NA,NA,NA,NA,NA,NA,NA,NA,NA,NA,NA,NA,NA
1798,11,12.5,6.29,NA,NA,NA,NA,NA,NA,NA,NA,NA,NA,NA,NA,NA,NA,NA,NA,NA,NA,NA,NA,NA,NA
1798,12,9.9,7.11,NA,NA,NA,NA,NA,NA,NA,NA,NA,NA,NA,NA,NA,NA,NA,NA,NA,NA,NA,NA,NA,NA
1799,1,1.6,7.27,NA,NA,NA,NA,NA,NA,NA,NA,NA,NA,NA,NA,NA,NA,NA,NA,NA,NA,NA,NA,NA,NA
1799,2,12.6,7.27,NA,NA,NA,NA,NA,NA,NA,NA,NA,NA,NA,NA,NA,NA,NA,NA,NA,NA,NA,NA,NA,NA
1799,3,21.7,7.04,NA,NA,NA,NA,NA,NA,NA,NA,NA,NA,NA,NA,NA,NA,NA,NA,NA,NA,NA,NA,NA,NA
1799,4,8.4,7.21,NA,NA,NA,NA,NA,NA,NA,NA,NA,NA,NA,NA,NA,NA,NA,NA,NA,NA,NA,NA,NA,NA
1799,5,8.2,7.3,NA,NA,NA,NA,NA,NA,NA,NA,NA,NA,NA,NA,NA,NA,NA,NA,NA,NA,NA,NA,NA,NA
1799,6,10.6,7,NA,NA,NA,NA,NA,NA,NA,NA,NA,NA,NA,NA,NA,NA,NA,NA,NA,NA,NA,NA,NA,NA
1799,7,2.1,6.77,NA,NA,NA,NA,NA,NA,NA,NA,NA,NA,NA,NA,NA,NA,NA,NA,NA,NA,NA,NA,NA,NA
1799,8,0,7.36,NA,NA,NA,NA,NA,NA,NA,NA,NA,NA,NA,NA,NA,NA,NA,NA,NA,NA,NA,NA,NA,NA
1799,9,0,7.46,NA,NA,NA,NA,NA,NA,NA,NA,NA,NA,NA,NA,NA,NA,NA,NA,NA,NA,NA,NA,NA,NA
1799,10,4.6,5.79,NA,NA,NA,NA,NA,NA,NA,NA,NA,NA,NA,NA,NA,NA,NA,NA,NA,NA,NA,NA,NA,NA
1799,11,2.7,5.53,NA,NA,NA,NA,NA,NA,NA,NA,NA,NA,NA,NA,NA,NA,NA,NA,NA,NA,NA,NA,NA,NA
1799,12,8.6,6.72,NA,NA,NA,NA,NA,NA,NA,NA,NA,NA,NA,NA,NA,NA,NA,NA,NA,NA,NA,NA,NA,NA
1800,1,6.9,7.52,NA,NA,NA,NA,NA,NA,NA,NA,NA,NA,NA,NA,NA,NA,NA,NA,NA,NA,NA,NA,NA,NA
1800,2,9.3,8.86,NA,NA,NA,NA,NA,NA,NA,NA,NA,NA,NA,NA,NA,NA,NA,NA,NA,NA,NA,NA,NA,NA
1800,3,13.9,9.75,NA,NA,NA,NA,NA,NA,NA,NA,NA,NA,NA,NA,NA,NA,NA,NA,NA,NA,NA,NA,NA,NA
1800,4,0,10.69,NA,NA,NA,NA,NA,NA,NA,NA,NA,NA,NA,NA,NA,NA,NA,NA,NA,NA,NA,NA,NA,NA
1800,5,5,11.15,NA,NA,NA,NA,NA,NA,NA,NA,NA,NA,NA,NA,NA,NA,NA,NA,NA,NA,NA,NA,NA,NA
1800,6,23.7,14.02,NA,NA,NA,NA,NA,NA,NA,NA,NA,NA,NA,NA,NA,NA,NA,NA,NA,NA,NA,NA,NA,NA
1800,7,21,15.44,NA,NA,NA,NA,NA,NA,NA,NA,NA,NA,NA,NA,NA,NA,NA,NA,NA,NA,NA,NA,NA,NA
1800,8,19.5,17.14,NA,NA,NA,NA,NA,NA,NA,NA,NA,NA,NA,NA,NA,NA,NA,NA,NA,NA,NA,NA,NA,NA
1800,9,11.5,18.73,NA,NA,NA,NA,NA,NA,NA,NA,NA,NA,NA,NA,NA,NA,NA,NA,NA,NA,NA,NA,NA,NA
1800,10,12.3,20.05,NA,NA,NA,NA,NA,NA,NA,NA,NA,NA,NA,NA,NA,NA,NA,NA,NA,NA,NA,NA,NA,NA
1800,11,10.5,22.51,NA,NA,NA,NA,NA,NA,NA,NA,NA,NA,NA,NA,NA,NA,NA,NA,NA,NA,NA,NA,NA,NA
1800,12,40.1,24.52,NA,NA,NA,NA,NA,NA,NA,NA,NA,NA,NA,NA,NA,NA,NA,NA,NA,NA,NA,NA,NA,NA
1801,1,27,25.39,NA,NA,NA,NA,NA,NA,NA,NA,NA,NA,NA,NA,NA,NA,NA,NA,NA,NA,NA,NA,NA,NA
1801,2,29,26.75,NA,NA,NA,NA,NA,NA,NA,NA,NA,NA,NA,NA,NA,NA,NA,NA,NA,NA,NA,NA,NA,NA
1801,3,30,27.83,NA,NA,NA,NA,NA,NA,NA,NA,NA,NA,NA,NA,NA,NA,NA,NA,NA,NA,NA,NA,NA,NA
1801,4,31,29.45,NA,NA,NA,NA,NA,NA,NA,NA,NA,NA,NA,NA,NA,NA,NA,NA,NA,NA,NA,NA,NA,NA
1801,5,32,31.57,NA,NA,NA,NA,NA,NA,NA,NA,NA,NA,NA,NA,NA,NA,NA,NA,NA,NA,NA,NA,NA,NA
1801,6,31.2,34.47,NA,NA,NA,NA,NA,NA,NA,NA,NA,NA,NA,NA,NA,NA,NA,NA,NA,NA,NA,NA,NA,NA
1801,7,35,35.06,NA,NA,NA,NA,NA,NA,NA,NA,NA,NA,NA,NA,NA,NA,NA,NA,NA,NA,NA,NA,NA,NA
1801,8,38.7,36.6,NA,NA,NA,NA,NA,NA,NA,NA,NA,NA,NA,NA,NA,NA,NA,NA,NA,NA,NA,NA,NA,NA
1801,9,33.5,37.51,NA,NA,NA,NA,NA,NA,NA,NA,NA,NA,NA,NA,NA,NA,NA,NA,NA,NA,NA,NA,NA,NA
1801,10,32.6,38.43,NA,NA,NA,NA,NA,NA,NA,NA,NA,NA,NA,NA,NA,NA,NA,NA,NA,NA,NA,NA,NA,NA
1801,11,39.8,39.43,NA,NA,NA,NA,NA,NA,NA,NA,NA,NA,NA,NA,NA,NA,NA,NA,NA,NA,NA,NA,NA,NA
1801,12,48.2,40.51,NA,NA,NA,NA,NA,NA,NA,NA,NA,NA,NA,NA,NA,NA,NA,NA,NA,NA,NA,NA,NA,NA
1802,1,47.8,41.8,NA,NA,NA,NA,NA,NA,NA,NA,NA,NA,NA,NA,NA,NA,NA,NA,NA,NA,NA,NA,NA,NA
1802,2,47,42.95,NA,NA,NA,NA,NA,NA,NA,NA,NA,NA,NA,NA,NA,NA,NA,NA,NA,NA,NA,NA,NA,NA
1802,3,40.8,43.96,NA,NA,NA,NA,NA,NA,NA,NA,NA,NA,NA,NA,NA,NA,NA,NA,NA,NA,NA,NA,NA,NA
1802,4,42,44.35,NA,NA,NA,NA,NA,NA,NA,NA,NA,NA,NA,NA,NA,NA,NA,NA,NA,NA,NA,NA,NA,NA
1802,5,44,44.49,NA,NA,NA,NA,NA,NA,NA,NA,NA,NA,NA,NA,NA,NA,NA,NA,NA,NA,NA,NA,NA,NA
1802,6,46,45.28,NA,NA,NA,NA,NA,NA,NA,NA,NA,NA,NA,NA,NA,NA,NA,NA,NA,NA,NA,NA,NA,NA
1802,7,48,45.42,NA,NA,NA,NA,NA,NA,NA,NA,NA,NA,NA,NA,NA,NA,NA,NA,NA,NA,NA,NA,NA,NA
1802,8,50,45.65,NA,NA,NA,NA,NA,NA,NA,NA,NA,NA,NA,NA,NA,NA,NA,NA,NA,NA,NA,NA,NA,NA
1802,9,51.8,44.3,NA,NA,NA,NA,NA,NA,NA,NA,NA,NA,NA,NA,NA,NA,NA,NA,NA,NA,NA,NA,NA,NA
1802,10,38.5,43.08,NA,NA,NA,NA,NA,NA,NA,NA,NA,NA,NA,NA,NA,NA,NA,NA,NA,NA,NA,NA,NA,NA
1802,11,34.5,43.26,NA,NA,NA,NA,NA,NA,NA,NA,NA,NA,NA,NA,NA,NA,NA,NA,NA,NA,NA,NA,NA,NA
1802,12,50,42.65,NA,NA,NA,NA,NA,NA,NA,NA,NA,NA,NA,NA,NA,NA,NA,NA,NA,NA,NA,NA,NA,NA
1803,1,50,42.82,NA,NA,NA,NA,NA,NA,NA,NA,NA,NA,NA,NA,NA,NA,NA,NA,NA,NA,NA,NA,NA,NA
1803,2,50.8,41.75,NA,NA,NA,NA,NA,NA,NA,NA,NA,NA,NA,NA,NA,NA,NA,NA,NA,NA,NA,NA,NA,NA
1803,3,29.5,41.39,NA,NA,NA,NA,NA,NA,NA,NA,NA,NA,NA,NA,NA,NA,NA,NA,NA,NA,NA,NA,NA,NA
1803,4,25,41.58,NA,NA,NA,NA,NA,NA,NA,NA,NA,NA,NA,NA,NA,NA,NA,NA,NA,NA,NA,NA,NA,NA
1803,5,44.3,42.55,NA,NA,NA,NA,NA,NA,NA,NA,NA,NA,NA,NA,NA,NA,NA,NA,NA,NA,NA,NA,NA,NA
1803,6,36,43.58,NA,NA,NA,NA,NA,NA,NA,NA,NA,NA,NA,NA,NA,NA,NA,NA,NA,NA,NA,NA,NA,NA
1803,7,48.3,43.22,NA,NA,NA,NA,NA,NA,NA,NA,NA,NA,NA,NA,NA,NA,NA,NA,NA,NA,NA,NA,NA,NA
1803,8,34.1,43.09,NA,NA,NA,NA,NA,NA,NA,NA,NA,NA,NA,NA,NA,NA,NA,NA,NA,NA,NA,NA,NA,NA
1803,9,45.3,42.88,NA,NA,NA,NA,NA,NA,NA,NA,NA,NA,NA,NA,NA,NA,NA,NA,NA,NA,NA,NA,NA,NA
1803,10,54.3,44.5,NA,NA,NA,NA,NA,NA,NA,NA,NA,NA,NA,NA,NA,NA,NA,NA,NA,NA,NA,NA,NA,NA
1803,11,51,45.15,NA,NA,NA,NA,NA,NA,NA,NA,NA,NA,NA,NA,NA,NA,NA,NA,NA,NA,NA,NA,NA,NA
1803,12,48,44.42,NA,NA,NA,NA,NA,NA,NA,NA,NA,NA,NA,NA,NA,NA,NA,NA,NA,NA,NA,NA,NA,NA
1804,1,45.3,43.94,NA,NA,NA,NA,NA,NA,NA,NA,NA,NA,NA,NA,NA,NA,NA,NA,NA,NA,NA,NA,NA,NA
1804,2,48.3,43.54,NA,NA,NA,NA,NA,NA,NA,NA,NA,NA,NA,NA,NA,NA,NA,NA,NA,NA,NA,NA,NA,NA
1804,3,48,44.99,NA,NA,NA,NA,NA,NA,NA,NA,NA,NA,NA,NA,NA,NA,NA,NA,NA,NA,NA,NA,NA,NA
1804,4,50.6,46.3,NA,NA,NA,NA,NA,NA,NA,NA,NA,NA,NA,NA,NA,NA,NA,NA,NA,NA,NA,NA,NA,NA
1804,5,33.4,46.82,NA,NA,NA,NA,NA,NA,NA,NA,NA,NA,NA,NA,NA,NA,NA,NA,NA,NA,NA,NA,NA,NA
1804,6,34.8,47.51,NA,NA,NA,NA,NA,NA,NA,NA,NA,NA,NA,NA,NA,NA,NA,NA,NA,NA,NA,NA,NA,NA
1804,7,29.8,48.51,NA,NA,NA,NA,NA,NA,NA,NA,NA,NA,NA,NA,NA,NA,NA,NA,NA,NA,NA,NA,NA,NA
1804,8,43.1,48.42,NA,NA,NA,NA,NA,NA,NA,NA,NA,NA,NA,NA,NA,NA,NA,NA,NA,NA,NA,NA,NA,NA
1804,9,53,48.65,NA,NA,NA,NA,NA,NA,NA,NA,NA,NA,NA,NA,NA,NA,NA,NA,NA,NA,NA,NA,NA,NA
1804,10,62.3,47.85,NA,NA,NA,NA,NA,NA,NA,NA,NA,NA,NA,NA,NA,NA,NA,NA,NA,NA,NA,NA,NA,NA
1804,11,61,46.95,NA,NA,NA,NA,NA,NA,NA,NA,NA,NA,NA,NA,NA,NA,NA,NA,NA,NA,NA,NA,NA,NA
1804,12,60,47.5,NA,NA,NA,NA,NA,NA,NA,NA,NA,NA,NA,NA,NA,NA,NA,NA,NA,NA,NA,NA,NA,NA
1805,1,61,47.72,NA,NA,NA,NA,NA,NA,NA,NA,NA,NA,NA,NA,NA,NA,NA,NA,NA,NA,NA,NA,NA,NA
1805,2,44.1,48.71,NA,NA,NA,NA,NA,NA,NA,NA,NA,NA,NA,NA,NA,NA,NA,NA,NA,NA,NA,NA,NA,NA
1805,3,51.4,48.81,NA,NA,NA,NA,NA,NA,NA,NA,NA,NA,NA,NA,NA,NA,NA,NA,NA,NA,NA,NA,NA,NA
1805,4,37.5,46.99,NA,NA,NA,NA,NA,NA,NA,NA,NA,NA,NA,NA,NA,NA,NA,NA,NA,NA,NA,NA,NA,NA
1805,5,39,45.35,NA,NA,NA,NA,NA,NA,NA,NA,NA,NA,NA,NA,NA,NA,NA,NA,NA,NA,NA,NA,NA,NA
1805,6,40.5,43.61,NA,NA,NA,NA,NA,NA,NA,NA,NA,NA,NA,NA,NA,NA,NA,NA,NA,NA,NA,NA,NA,NA
1805,7,37.6,41.99,NA,NA,NA,NA,NA,NA,NA,NA,NA,NA,NA,NA,NA,NA,NA,NA,NA,NA,NA,NA,NA,NA
1805,8,42.7,39.58,NA,NA,NA,NA,NA,NA,NA,NA,NA,NA,NA,NA,NA,NA,NA,NA,NA,NA,NA,NA,NA,NA
1805,9,44.4,38.7,NA,NA,NA,NA,NA,NA,NA,NA,NA,NA,NA,NA,NA,NA,NA,NA,NA,NA,NA,NA,NA,NA
1805,10,29.4,36.88,NA,NA,NA,NA,NA,NA,NA,NA,NA,NA,NA,NA,NA,NA,NA,NA,NA,NA,NA,NA,NA,NA
1805,11,41,36.02,NA,NA,NA,NA,NA,NA,NA,NA,NA,NA,NA,NA,NA,NA,NA,NA,NA,NA,NA,NA,NA,NA
1805,12,38.3,34.99,NA,NA,NA,NA,NA,NA,NA,NA,NA,NA,NA,NA,NA,NA,NA,NA,NA,NA,NA,NA,NA,NA
1806,1,39,34.18,NA,NA,NA,NA,NA,NA,NA,NA,NA,NA,NA,NA,NA,NA,NA,NA,NA,NA,NA,NA,NA,NA
1806,2,29.6,33.32,NA,NA,NA,NA,NA,NA,NA,NA,NA,NA,NA,NA,NA,NA,NA,NA,NA,NA,NA,NA,NA,NA
1806,3,32.7,31.88,NA,NA,NA,NA,NA,NA,NA,NA,NA,NA,NA,NA,NA,NA,NA,NA,NA,NA,NA,NA,NA,NA
1806,4,27.7,30.54,NA,NA,NA,NA,NA,NA,NA,NA,NA,NA,NA,NA,NA,NA,NA,NA,NA,NA,NA,NA,NA,NA
1806,5,26.4,30.2,NA,NA,NA,NA,NA,NA,NA,NA,NA,NA,NA,NA,NA,NA,NA,NA,NA,NA,NA,NA,NA,NA
1806,6,25.6,28.89,NA,NA,NA,NA,NA,NA,NA,NA,NA,NA,NA,NA,NA,NA,NA,NA,NA,NA,NA,NA,NA,NA
1806,7,30,26.87,NA,NA,NA,NA,NA,NA,NA,NA,NA,NA,NA,NA,NA,NA,NA,NA,NA,NA,NA,NA,NA,NA
1806,8,26.3,24.81,NA,NA,NA,NA,NA,NA,NA,NA,NA,NA,NA,NA,NA,NA,NA,NA,NA,NA,NA,NA,NA,NA
1806,9,24,23.27,NA,NA,NA,NA,NA,NA,NA,NA,NA,NA,NA,NA,NA,NA,NA,NA,NA,NA,NA,NA,NA,NA
1806,10,27,22.58,NA,NA,NA,NA,NA,NA,NA,NA,NA,NA,NA,NA,NA,NA,NA,NA,NA,NA,NA,NA,NA,NA
1806,11,25,21.22,NA,NA,NA,NA,NA,NA,NA,NA,NA,NA,NA,NA,NA,NA,NA,NA,NA,NA,NA,NA,NA,NA
1806,12,24,20.12,NA,NA,NA,NA,NA,NA,NA,NA,NA,NA,NA,NA,NA,NA,NA,NA,NA,NA,NA,NA,NA,NA
1807,1,12,19.12,NA,NA,NA,NA,NA,NA,NA,NA,NA,NA,NA,NA,NA,NA,NA,NA,NA,NA,NA,NA,NA,NA
1807,2,12.2,17.74,NA,NA,NA,NA,NA,NA,NA,NA,NA,NA,NA,NA,NA,NA,NA,NA,NA,NA,NA,NA,NA,NA
1807,3,9.6,16.15,NA,NA,NA,NA,NA,NA,NA,NA,NA,NA,NA,NA,NA,NA,NA,NA,NA,NA,NA,NA,NA,NA
1807,4,23.8,14.92,NA,NA,NA,NA,NA,NA,NA,NA,NA,NA,NA,NA,NA,NA,NA,NA,NA,NA,NA,NA,NA,NA
1807,5,10,13.05,NA,NA,NA,NA,NA,NA,NA,NA,NA,NA,NA,NA,NA,NA,NA,NA,NA,NA,NA,NA,NA,NA
1807,6,12,11.12,NA,NA,NA,NA,NA,NA,NA,NA,NA,NA,NA,NA,NA,NA,NA,NA,NA,NA,NA,NA,NA,NA
1807,7,12.7,9.28,NA,NA,NA,NA,NA,NA,NA,NA,NA,NA,NA,NA,NA,NA,NA,NA,NA,NA,NA,NA,NA,NA
1807,8,12,8.7,NA,NA,NA,NA,NA,NA,NA,NA,NA,NA,NA,NA,NA,NA,NA,NA,NA,NA,NA,NA,NA,NA
1807,9,5.7,7.76,NA,NA,NA,NA,NA,NA,NA,NA,NA,NA,NA,NA,NA,NA,NA,NA,NA,NA,NA,NA,NA,NA
1807,10,8,7.97,NA,NA,NA,NA,NA,NA,NA,NA,NA,NA,NA,NA,NA,NA,NA,NA,NA,NA,NA,NA,NA,NA
1807,11,2.6,7.18,NA,NA,NA,NA,NA,NA,NA,NA,NA,NA,NA,NA,NA,NA,NA,NA,NA,NA,NA,NA,NA,NA
1807,12,0,7.45,NA,NA,NA,NA,NA,NA,NA,NA,NA,NA,NA,NA,NA,NA,NA,NA,NA,NA,NA,NA,NA,NA
1808,1,0,7.04,NA,NA,NA,NA,NA,NA,NA,NA,NA,NA,NA,NA,NA,NA,NA,NA,NA,NA,NA,NA,NA,NA
1808,2,4.5,6.68,NA,NA,NA,NA,NA,NA,NA,NA,NA,NA,NA,NA,NA,NA,NA,NA,NA,NA,NA,NA,NA,NA
1808,3,0,6.65,NA,NA,NA,NA,NA,NA,NA,NA,NA,NA,NA,NA,NA,NA,NA,NA,NA,NA,NA,NA,NA,NA
1808,4,12.3,6.58,NA,NA,NA,NA,NA,NA,NA,NA,NA,NA,NA,NA,NA,NA,NA,NA,NA,NA,NA,NA,NA,NA
1808,5,13.5,6.77,NA,NA,NA,NA,NA,NA,NA,NA,NA,NA,NA,NA,NA,NA,NA,NA,NA,NA,NA,NA,NA,NA
1808,6,13.5,7.52,NA,NA,NA,NA,NA,NA,NA,NA,NA,NA,NA,NA,NA,NA,NA,NA,NA,NA,NA,NA,NA,NA
1808,7,6.7,8.07,NA,NA,NA,NA,NA,NA,NA,NA,NA,NA,NA,NA,NA,NA,NA,NA,NA,NA,NA,NA,NA,NA
1808,8,8,8.78,NA,NA,NA,NA,NA,NA,NA,NA,NA,NA,NA,NA,NA,NA,NA,NA,NA,NA,NA,NA,NA,NA
1808,9,11.7,8.5,NA,NA,NA,NA,NA,NA,NA,NA,NA,NA,NA,NA,NA,NA,NA,NA,NA,NA,NA,NA,NA,NA
1808,10,4.7,8.69,NA,NA,NA,NA,NA,NA,NA,NA,NA,NA,NA,NA,NA,NA,NA,NA,NA,NA,NA,NA,NA,NA
1808,11,10.5,7.9,NA,NA,NA,NA,NA,NA,NA,NA,NA,NA,NA,NA,NA,NA,NA,NA,NA,NA,NA,NA,NA,NA
1808,12,12.3,7.45,NA,NA,NA,NA,NA,NA,NA,NA,NA,NA,NA,NA,NA,NA,NA,NA,NA,NA,NA,NA,NA,NA
1809,1,7.2,6.44,NA,NA,NA,NA,NA,NA,NA,NA,NA,NA,NA,NA,NA,NA,NA,NA,NA,NA,NA,NA,NA,NA
1809,2,9.2,5.94,NA,NA,NA,NA,NA,NA,NA,NA,NA,NA,NA,NA,NA,NA,NA,NA,NA,NA,NA,NA,NA,NA
1809,3,0.9,5.35,NA,NA,NA,NA,NA,NA,NA,NA,NA,NA,NA,NA,NA,NA,NA,NA,NA,NA,NA,NA,NA,NA
1809,4,2.5,4.45,NA,NA,NA,NA,NA,NA,NA,NA,NA,NA,NA,NA,NA,NA,NA,NA,NA,NA,NA,NA,NA,NA
1809,5,2,4.09,NA,NA,NA,NA,NA,NA,NA,NA,NA,NA,NA,NA,NA,NA,NA,NA,NA,NA,NA,NA,NA,NA
1809,6,7.7,3.28,NA,NA,NA,NA,NA,NA,NA,NA,NA,NA,NA,NA,NA,NA,NA,NA,NA,NA,NA,NA,NA,NA
1809,7,0.3,2.34,NA,NA,NA,NA,NA,NA,NA,NA,NA,NA,NA,NA,NA,NA,NA,NA,NA,NA,NA,NA,NA,NA
1809,8,0.2,1.78,NA,NA,NA,NA,NA,NA,NA,NA,NA,NA,NA,NA,NA,NA,NA,NA,NA,NA,NA,NA,NA,NA
1809,9,0.4,1.08,NA,NA,NA,NA,NA,NA,NA,NA,NA,NA,NA,NA,NA,NA,NA,NA,NA,NA,NA,NA,NA,NA
1809,10,0,1.01,NA,NA,NA,NA,NA,NA,NA,NA,NA,NA,NA,NA,NA,NA,NA,NA,NA,NA,NA,NA,NA,NA
1809,11,0,0.82,NA,NA,NA,NA,NA,NA,NA,NA,NA,NA,NA,NA,NA,NA,NA,NA,NA,NA,NA,NA,NA,NA
1809,12,0,0.66,NA,NA,NA,NA,NA,NA,NA,NA,NA,NA,NA,NA,NA,NA,NA,NA,NA,NA,NA,NA,NA,NA
1810,1,0,0.07,NA,NA,NA,NA,NA,NA,NA,NA,NA,NA,NA,NA,NA,NA,NA,NA,NA,NA,NA,NA,NA,NA
1810,2,0,0.05,NA,NA,NA,NA,NA,NA,NA,NA,NA,NA,NA,NA,NA,NA,NA,NA,NA,NA,NA,NA,NA,NA
1810,3,0,0.03,NA,NA,NA,NA,NA,NA,NA,NA,NA,NA,NA,NA,NA,NA,NA,NA,NA,NA,NA,NA,NA,NA
1810,4,0,0,NA,NA,NA,NA,NA,NA,NA,NA,NA,NA,NA,NA,NA,NA,NA,NA,NA,NA,NA,NA,NA,NA
1810,5,0,0,NA,NA,NA,NA,NA,NA,NA,NA,NA,NA,NA,NA,NA,NA,NA,NA,NA,NA,NA,NA,NA,NA
1810,6,0,0,NA,NA,NA,NA,NA,NA,NA,NA,NA,NA,NA,NA,NA,NA,NA,NA,NA,NA,NA,NA,NA,NA
1810,7,0,0,NA,NA,NA,NA,NA,NA,NA,NA,NA,NA,NA,NA,NA,NA,NA,NA,NA,NA,NA,NA,NA,NA
1810,8,0,0,NA,NA,NA,NA,NA,NA,NA,NA,NA,NA,NA,NA,NA,NA,NA,NA,NA,NA,NA,NA,NA,NA
1810,9,0,0,NA,NA,NA,NA,NA,NA,NA,NA,NA,NA,NA,NA,NA,NA,NA,NA,NA,NA,NA,NA,NA,NA
1810,10,0,0,NA,NA,NA,NA,NA,NA,NA,NA,NA,NA,NA,NA,NA,NA,NA,NA,NA,NA,NA,NA,NA,NA
1810,11,0,0,NA,NA,NA,NA,NA,NA,NA,NA,NA,NA,NA,NA,NA,NA,NA,NA,NA,NA,NA,NA,NA,NA
1810,12,0,0,NA,NA,NA,NA,NA,NA,NA,NA,NA,NA,NA,NA,NA,NA,NA,NA,NA,NA,NA,NA,NA,NA
1811,1,0,0.51,NA,NA,NA,NA,NA,NA,NA,NA,NA,NA,NA,NA,NA,NA,NA,NA,NA,NA,NA,NA,NA,NA
1811,2,0,0.51,NA,NA,NA,NA,NA,NA,NA,NA,NA,NA,NA,NA,NA,NA,NA,NA,NA,NA,NA,NA,NA,NA
1811,3,0,0.69,NA,NA,NA,NA,NA,NA,NA,NA,NA,NA,NA,NA,NA,NA,NA,NA,NA,NA,NA,NA,NA,NA
1811,4,0,1.16,NA,NA,NA,NA,NA,NA,NA,NA,NA,NA,NA,NA,NA,NA,NA,NA,NA,NA,NA,NA,NA,NA
1811,5,0,1.22,NA,NA,NA,NA,NA,NA,NA,NA,NA,NA,NA,NA,NA,NA,NA,NA,NA,NA,NA,NA,NA,NA
1811,6,0,1.31,NA,NA,NA,NA,NA,NA,NA,NA,NA,NA,NA,NA,NA,NA,NA,NA,NA,NA,NA,NA,NA,NA
1811,7,6.6,2.18,NA,NA,NA,NA,NA,NA,NA,NA,NA,NA,NA,NA,NA,NA,NA,NA,NA,NA,NA,NA,NA,NA
1811,8,0,2.32,NA,NA,NA,NA,NA,NA,NA,NA,NA,NA,NA,NA,NA,NA,NA,NA,NA,NA,NA,NA,NA,NA
1811,9,2.4,2.38,NA,NA,NA,NA,NA,NA,NA,NA,NA,NA,NA,NA,NA,NA,NA,NA,NA,NA,NA,NA,NA,NA
1811,10,6.1,2.38,NA,NA,NA,NA,NA,NA,NA,NA,NA,NA,NA,NA,NA,NA,NA,NA,NA,NA,NA,NA,NA,NA
1811,11,0.8,2.45,NA,NA,NA,NA,NA,NA,NA,NA,NA,NA,NA,NA,NA,NA,NA,NA,NA,NA,NA,NA,NA,NA
1811,12,1.1,2.55,NA,NA,NA,NA,NA,NA,NA,NA,NA,NA,NA,NA,NA,NA,NA,NA,NA,NA,NA,NA,NA,NA
1812,1,11.3,2.59,NA,NA,NA,NA,NA,NA,NA,NA,NA,NA,NA,NA,NA,NA,NA,NA,NA,NA,NA,NA,NA,NA
1812,2,1.9,3.28,NA,NA,NA,NA,NA,NA,NA,NA,NA,NA,NA,NA,NA,NA,NA,NA,NA,NA,NA,NA,NA,NA
1812,3,0.7,3.68,NA,NA,NA,NA,NA,NA,NA,NA,NA,NA,NA,NA,NA,NA,NA,NA,NA,NA,NA,NA,NA,NA
1812,4,0,3.8,NA,NA,NA,NA,NA,NA,NA,NA,NA,NA,NA,NA,NA,NA,NA,NA,NA,NA,NA,NA,NA,NA
1812,5,1,3.94,NA,NA,NA,NA,NA,NA,NA,NA,NA,NA,NA,NA,NA,NA,NA,NA,NA,NA,NA,NA,NA,NA
1812,6,1.3,4.65,NA,NA,NA,NA,NA,NA,NA,NA,NA,NA,NA,NA,NA,NA,NA,NA,NA,NA,NA,NA,NA,NA
1812,7,0.5,4.57,NA,NA,NA,NA,NA,NA,NA,NA,NA,NA,NA,NA,NA,NA,NA,NA,NA,NA,NA,NA,NA,NA
1812,8,15.6,4.49,NA,NA,NA,NA,NA,NA,NA,NA,NA,NA,NA,NA,NA,NA,NA,NA,NA,NA,NA,NA,NA,NA
1812,9,5.2,4.49,NA,NA,NA,NA,NA,NA,NA,NA,NA,NA,NA,NA,NA,NA,NA,NA,NA,NA,NA,NA,NA,NA
1812,10,3.9,5.72,NA,NA,NA,NA,NA,NA,NA,NA,NA,NA,NA,NA,NA,NA,NA,NA,NA,NA,NA,NA,NA,NA
1812,11,7.9,6.14,NA,NA,NA,NA,NA,NA,NA,NA,NA,NA,NA,NA,NA,NA,NA,NA,NA,NA,NA,NA,NA,NA
1812,12,10.1,6.92,NA,NA,NA,NA,NA,NA,NA,NA,NA,NA,NA,NA,NA,NA,NA,NA,NA,NA,NA,NA,NA,NA
1813,1,0,8.23,NA,NA,NA,NA,NA,NA,NA,NA,NA,NA,NA,NA,NA,NA,NA,NA,NA,NA,NA,NA,NA,NA
1813,2,10.3,8.84,NA,NA,NA,NA,NA,NA,NA,NA,NA,NA,NA,NA,NA,NA,NA,NA,NA,NA,NA,NA,NA,NA
1813,3,1.9,8.82,NA,NA,NA,NA,NA,NA,NA,NA,NA,NA,NA,NA,NA,NA,NA,NA,NA,NA,NA,NA,NA,NA
1813,4,16.6,10.55,NA,NA,NA,NA,NA,NA,NA,NA,NA,NA,NA,NA,NA,NA,NA,NA,NA,NA,NA,NA,NA,NA
1813,5,5.5,11.54,NA,NA,NA,NA,NA,NA,NA,NA,NA,NA,NA,NA,NA,NA,NA,NA,NA,NA,NA,NA,NA,NA
1813,6,11.2,12.03,NA,NA,NA,NA,NA,NA,NA,NA,NA,NA,NA,NA,NA,NA,NA,NA,NA,NA,NA,NA,NA,NA
1813,7,18.3,12.96,NA,NA,NA,NA,NA,NA,NA,NA,NA,NA,NA,NA,NA,NA,NA,NA,NA,NA,NA,NA,NA,NA
1813,8,8.4,13.88,NA,NA,NA,NA,NA,NA,NA,NA,NA,NA,NA,NA,NA,NA,NA,NA,NA,NA,NA,NA,NA,NA
1813,9,15.3,13.53,NA,NA,NA,NA,NA,NA,NA,NA,NA,NA,NA,NA,NA,NA,NA,NA,NA,NA,NA,NA,NA,NA
1813,10,27.8,15.22,NA,NA,NA,NA,NA,NA,NA,NA,NA,NA,NA,NA,NA,NA,NA,NA,NA,NA,NA,NA,NA,NA
1813,11,16.7,14.38,NA,NA,NA,NA,NA,NA,NA,NA,NA,NA,NA,NA,NA,NA,NA,NA,NA,NA,NA,NA,NA,NA
1813,12,14.3,15.11,NA,NA,NA,NA,NA,NA,NA,NA,NA,NA,NA,NA,NA,NA,NA,NA,NA,NA,NA,NA,NA,NA
1814,1,22.2,15.67,NA,NA,NA,NA,NA,NA,NA,NA,NA,NA,NA,NA,NA,NA,NA,NA,NA,NA,NA,NA,NA,NA
1814,2,12,14.44,NA,NA,NA,NA,NA,NA,NA,NA,NA,NA,NA,NA,NA,NA,NA,NA,NA,NA,NA,NA,NA,NA
1814,3,5.7,14.42,NA,NA,NA,NA,NA,NA,NA,NA,NA,NA,NA,NA,NA,NA,NA,NA,NA,NA,NA,NA,NA,NA
1814,4,23.8,14.72,NA,NA,NA,NA,NA,NA,NA,NA,NA,NA,NA,NA,NA,NA,NA,NA,NA,NA,NA,NA,NA,NA
1814,5,5.8,13.7,NA,NA,NA,NA,NA,NA,NA,NA,NA,NA,NA,NA,NA,NA,NA,NA,NA,NA,NA,NA,NA,NA
1814,6,14.9,13.96,NA,NA,NA,NA,NA,NA,NA,NA,NA,NA,NA,NA,NA,NA,NA,NA,NA,NA,NA,NA,NA,NA
1814,7,18.5,14.34,NA,NA,NA,NA,NA,NA,NA,NA,NA,NA,NA,NA,NA,NA,NA,NA,NA,NA,NA,NA,NA,NA
1814,8,2.3,15.11,NA,NA,NA,NA,NA,NA,NA,NA,NA,NA,NA,NA,NA,NA,NA,NA,NA,NA,NA,NA,NA,NA
1814,9,8.1,16.2,NA,NA,NA,NA,NA,NA,NA,NA,NA,NA,NA,NA,NA,NA,NA,NA,NA,NA,NA,NA,NA,NA
1814,10,19.3,18.19,NA,NA,NA,NA,NA,NA,NA,NA,NA,NA,NA,NA,NA,NA,NA,NA,NA,NA,NA,NA,NA,NA
1814,11,14.5,17.12,NA,NA,NA,NA,NA,NA,NA,NA,NA,NA,NA,NA,NA,NA,NA,NA,NA,NA,NA,NA,NA,NA
1814,12,20.1,20.97,NA,NA,NA,NA,NA,NA,NA,NA,NA,NA,NA,NA,NA,NA,NA,NA,NA,NA,NA,NA,NA,NA
1815,1,19.2,22.55,NA,NA,NA,NA,NA,NA,NA,NA,NA,NA,NA,NA,NA,NA,NA,NA,NA,NA,NA,NA,NA,NA
1815,2,32.2,24.76,NA,NA,NA,NA,NA,NA,NA,NA,NA,NA,NA,NA,NA,NA,NA,NA,NA,NA,NA,NA,NA,NA
1815,3,26.2,27.01,NA,NA,NA,NA,NA,NA,NA,NA,NA,NA,NA,NA,NA,NA,NA,NA,NA,NA,NA,NA,NA,NA
1815,4,31.6,28.96,NA,NA,NA,NA,NA,NA,NA,NA,NA,NA,NA,NA,NA,NA,NA,NA,NA,NA,NA,NA,NA,NA
1815,5,9.8,30.34,NA,NA,NA,NA,NA,NA,NA,NA,NA,NA,NA,NA,NA,NA,NA,NA,NA,NA,NA,NA,NA,NA
1815,6,55.9,34.22,NA,NA,NA,NA,NA,NA,NA,NA,NA,NA,NA,NA,NA,NA,NA,NA,NA,NA,NA,NA,NA,NA
1815,7,35.5,34.7,NA,NA,NA,NA,NA,NA,NA,NA,NA,NA,NA,NA,NA,NA,NA,NA,NA,NA,NA,NA,NA,NA
1815,8,47.2,38.52,NA,NA,NA,NA,NA,NA,NA,NA,NA,NA,NA,NA,NA,NA,NA,NA,NA,NA,NA,NA,NA,NA
1815,9,31.5,41.71,NA,NA,NA,NA,NA,NA,NA,NA,NA,NA,NA,NA,NA,NA,NA,NA,NA,NA,NA,NA,NA,NA
1815,10,33.5,44.22,NA,NA,NA,NA,NA,NA,NA,NA,NA,NA,NA,NA,NA,NA,NA,NA,NA,NA,NA,NA,NA,NA
1815,11,37.2,45.19,NA,NA,NA,NA,NA,NA,NA,NA,NA,NA,NA,NA,NA,NA,NA,NA,NA,NA,NA,NA,NA,NA
1815,12,65,47.79,NA,NA,NA,NA,NA,NA,NA,NA,NA,NA,NA,NA,NA,NA,NA,NA,NA,NA,NA,NA,NA,NA
1816,1,26.3,46.48,NA,NA,NA,NA,NA,NA,NA,NA,NA,NA,NA,NA,NA,NA,NA,NA,NA,NA,NA,NA,NA,NA
1816,2,68.8,45.53,NA,NA,NA,NA,NA,NA,NA,NA,NA,NA,NA,NA,NA,NA,NA,NA,NA,NA,NA,NA,NA,NA
1816,3,73.7,45.58,NA,NA,NA,NA,NA,NA,NA,NA,NA,NA,NA,NA,NA,NA,NA,NA,NA,NA,NA,NA,NA,NA
1816,4,58.8,47.49,NA,NA,NA,NA,NA,NA,NA,NA,NA,NA,NA,NA,NA,NA,NA,NA,NA,NA,NA,NA,NA,NA
1816,5,44.3,47.85,NA,NA,NA,NA,NA,NA,NA,NA,NA,NA,NA,NA,NA,NA,NA,NA,NA,NA,NA,NA,NA,NA
1816,6,43.6,47.28,NA,NA,NA,NA,NA,NA,NA,NA,NA,NA,NA,NA,NA,NA,NA,NA,NA,NA,NA,NA,NA,NA
1816,7,38.8,45.08,NA,NA,NA,NA,NA,NA,NA,NA,NA,NA,NA,NA,NA,NA,NA,NA,NA,NA,NA,NA,NA,NA
1816,8,23.2,47.52,NA,NA,NA,NA,NA,NA,NA,NA,NA,NA,NA,NA,NA,NA,NA,NA,NA,NA,NA,NA,NA,NA
1816,9,47.8,49.62,NA,NA,NA,NA,NA,NA,NA,NA,NA,NA,NA,NA,NA,NA,NA,NA,NA,NA,NA,NA,NA,NA
1816,10,56.4,45.98,NA,NA,NA,NA,NA,NA,NA,NA,NA,NA,NA,NA,NA,NA,NA,NA,NA,NA,NA,NA,NA,NA
1816,11,38.1,43.09,NA,NA,NA,NA,NA,NA,NA,NA,NA,NA,NA,NA,NA,NA,NA,NA,NA,NA,NA,NA,NA,NA
1816,12,29.9,42.76,NA,NA,NA,NA,NA,NA,NA,NA,NA,NA,NA,NA,NA,NA,NA,NA,NA,NA,NA,NA,NA,NA
1817,1,36.4,43.25,NA,NA,NA,NA,NA,NA,NA,NA,NA,NA,NA,NA,NA,NA,NA,NA,NA,NA,NA,NA,NA,NA
1817,2,57.9,43.73,NA,NA,NA,NA,NA,NA,NA,NA,NA,NA,NA,NA,NA,NA,NA,NA,NA,NA,NA,NA,NA,NA
1817,3,96.2,44.77,NA,NA,NA,NA,NA,NA,NA,NA,NA,NA,NA,NA,NA,NA,NA,NA,NA,NA,NA,NA,NA,NA
1817,4,26.4,43.06,NA,NA,NA,NA,NA,NA,NA,NA,NA,NA,NA,NA,NA,NA,NA,NA,NA,NA,NA,NA,NA,NA
1817,5,21.2,40.95,NA,NA,NA,NA,NA,NA,NA,NA,NA,NA,NA,NA,NA,NA,NA,NA,NA,NA,NA,NA,NA,NA
1817,6,40,40.2,NA,NA,NA,NA,NA,NA,NA,NA,NA,NA,NA,NA,NA,NA,NA,NA,NA,NA,NA,NA,NA,NA
1817,7,50,40.58,NA,NA,NA,NA,NA,NA,NA,NA,NA,NA,NA,NA,NA,NA,NA,NA,NA,NA,NA,NA,NA,NA
1817,8,45,39.51,NA,NA,NA,NA,NA,NA,NA,NA,NA,NA,NA,NA,NA,NA,NA,NA,NA,NA,NA,NA,NA,NA
1817,9,36.7,37.01,NA,NA,NA,NA,NA,NA,NA,NA,NA,NA,NA,NA,NA,NA,NA,NA,NA,NA,NA,NA,NA,NA
1817,10,25.6,32.26,NA,NA,NA,NA,NA,NA,NA,NA,NA,NA,NA,NA,NA,NA,NA,NA,NA,NA,NA,NA,NA,NA
1817,11,28.9,34.32,NA,NA,NA,NA,NA,NA,NA,NA,NA,NA,NA,NA,NA,NA,NA,NA,NA,NA,NA,NA,NA,NA
1817,12,28.4,35.48,NA,NA,NA,NA,NA,NA,NA,NA,NA,NA,NA,NA,NA,NA,NA,NA,NA,NA,NA,NA,NA,NA
1818,1,34.9,34.56,NA,NA,NA,NA,NA,NA,NA,NA,NA,NA,NA,NA,NA,NA,NA,NA,NA,NA,NA,NA,NA,NA
1818,2,22.4,33.14,NA,NA,NA,NA,NA,NA,NA,NA,NA,NA,NA,NA,NA,NA,NA,NA,NA,NA,NA,NA,NA,NA
1818,3,25.4,31.68,NA,NA,NA,NA,NA,NA,NA,NA,NA,NA,NA,NA,NA,NA,NA,NA,NA,NA,NA,NA,NA,NA
1818,4,34.5,31.29,NA,NA,NA,NA,NA,NA,NA,NA,NA,NA,NA,NA,NA,NA,NA,NA,NA,NA,NA,NA,NA,NA
1818,5,53.1,30.16,NA,NA,NA,NA,NA,NA,NA,NA,NA,NA,NA,NA,NA,NA,NA,NA,NA,NA,NA,NA,NA,NA
1818,6,36.4,29.92,NA,NA,NA,NA,NA,NA,NA,NA,NA,NA,NA,NA,NA,NA,NA,NA,NA,NA,NA,NA,NA,NA
1818,7,28,30.26,NA,NA,NA,NA,NA,NA,NA,NA,NA,NA,NA,NA,NA,NA,NA,NA,NA,NA,NA,NA,NA,NA
1818,8,31.5,29.17,NA,NA,NA,NA,NA,NA,NA,NA,NA,NA,NA,NA,NA,NA,NA,NA,NA,NA,NA,NA,NA,NA
1818,9,26.1,27.73,NA,NA,NA,NA,NA,NA,NA,NA,NA,NA,NA,NA,NA,NA,NA,NA,NA,NA,NA,NA,NA,NA
1818,10,31.6,27.33,NA,NA,NA,NA,NA,NA,NA,NA,NA,NA,NA,NA,NA,NA,NA,NA,NA,NA,NA,NA,NA,NA
1818,11,10.9,26.18,NA,NA,NA,NA,NA,NA,NA,NA,NA,NA,NA,NA,NA,NA,NA,NA,NA,NA,NA,NA,NA,NA
1818,12,25.8,24.79,NA,NA,NA,NA,NA,NA,NA,NA,NA,NA,NA,NA,NA,NA,NA,NA,NA,NA,NA,NA,NA,NA
1819,1,32.8,24.41,NA,NA,NA,NA,NA,NA,NA,NA,NA,NA,NA,NA,NA,NA,NA,NA,NA,NA,NA,NA,NA,NA
1819,2,20.7,24.26,NA,NA,NA,NA,NA,NA,NA,NA,NA,NA,NA,NA,NA,NA,NA,NA,NA,NA,NA,NA,NA,NA
1819,3,3.7,22.98,NA,NA,NA,NA,NA,NA,NA,NA,NA,NA,NA,NA,NA,NA,NA,NA,NA,NA,NA,NA,NA,NA
1819,4,20.2,23.09,NA,NA,NA,NA,NA,NA,NA,NA,NA,NA,NA,NA,NA,NA,NA,NA,NA,NA,NA,NA,NA,NA
1819,5,19.6,22.59,NA,NA,NA,NA,NA,NA,NA,NA,NA,NA,NA,NA,NA,NA,NA,NA,NA,NA,NA,NA,NA,NA
1819,6,35,24.11,NA,NA,NA,NA,NA,NA,NA,NA,NA,NA,NA,NA,NA,NA,NA,NA,NA,NA,NA,NA,NA,NA
1819,7,31.4,23.6,NA,NA,NA,NA,NA,NA,NA,NA,NA,NA,NA,NA,NA,NA,NA,NA,NA,NA,NA,NA,NA,NA
1819,8,26.1,23.12,NA,NA,NA,NA,NA,NA,NA,NA,NA,NA,NA,NA,NA,NA,NA,NA,NA,NA,NA,NA,NA,NA
1819,9,14.9,21.88,NA,NA,NA,NA,NA,NA,NA,NA,NA,NA,NA,NA,NA,NA,NA,NA,NA,NA,NA,NA,NA,NA
1819,10,27.5,23.08,NA,NA,NA,NA,NA,NA,NA,NA,NA,NA,NA,NA,NA,NA,NA,NA,NA,NA,NA,NA,NA,NA
1819,11,25.1,23.78,NA,NA,NA,NA,NA,NA,NA,NA,NA,NA,NA,NA,NA,NA,NA,NA,NA,NA,NA,NA,NA,NA
1819,12,30.6,23.11,NA,NA,NA,NA,NA,NA,NA,NA,NA,NA,NA,NA,NA,NA,NA,NA,NA,NA,NA,NA,NA,NA
1820,1,19.2,22,NA,NA,NA,NA,NA,NA,NA,NA,NA,NA,NA,NA,NA,NA,NA,NA,NA,NA,NA,NA,NA,NA
1820,2,26.6,21.58,NA,NA,NA,NA,NA,NA,NA,NA,NA,NA,NA,NA,NA,NA,NA,NA,NA,NA,NA,NA,NA,NA
1820,3,4.5,19.97,NA,NA,NA,NA,NA,NA,NA,NA,NA,NA,NA,NA,NA,NA,NA,NA,NA,NA,NA,NA,NA,NA
1820,4,19.4,19.51,NA,NA,NA,NA,NA,NA,NA,NA,NA,NA,NA,NA,NA,NA,NA,NA,NA,NA,NA,NA,NA,NA
1820,5,29.3,18,NA,NA,NA,NA,NA,NA,NA,NA,NA,NA,NA,NA,NA,NA,NA,NA,NA,NA,NA,NA,NA,NA
1820,6,10.8,16.77,NA,NA,NA,NA,NA,NA,NA,NA,NA,NA,NA,NA,NA,NA,NA,NA,NA,NA,NA,NA,NA,NA
1820,7,20.6,16.07,NA,NA,NA,NA,NA,NA,NA,NA,NA,NA,NA,NA,NA,NA,NA,NA,NA,NA,NA,NA,NA,NA
1820,8,25.9,14.92,NA,NA,NA,NA,NA,NA,NA,NA,NA,NA,NA,NA,NA,NA,NA,NA,NA,NA,NA,NA,NA,NA
1820,9,5.2,13.31,NA,NA,NA,NA,NA,NA,NA,NA,NA,NA,NA,NA,NA,NA,NA,NA,NA,NA,NA,NA,NA,NA
1820,10,8.9,13.67,NA,NA,NA,NA,NA,NA,NA,NA,NA,NA,NA,NA,NA,NA,NA,NA,NA,NA,NA,NA,NA,NA
1820,11,7.9,12.31,NA,NA,NA,NA,NA,NA,NA,NA,NA,NA,NA,NA,NA,NA,NA,NA,NA,NA,NA,NA,NA,NA
1820,12,9.1,10.19,NA,NA,NA,NA,NA,NA,NA,NA,NA,NA,NA,NA,NA,NA,NA,NA,NA,NA,NA,NA,NA,NA
1821,1,21.5,9.55,NA,NA,NA,NA,NA,NA,NA,NA,NA,NA,NA,NA,NA,NA,NA,NA,NA,NA,NA,NA,NA,NA
1821,2,4.2,8.34,NA,NA,NA,NA,NA,NA,NA,NA,NA,NA,NA,NA,NA,NA,NA,NA,NA,NA,NA,NA,NA,NA
1821,3,5.7,6.68,NA,NA,NA,NA,NA,NA,NA,NA,NA,NA,NA,NA,NA,NA,NA,NA,NA,NA,NA,NA,NA,NA
1821,4,9.2,7.73,NA,NA,NA,NA,NA,NA,NA,NA,NA,NA,NA,NA,NA,NA,NA,NA,NA,NA,NA,NA,NA,NA
1821,5,1.7,7.38,NA,NA,NA,NA,NA,NA,NA,NA,NA,NA,NA,NA,NA,NA,NA,NA,NA,NA,NA,NA,NA,NA
1821,6,1.8,6.79,NA,NA,NA,NA,NA,NA,NA,NA,NA,NA,NA,NA,NA,NA,NA,NA,NA,NA,NA,NA,NA,NA
1821,7,2.5,6.09,NA,NA,NA,NA,NA,NA,NA,NA,NA,NA,NA,NA,NA,NA,NA,NA,NA,NA,NA,NA,NA,NA
1821,8,4.8,4.51,NA,NA,NA,NA,NA,NA,NA,NA,NA,NA,NA,NA,NA,NA,NA,NA,NA,NA,NA,NA,NA,NA
1821,9,4.4,5.42,NA,NA,NA,NA,NA,NA,NA,NA,NA,NA,NA,NA,NA,NA,NA,NA,NA,NA,NA,NA,NA,NA
1821,10,18.8,6.02,NA,NA,NA,NA,NA,NA,NA,NA,NA,NA,NA,NA,NA,NA,NA,NA,NA,NA,NA,NA,NA,NA
1821,11,4.4,5.43,NA,NA,NA,NA,NA,NA,NA,NA,NA,NA,NA,NA,NA,NA,NA,NA,NA,NA,NA,NA,NA,NA
1821,12,0.2,5.73,NA,NA,NA,NA,NA,NA,NA,NA,NA,NA,NA,NA,NA,NA,NA,NA,NA,NA,NA,NA,NA,NA
1822,1,0,6.2,NA,NA,NA,NA,NA,NA,NA,NA,NA,NA,NA,NA,NA,NA,NA,NA,NA,NA,NA,NA,NA,NA
1822,2,0.9,6.17,NA,NA,NA,NA,NA,NA,NA,NA,NA,NA,NA,NA,NA,NA,NA,NA,NA,NA,NA,NA,NA,NA
1822,3,16.1,5.8,NA,NA,NA,NA,NA,NA,NA,NA,NA,NA,NA,NA,NA,NA,NA,NA,NA,NA,NA,NA,NA,NA
1822,4,13.5,5.49,NA,NA,NA,NA,NA,NA,NA,NA,NA,NA,NA,NA,NA,NA,NA,NA,NA,NA,NA,NA,NA,NA
1822,5,1.5,4.05,NA,NA,NA,NA,NA,NA,NA,NA,NA,NA,NA,NA,NA,NA,NA,NA,NA,NA,NA,NA,NA,NA
1822,6,5.6,3.71,NA,NA,NA,NA,NA,NA,NA,NA,NA,NA,NA,NA,NA,NA,NA,NA,NA,NA,NA,NA,NA,NA
1822,7,7.9,3.69,NA,NA,NA,NA,NA,NA,NA,NA,NA,NA,NA,NA,NA,NA,NA,NA,NA,NA,NA,NA,NA,NA
1822,8,2.1,3.69,NA,NA,NA,NA,NA,NA,NA,NA,NA,NA,NA,NA,NA,NA,NA,NA,NA,NA,NA,NA,NA,NA
1822,9,0,3.67,NA,NA,NA,NA,NA,NA,NA,NA,NA,NA,NA,NA,NA,NA,NA,NA,NA,NA,NA,NA,NA,NA
1822,10,0.4,2.43,NA,NA,NA,NA,NA,NA,NA,NA,NA,NA,NA,NA,NA,NA,NA,NA,NA,NA,NA,NA,NA,NA
1822,11,0,1.39,NA,NA,NA,NA,NA,NA,NA,NA,NA,NA,NA,NA,NA,NA,NA,NA,NA,NA,NA,NA,NA,NA
1822,12,0,1.28,NA,NA,NA,NA,NA,NA,NA,NA,NA,NA,NA,NA,NA,NA,NA,NA,NA,NA,NA,NA,NA,NA
1823,1,0,0.88,NA,NA,NA,NA,NA,NA,NA,NA,NA,NA,NA,NA,NA,NA,NA,NA,NA,NA,NA,NA,NA,NA
1823,2,0,0.28,NA,NA,NA,NA,NA,NA,NA,NA,NA,NA,NA,NA,NA,NA,NA,NA,NA,NA,NA,NA,NA,NA
1823,3,0.6,0.12,NA,NA,NA,NA,NA,NA,NA,NA,NA,NA,NA,NA,NA,NA,NA,NA,NA,NA,NA,NA,NA,NA
1823,4,0,0.12,NA,NA,NA,NA,NA,NA,NA,NA,NA,NA,NA,NA,NA,NA,NA,NA,NA,NA,NA,NA,NA,NA
1823,5,0,0.08,NA,NA,NA,NA,NA,NA,NA,NA,NA,NA,NA,NA,NA,NA,NA,NA,NA,NA,NA,NA,NA,NA
1823,6,0,1.65,NA,NA,NA,NA,NA,NA,NA,NA,NA,NA,NA,NA,NA,NA,NA,NA,NA,NA,NA,NA,NA,NA
1823,7,0.5,3.32,NA,NA,NA,NA,NA,NA,NA,NA,NA,NA,NA,NA,NA,NA,NA,NA,NA,NA,NA,NA,NA,NA
1823,8,0,4.15,NA,NA,NA,NA,NA,NA,NA,NA,NA,NA,NA,NA,NA,NA,NA,NA,NA,NA,NA,NA,NA,NA
1823,9,0,4.15,NA,NA,NA,NA,NA,NA,NA,NA,NA,NA,NA,NA,NA,NA,NA,NA,NA,NA,NA,NA,NA,NA
1823,10,0,5.6,NA,NA,NA,NA,NA,NA,NA,NA,NA,NA,NA,NA,NA,NA,NA,NA,NA,NA,NA,NA,NA,NA
1823,11,0,5.82,NA,NA,NA,NA,NA,NA,NA,NA,NA,NA,NA,NA,NA,NA,NA,NA,NA,NA,NA,NA,NA,NA
1823,12,20.4,5.82,NA,NA,NA,NA,NA,NA,NA,NA,NA,NA,NA,NA,NA,NA,NA,NA,NA,NA,NA,NA,NA,NA
1824,1,21.7,5.82,NA,NA,NA,NA,NA,NA,NA,NA,NA,NA,NA,NA,NA,NA,NA,NA,NA,NA,NA,NA,NA,NA
1824,2,10.8,5.88,NA,NA,NA,NA,NA,NA,NA,NA,NA,NA,NA,NA,NA,NA,NA,NA,NA,NA,NA,NA,NA,NA
1824,3,0,7.46,NA,NA,NA,NA,NA,NA,NA,NA,NA,NA,NA,NA,NA,NA,NA,NA,NA,NA,NA,NA,NA,NA
1824,4,19.4,9.4,NA,NA,NA,NA,NA,NA,NA,NA,NA,NA,NA,NA,NA,NA,NA,NA,NA,NA,NA,NA,NA,NA
1824,5,2.8,9.4,NA,NA,NA,NA,NA,NA,NA,NA,NA,NA,NA,NA,NA,NA,NA,NA,NA,NA,NA,NA,NA,NA
1824,6,0,9.46,NA,NA,NA,NA,NA,NA,NA,NA,NA,NA,NA,NA,NA,NA,NA,NA,NA,NA,NA,NA,NA,NA
1824,7,0,8.28,NA,NA,NA,NA,NA,NA,NA,NA,NA,NA,NA,NA,NA,NA,NA,NA,NA,NA,NA,NA,NA,NA
1824,8,1.4,7.8,NA,NA,NA,NA,NA,NA,NA,NA,NA,NA,NA,NA,NA,NA,NA,NA,NA,NA,NA,NA,NA,NA
1824,9,20.5,8.69,NA,NA,NA,NA,NA,NA,NA,NA,NA,NA,NA,NA,NA,NA,NA,NA,NA,NA,NA,NA,NA,NA
1824,10,25.2,8.98,NA,NA,NA,NA,NA,NA,NA,NA,NA,NA,NA,NA,NA,NA,NA,NA,NA,NA,NA,NA,NA,NA
1824,11,0,8.68,NA,NA,NA,NA,NA,NA,NA,NA,NA,NA,NA,NA,NA,NA,NA,NA,NA,NA,NA,NA,NA,NA
1824,12,0.8,9.65,NA,NA,NA,NA,NA,NA,NA,NA,NA,NA,NA,NA,NA,NA,NA,NA,NA,NA,NA,NA,NA,NA
1825,1,5,12.03,NA,NA,NA,NA,NA,NA,NA,NA,NA,NA,NA,NA,NA,NA,NA,NA,NA,NA,NA,NA,NA,NA
1825,2,15.5,14.01,NA,NA,NA,NA,NA,NA,NA,NA,NA,NA,NA,NA,NA,NA,NA,NA,NA,NA,NA,NA,NA,NA
1825,3,22.4,15.11,NA,NA,NA,NA,NA,NA,NA,NA,NA,NA,NA,NA,NA,NA,NA,NA,NA,NA,NA,NA,NA,NA
1825,4,3.8,14.73,NA,NA,NA,NA,NA,NA,NA,NA,NA,NA,NA,NA,NA,NA,NA,NA,NA,NA,NA,NA,NA,NA
1825,5,15.5,13.69,NA,NA,NA,NA,NA,NA,NA,NA,NA,NA,NA,NA,NA,NA,NA,NA,NA,NA,NA,NA,NA,NA
1825,6,15.4,15.38,NA,NA,NA,NA,NA,NA,NA,NA,NA,NA,NA,NA,NA,NA,NA,NA,NA,NA,NA,NA,NA,NA
1825,7,30.9,16.68,NA,NA,NA,NA,NA,NA,NA,NA,NA,NA,NA,NA,NA,NA,NA,NA,NA,NA,NA,NA,NA,NA
1825,8,25.7,17.7,NA,NA,NA,NA,NA,NA,NA,NA,NA,NA,NA,NA,NA,NA,NA,NA,NA,NA,NA,NA,NA,NA
1825,9,15.7,19.33,NA,NA,NA,NA,NA,NA,NA,NA,NA,NA,NA,NA,NA,NA,NA,NA,NA,NA,NA,NA,NA,NA
1825,10,15.6,19.45,NA,NA,NA,NA,NA,NA,NA,NA,NA,NA,NA,NA,NA,NA,NA,NA,NA,NA,NA,NA,NA,NA
1825,11,11.7,21.65,NA,NA,NA,NA,NA,NA,NA,NA,NA,NA,NA,NA,NA,NA,NA,NA,NA,NA,NA,NA,NA,NA
1825,12,22,23.32,NA,NA,NA,NA,NA,NA,NA,NA,NA,NA,NA,NA,NA,NA,NA,NA,NA,NA,NA,NA,NA,NA
1826,1,17.7,26.17,NA,NA,NA,NA,NA,NA,NA,NA,NA,NA,NA,NA,NA,NA,NA,NA,NA,NA,NA,NA,NA,NA
1826,2,18.2,26.84,NA,NA,NA,NA,NA,NA,NA,NA,NA,NA,NA,NA,NA,NA,NA,NA,NA,NA,NA,NA,NA,NA
1826,3,36.7,26.32,NA,NA,NA,NA,NA,NA,NA,NA,NA,NA,NA,NA,NA,NA,NA,NA,NA,NA,NA,NA,NA,NA
1826,4,24,29,NA,NA,NA,NA,NA,NA,NA,NA,NA,NA,NA,NA,NA,NA,NA,NA,NA,NA,NA,NA,NA,NA
1826,5,32.4,30.84,NA,NA,NA,NA,NA,NA,NA,NA,NA,NA,NA,NA,NA,NA,NA,NA,NA,NA,NA,NA,NA,NA
1826,6,37.1,35.18,NA,NA,NA,NA,NA,NA,NA,NA,NA,NA,NA,NA,NA,NA,NA,NA,NA,NA,NA,NA,NA,NA
1826,7,52.5,36.15,NA,NA,NA,NA,NA,NA,NA,NA,NA,NA,NA,NA,NA,NA,NA,NA,NA,NA,NA,NA,NA,NA
1826,8,39.6,38.43,NA,NA,NA,NA,NA,NA,NA,NA,NA,NA,NA,NA,NA,NA,NA,NA,NA,NA,NA,NA,NA,NA
1826,9,18.9,41.48,NA,NA,NA,NA,NA,NA,NA,NA,NA,NA,NA,NA,NA,NA,NA,NA,NA,NA,NA,NA,NA,NA
1826,10,50.6,42.19,NA,NA,NA,NA,NA,NA,NA,NA,NA,NA,NA,NA,NA,NA,NA,NA,NA,NA,NA,NA,NA,NA
1826,11,39.5,44.68,NA,NA,NA,NA,NA,NA,NA,NA,NA,NA,NA,NA,NA,NA,NA,NA,NA,NA,NA,NA,NA,NA
1826,12,68.1,46.55,NA,NA,NA,NA,NA,NA,NA,NA,NA,NA,NA,NA,NA,NA,NA,NA,NA,NA,NA,NA,NA,NA
1827,1,34.6,46.95,NA,NA,NA,NA,NA,NA,NA,NA,NA,NA,NA,NA,NA,NA,NA,NA,NA,NA,NA,NA,NA,NA
1827,2,47.4,47.04,NA,NA,NA,NA,NA,NA,NA,NA,NA,NA,NA,NA,NA,NA,NA,NA,NA,NA,NA,NA,NA,NA
1827,3,57.8,47.81,NA,NA,NA,NA,NA,NA,NA,NA,NA,NA,NA,NA,NA,NA,NA,NA,NA,NA,NA,NA,NA,NA
1827,4,46,50.67,NA,NA,NA,NA,NA,NA,NA,NA,NA,NA,NA,NA,NA,NA,NA,NA,NA,NA,NA,NA,NA,NA
1827,5,56.3,50.48,NA,NA,NA,NA,NA,NA,NA,NA,NA,NA,NA,NA,NA,NA,NA,NA,NA,NA,NA,NA,NA,NA
1827,6,56.7,50.99,NA,NA,NA,NA,NA,NA,NA,NA,NA,NA,NA,NA,NA,NA,NA,NA,NA,NA,NA,NA,NA,NA
1827,7,42.3,49.82,NA,NA,NA,NA,NA,NA,NA,NA,NA,NA,NA,NA,NA,NA,NA,NA,NA,NA,NA,NA,NA,NA
1827,8,53.7,52.11,NA,NA,NA,NA,NA,NA,NA,NA,NA,NA,NA,NA,NA,NA,NA,NA,NA,NA,NA,NA,NA,NA
1827,9,49.6,53.46,NA,NA,NA,NA,NA,NA,NA,NA,NA,NA,NA,NA,NA,NA,NA,NA,NA,NA,NA,NA,NA,NA
1827,10,56.1,53.72,NA,NA,NA,NA,NA,NA,NA,NA,NA,NA,NA,NA,NA,NA,NA,NA,NA,NA,NA,NA,NA,NA
1827,11,48.2,57.03,NA,NA,NA,NA,NA,NA,NA,NA,NA,NA,NA,NA,NA,NA,NA,NA,NA,NA,NA,NA,NA,NA
1827,12,46.1,60.24,NA,NA,NA,NA,NA,NA,NA,NA,NA,NA,NA,NA,NA,NA,NA,NA,NA,NA,NA,NA,NA,NA
1828,1,52.8,60.05,NA,NA,NA,NA,NA,NA,NA,NA,NA,NA,NA,NA,NA,NA,NA,NA,NA,NA,NA,NA,NA,NA
1828,2,64.4,62.67,NA,NA,NA,NA,NA,NA,NA,NA,NA,NA,NA,NA,NA,NA,NA,NA,NA,NA,NA,NA,NA,NA
1828,3,65,62.42,NA,NA,NA,NA,NA,NA,NA,NA,NA,NA,NA,NA,NA,NA,NA,NA,NA,NA,NA,NA,NA,NA
1828,4,61.1,62.81,NA,NA,NA,NA,NA,NA,NA,NA,NA,NA,NA,NA,NA,NA,NA,NA,NA,NA,NA,NA,NA,NA
1828,5,89.1,62.88,NA,NA,NA,NA,NA,NA,NA,NA,NA,NA,NA,NA,NA,NA,NA,NA,NA,NA,NA,NA,NA,NA
1828,6,98,62.78,NA,NA,NA,NA,NA,NA,NA,NA,NA,NA,NA,NA,NA,NA,NA,NA,NA,NA,NA,NA,NA,NA
1828,7,54.2,62.54,NA,NA,NA,NA,NA,NA,NA,NA,NA,NA,NA,NA,NA,NA,NA,NA,NA,NA,NA,NA,NA,NA
1828,8,76.4,62.28,NA,NA,NA,NA,NA,NA,NA,NA,NA,NA,NA,NA,NA,NA,NA,NA,NA,NA,NA,NA,NA,NA
1828,9,50.4,62.88,NA,NA,NA,NA,NA,NA,NA,NA,NA,NA,NA,NA,NA,NA,NA,NA,NA,NA,NA,NA,NA,NA
1828,10,54.7,65.19,NA,NA,NA,NA,NA,NA,NA,NA,NA,NA,NA,NA,NA,NA,NA,NA,NA,NA,NA,NA,NA,NA
1828,11,57,65.68,NA,NA,NA,NA,NA,NA,NA,NA,NA,NA,NA,NA,NA,NA,NA,NA,NA,NA,NA,NA,NA,NA
1828,12,46.9,64.51,NA,NA,NA,NA,NA,NA,NA,NA,NA,NA,NA,NA,NA,NA,NA,NA,NA,NA,NA,NA,NA,NA
1829,1,43,63.95,NA,NA,NA,NA,NA,NA,NA,NA,NA,NA,NA,NA,NA,NA,NA,NA,NA,NA,NA,NA,NA,NA
1829,2,49.4,65.75,NA,NA,NA,NA,NA,NA,NA,NA,NA,NA,NA,NA,NA,NA,NA,NA,NA,NA,NA,NA,NA,NA
1829,3,72.3,63.94,NA,NA,NA,NA,NA,NA,NA,NA,NA,NA,NA,NA,NA,NA,NA,NA,NA,NA,NA,NA,NA,NA
1829,4,95,64.46,NA,NA,NA,NA,NA,NA,NA,NA,NA,NA,NA,NA,NA,NA,NA,NA,NA,NA,NA,NA,NA,NA
1829,5,67.4,65.45,NA,NA,NA,NA,NA,NA,NA,NA,NA,NA,NA,NA,NA,NA,NA,NA,NA,NA,NA,NA,NA,NA
1829,6,73.9,65.42,NA,NA,NA,NA,NA,NA,NA,NA,NA,NA,NA,NA,NA,NA,NA,NA,NA,NA,NA,NA,NA,NA
1829,7,90.8,65.82,NA,NA,NA,NA,NA,NA,NA,NA,NA,NA,NA,NA,NA,NA,NA,NA,NA,NA,NA,NA,NA,NA
1829,8,77.6,68.06,NA,NA,NA,NA,NA,NA,NA,NA,NA,NA,NA,NA,NA,NA,NA,NA,NA,NA,NA,NA,NA,NA
1829,9,52.8,70.77,NA,NA,NA,NA,NA,NA,NA,NA,NA,NA,NA,NA,NA,NA,NA,NA,NA,NA,NA,NA,NA,NA
1829,10,57.2,73.38,NA,NA,NA,NA,NA,NA,NA,NA,NA,NA,NA,NA,NA,NA,NA,NA,NA,NA,NA,NA,NA,NA
1829,11,67.6,71.18,NA,NA,NA,NA,NA,NA,NA,NA,NA,NA,NA,NA,NA,NA,NA,NA,NA,NA,NA,NA,NA,NA
1829,12,56.5,71,NA,NA,NA,NA,NA,NA,NA,NA,NA,NA,NA,NA,NA,NA,NA,NA,NA,NA,NA,NA,NA,NA
1830,1,52.2,68.69,NA,NA,NA,NA,NA,NA,NA,NA,NA,NA,NA,NA,NA,NA,NA,NA,NA,NA,NA,NA,NA,NA
1830,2,72.1,65.61,NA,NA,NA,NA,NA,NA,NA,NA,NA,NA,NA,NA,NA,NA,NA,NA,NA,NA,NA,NA,NA,NA
1830,3,84.6,64.42,NA,NA,NA,NA,NA,NA,NA,NA,NA,NA,NA,NA,NA,NA,NA,NA,NA,NA,NA,NA,NA,NA
1830,4,106.3,66.85,NA,NA,NA,NA,NA,NA,NA,NA,NA,NA,NA,NA,NA,NA,NA,NA,NA,NA,NA,NA,NA,NA
1830,5,66.3,68.69,NA,NA,NA,NA,NA,NA,NA,NA,NA,NA,NA,NA,NA,NA,NA,NA,NA,NA,NA,NA,NA,NA
1830,6,65.1,69.81,NA,NA,NA,NA,NA,NA,NA,NA,NA,NA,NA,NA,NA,NA,NA,NA,NA,NA,NA,NA,NA,NA
1830,7,43.9,69.12,NA,NA,NA,NA,NA,NA,NA,NA,NA,NA,NA,NA,NA,NA,NA,NA,NA,NA,NA,NA,NA,NA
1830,8,50.7,68.95,NA,NA,NA,NA,NA,NA,NA,NA,NA,NA,NA,NA,NA,NA,NA,NA,NA,NA,NA,NA,NA,NA
1830,9,62.1,70.59,NA,NA,NA,NA,NA,NA,NA,NA,NA,NA,NA,NA,NA,NA,NA,NA,NA,NA,NA,NA,NA,NA
1830,10,84.4,68.28,NA,NA,NA,NA,NA,NA,NA,NA,NA,NA,NA,NA,NA,NA,NA,NA,NA,NA,NA,NA,NA,NA
1830,11,81.2,63.03,NA,NA,NA,NA,NA,NA,NA,NA,NA,NA,NA,NA,NA,NA,NA,NA,NA,NA,NA,NA,NA,NA
1830,12,82.1,60.5,NA,NA,NA,NA,NA,NA,NA,NA,NA,NA,NA,NA,NA,NA,NA,NA,NA,NA,NA,NA,NA,NA
1831,1,47.5,58.97,NA,NA,NA,NA,NA,NA,NA,NA,NA,NA,NA,NA,NA,NA,NA,NA,NA,NA,NA,NA,NA,NA
1831,2,50.1,59.82,NA,NA,NA,NA,NA,NA,NA,NA,NA,NA,NA,NA,NA,NA,NA,NA,NA,NA,NA,NA,NA,NA
1831,3,93.4,58.84,NA,NA,NA,NA,NA,NA,NA,NA,NA,NA,NA,NA,NA,NA,NA,NA,NA,NA,NA,NA,NA,NA
1831,4,54.5,57.62,NA,NA,NA,NA,NA,NA,NA,NA,NA,NA,NA,NA,NA,NA,NA,NA,NA,NA,NA,NA,NA,NA
1831,5,38.1,54.48,NA,NA,NA,NA,NA,NA,NA,NA,NA,NA,NA,NA,NA,NA,NA,NA,NA,NA,NA,NA,NA,NA
1831,6,33.4,50.45,NA,NA,NA,NA,NA,NA,NA,NA,NA,NA,NA,NA,NA,NA,NA,NA,NA,NA,NA,NA,NA,NA
1831,7,45.2,46.52,NA,NA,NA,NA,NA,NA,NA,NA,NA,NA,NA,NA,NA,NA,NA,NA,NA,NA,NA,NA,NA,NA
1831,8,55,47.14,NA,NA,NA,NA,NA,NA,NA,NA,NA,NA,NA,NA,NA,NA,NA,NA,NA,NA,NA,NA,NA,NA
1831,9,37.9,47.52,NA,NA,NA,NA,NA,NA,NA,NA,NA,NA,NA,NA,NA,NA,NA,NA,NA,NA,NA,NA,NA,NA
1831,10,46.3,42.41,NA,NA,NA,NA,NA,NA,NA,NA,NA,NA,NA,NA,NA,NA,NA,NA,NA,NA,NA,NA,NA,NA
1831,11,43.5,41.39,NA,NA,NA,NA,NA,NA,NA,NA,NA,NA,NA,NA,NA,NA,NA,NA,NA,NA,NA,NA,NA,NA
1831,12,28.9,40.52,NA,NA,NA,NA,NA,NA,NA,NA,NA,NA,NA,NA,NA,NA,NA,NA,NA,NA,NA,NA,NA,NA
1832,1,30.9,39.02,NA,NA,NA,NA,NA,NA,NA,NA,NA,NA,NA,NA,NA,NA,NA,NA,NA,NA,NA,NA,NA,NA
1832,2,55.6,36.23,NA,NA,NA,NA,NA,NA,NA,NA,NA,NA,NA,NA,NA,NA,NA,NA,NA,NA,NA,NA,NA,NA
1832,3,55.1,32.63,NA,NA,NA,NA,NA,NA,NA,NA,NA,NA,NA,NA,NA,NA,NA,NA,NA,NA,NA,NA,NA,NA
1832,4,26.9,31.34,NA,NA,NA,NA,NA,NA,NA,NA,NA,NA,NA,NA,NA,NA,NA,NA,NA,NA,NA,NA,NA,NA
1832,5,41.3,28.88,NA,NA,NA,NA,NA,NA,NA,NA,NA,NA,NA,NA,NA,NA,NA,NA,NA,NA,NA,NA,NA,NA
1832,6,26.7,27.65,NA,NA,NA,NA,NA,NA,NA,NA,NA,NA,NA,NA,NA,NA,NA,NA,NA,NA,NA,NA,NA,NA
1832,7,14,26.29,NA,NA,NA,NA,NA,NA,NA,NA,NA,NA,NA,NA,NA,NA,NA,NA,NA,NA,NA,NA,NA,NA
1832,8,8.9,25.06,NA,NA,NA,NA,NA,NA,NA,NA,NA,NA,NA,NA,NA,NA,NA,NA,NA,NA,NA,NA,NA,NA
1832,9,8.2,21.69,NA,NA,NA,NA,NA,NA,NA,NA,NA,NA,NA,NA,NA,NA,NA,NA,NA,NA,NA,NA,NA,NA
1832,10,21.1,17.67,NA,NA,NA,NA,NA,NA,NA,NA,NA,NA,NA,NA,NA,NA,NA,NA,NA,NA,NA,NA,NA,NA
1832,11,14.3,16.59,NA,NA,NA,NA,NA,NA,NA,NA,NA,NA,NA,NA,NA,NA,NA,NA,NA,NA,NA,NA,NA,NA
1832,12,27.5,13.49,NA,NA,NA,NA,NA,NA,NA,NA,NA,NA,NA,NA,NA,NA,NA,NA,NA,NA,NA,NA,NA,NA
1833,1,11.3,11.98,NA,NA,NA,NA,NA,NA,NA,NA,NA,NA,NA,NA,NA,NA,NA,NA,NA,NA,NA,NA,NA,NA
1833,2,14.9,11.34,NA,NA,NA,NA,NA,NA,NA,NA,NA,NA,NA,NA,NA,NA,NA,NA,NA,NA,NA,NA,NA,NA
1833,3,11.8,11.55,NA,NA,NA,NA,NA,NA,NA,NA,NA,NA,NA,NA,NA,NA,NA,NA,NA,NA,NA,NA,NA,NA
1833,4,2.8,11.49,NA,NA,NA,NA,NA,NA,NA,NA,NA,NA,NA,NA,NA,NA,NA,NA,NA,NA,NA,NA,NA,NA
1833,5,12.9,10.32,NA,NA,NA,NA,NA,NA,NA,NA,NA,NA,NA,NA,NA,NA,NA,NA,NA,NA,NA,NA,NA,NA
1833,6,1,9.98,NA,NA,NA,NA,NA,NA,NA,NA,NA,NA,NA,NA,NA,NA,NA,NA,NA,NA,NA,NA,NA,NA
1833,7,7,8.25,NA,NA,NA,NA,NA,NA,NA,NA,NA,NA,NA,NA,NA,NA,NA,NA,NA,NA,NA,NA,NA,NA
1833,8,5.7,8.77,NA,NA,NA,NA,NA,NA,NA,NA,NA,NA,NA,NA,NA,NA,NA,NA,NA,NA,NA,NA,NA,NA
1833,9,11.6,7.92,NA,NA,NA,NA,NA,NA,NA,NA,NA,NA,NA,NA,NA,NA,NA,NA,NA,NA,NA,NA,NA,NA
1833,10,7.5,7.12,NA,NA,NA,NA,NA,NA,NA,NA,NA,NA,NA,NA,NA,NA,NA,NA,NA,NA,NA,NA,NA,NA
1833,11,5.9,7.58,NA,NA,NA,NA,NA,NA,NA,NA,NA,NA,NA,NA,NA,NA,NA,NA,NA,NA,NA,NA,NA,NA
1833,12,9.9,7.19,NA,NA,NA,NA,NA,NA,NA,NA,NA,NA,NA,NA,NA,NA,NA,NA,NA,NA,NA,NA,NA,NA
1834,1,4.9,7.78,NA,NA,NA,NA,NA,NA,NA,NA,NA,NA,NA,NA,NA,NA,NA,NA,NA,NA,NA,NA,NA,NA
1834,2,18.1,7.55,NA,NA,NA,NA,NA,NA,NA,NA,NA,NA,NA,NA,NA,NA,NA,NA,NA,NA,NA,NA,NA,NA
1834,3,3.9,8,NA,NA,NA,NA,NA,NA,NA,NA,NA,NA,NA,NA,NA,NA,NA,NA,NA,NA,NA,NA,NA,NA
1834,4,1.4,9.02,NA,NA,NA,NA,NA,NA,NA,NA,NA,NA,NA,NA,NA,NA,NA,NA,NA,NA,NA,NA,NA,NA
1834,5,8.8,10.78,NA,NA,NA,NA,NA,NA,NA,NA,NA,NA,NA,NA,NA,NA,NA,NA,NA,NA,NA,NA,NA,NA
1834,6,7.8,12.98,NA,NA,NA,NA,NA,NA,NA,NA,NA,NA,NA,NA,NA,NA,NA,NA,NA,NA,NA,NA,NA,NA
1834,7,8.7,12.8,NA,NA,NA,NA,NA,NA,NA,NA,NA,NA,NA,NA,NA,NA,NA,NA,NA,NA,NA,NA,NA,NA
1834,8,4,14.31,NA,NA,NA,NA,NA,NA,NA,NA,NA,NA,NA,NA,NA,NA,NA,NA,NA,NA,NA,NA,NA,NA
1834,9,11.5,14.43,NA,NA,NA,NA,NA,NA,NA,NA,NA,NA,NA,NA,NA,NA,NA,NA,NA,NA,NA,NA,NA,NA
1834,10,24.8,18.86,NA,NA,NA,NA,NA,NA,NA,NA,NA,NA,NA,NA,NA,NA,NA,NA,NA,NA,NA,NA,NA,NA
1834,11,30.5,22.11,NA,NA,NA,NA,NA,NA,NA,NA,NA,NA,NA,NA,NA,NA,NA,NA,NA,NA,NA,NA,NA,NA
1834,12,34.5,23.98,NA,NA,NA,NA,NA,NA,NA,NA,NA,NA,NA,NA,NA,NA,NA,NA,NA,NA,NA,NA,NA,NA
1835,1,7.5,27.98,NA,NA,NA,NA,NA,NA,NA,NA,NA,NA,NA,NA,NA,NA,NA,NA,NA,NA,NA,NA,NA,NA
1835,2,24.5,31.85,NA,NA,NA,NA,NA,NA,NA,NA,NA,NA,NA,NA,NA,NA,NA,NA,NA,NA,NA,NA,NA,NA
1835,3,19.7,39.3,NA,NA,NA,NA,NA,NA,NA,NA,NA,NA,NA,NA,NA,NA,NA,NA,NA,NA,NA,NA,NA,NA
1835,4,61.5,45.74,NA,NA,NA,NA,NA,NA,NA,NA,NA,NA,NA,NA,NA,NA,NA,NA,NA,NA,NA,NA,NA,NA
1835,5,43.6,51.52,NA,NA,NA,NA,NA,NA,NA,NA,NA,NA,NA,NA,NA,NA,NA,NA,NA,NA,NA,NA,NA,NA
1835,6,33.2,55.14,NA,NA,NA,NA,NA,NA,NA,NA,NA,NA,NA,NA,NA,NA,NA,NA,NA,NA,NA,NA,NA,NA
1835,7,59.8,59.3,NA,NA,NA,NA,NA,NA,NA,NA,NA,NA,NA,NA,NA,NA,NA,NA,NA,NA,NA,NA,NA,NA
1835,8,59,67,NA,NA,NA,NA,NA,NA,NA,NA,NA,NA,NA,NA,NA,NA,NA,NA,NA,NA,NA,NA,NA,NA
1835,9,100.8,72.67,NA,NA,NA,NA,NA,NA,NA,NA,NA,NA,NA,NA,NA,NA,NA,NA,NA,NA,NA,NA,NA,NA
1835,10,95.2,82.15,NA,NA,NA,NA,NA,NA,NA,NA,NA,NA,NA,NA,NA,NA,NA,NA,NA,NA,NA,NA,NA,NA
1835,11,100,85.98,NA,NA,NA,NA,NA,NA,NA,NA,NA,NA,NA,NA,NA,NA,NA,NA,NA,NA,NA,NA,NA,NA
1835,12,77.5,92.22,NA,NA,NA,NA,NA,NA,NA,NA,NA,NA,NA,NA,NA,NA,NA,NA,NA,NA,NA,NA,NA,NA
1836,1,88.6,98.65,NA,NA,NA,NA,NA,NA,NA,NA,NA,NA,NA,NA,NA,NA,NA,NA,NA,NA,NA,NA,NA,NA
1836,2,107.6,102.34,NA,NA,NA,NA,NA,NA,NA,NA,NA,NA,NA,NA,NA,NA,NA,NA,NA,NA,NA,NA,NA,NA
1836,3,98.2,105.12,NA,NA,NA,NA,NA,NA,NA,NA,NA,NA,NA,NA,NA,NA,NA,NA,NA,NA,NA,NA,NA,NA
1836,4,142.9,107.93,NA,NA,NA,NA,NA,NA,NA,NA,NA,NA,NA,NA,NA,NA,NA,NA,NA,NA,NA,NA,NA,NA
1836,5,111.4,109.91,NA,NA,NA,NA,NA,NA,NA,NA,NA,NA,NA,NA,NA,NA,NA,NA,NA,NA,NA,NA,NA,NA
1836,6,124.7,118.08,NA,NA,NA,NA,NA,NA,NA,NA,NA,NA,NA,NA,NA,NA,NA,NA,NA,NA,NA,NA,NA,NA
1836,7,116.7,126.58,NA,NA,NA,NA,NA,NA,NA,NA,NA,NA,NA,NA,NA,NA,NA,NA,NA,NA,NA,NA,NA,NA
1836,8,107.8,133.27,NA,NA,NA,NA,NA,NA,NA,NA,NA,NA,NA,NA,NA,NA,NA,NA,NA,NA,NA,NA,NA,NA
1836,9,95.1,135.35,NA,NA,NA,NA,NA,NA,NA,NA,NA,NA,NA,NA,NA,NA,NA,NA,NA,NA,NA,NA,NA,NA
1836,10,137.4,138.42,NA,NA,NA,NA,NA,NA,NA,NA,NA,NA,NA,NA,NA,NA,NA,NA,NA,NA,NA,NA,NA,NA
1836,11,120.9,136.02,NA,NA,NA,NA,NA,NA,NA,NA,NA,NA,NA,NA,NA,NA,NA,NA,NA,NA,NA,NA,NA,NA
1836,12,206.2,139.61,NA,NA,NA,NA,NA,NA,NA,NA,NA,NA,NA,NA,NA,NA,NA,NA,NA,NA,NA,NA,NA,NA
1837,1,188,142.54,NA,NA,NA,NA,NA,NA,NA,NA,NA,NA,NA,NA,NA,NA,NA,NA,NA,NA,NA,NA,NA,NA
1837,2,175.6,143.87,NA,NA,NA,NA,NA,NA,NA,NA,NA,NA,NA,NA,NA,NA,NA,NA,NA,NA,NA,NA,NA,NA
1837,3,134.6,142.98,NA,NA,NA,NA,NA,NA,NA,NA,NA,NA,NA,NA,NA,NA,NA,NA,NA,NA,NA,NA,NA,NA
1837,4,138.2,145.18,NA,NA,NA,NA,NA,NA,NA,NA,NA,NA,NA,NA,NA,NA,NA,NA,NA,NA,NA,NA,NA,NA
1837,5,111.7,142.85,NA,NA,NA,NA,NA,NA,NA,NA,NA,NA,NA,NA,NA,NA,NA,NA,NA,NA,NA,NA,NA,NA
1837,6,158,143.53,NA,NA,NA,NA,NA,NA,NA,NA,NA,NA,NA,NA,NA,NA,NA,NA,NA,NA,NA,NA,NA,NA
1837,7,162.8,138.82,NA,NA,NA,NA,NA,NA,NA,NA,NA,NA,NA,NA,NA,NA,NA,NA,NA,NA,NA,NA,NA,NA
1837,8,134,130.88,NA,NA,NA,NA,NA,NA,NA,NA,NA,NA,NA,NA,NA,NA,NA,NA,NA,NA,NA,NA,NA,NA
1837,9,96.3,128.2,NA,NA,NA,NA,NA,NA,NA,NA,NA,NA,NA,NA,NA,NA,NA,NA,NA,NA,NA,NA,NA,NA
1837,10,123.7,127.58,NA,NA,NA,NA,NA,NA,NA,NA,NA,NA,NA,NA,NA,NA,NA,NA,NA,NA,NA,NA,NA,NA
1837,11,107,127.54,NA,NA,NA,NA,NA,NA,NA,NA,NA,NA,NA,NA,NA,NA,NA,NA,NA,NA,NA,NA,NA,NA
1837,12,129.8,126.22,NA,NA,NA,NA,NA,NA,NA,NA,NA,NA,NA,NA,NA,NA,NA,NA,NA,NA,NA,NA,NA,NA
1838,1,144.9,122.38,NA,NA,NA,NA,NA,NA,NA,NA,NA,NA,NA,NA,NA,NA,NA,NA,NA,NA,NA,NA,NA,NA
1838,2,84.8,115.92,NA,NA,NA,NA,NA,NA,NA,NA,NA,NA,NA,NA,NA,NA,NA,NA,NA,NA,NA,NA,NA,NA
1838,3,140.8,111.28,NA,NA,NA,NA,NA,NA,NA,NA,NA,NA,NA,NA,NA,NA,NA,NA,NA,NA,NA,NA,NA,NA
1838,4,126.6,110.85,NA,NA,NA,NA,NA,NA,NA,NA,NA,NA,NA,NA,NA,NA,NA,NA,NA,NA,NA,NA,NA,NA
1838,5,137.6,107.29,NA,NA,NA,NA,NA,NA,NA,NA,NA,NA,NA,NA,NA,NA,NA,NA,NA,NA,NA,NA,NA,NA
1838,6,94.5,105.2,NA,NA,NA,NA,NA,NA,NA,NA,NA,NA,NA,NA,NA,NA,NA,NA,NA,NA,NA,NA,NA,NA
1838,7,108.2,103.34,NA,NA,NA,NA,NA,NA,NA,NA,NA,NA,NA,NA,NA,NA,NA,NA,NA,NA,NA,NA,NA,NA
1838,8,78.8,100.08,NA,NA,NA,NA,NA,NA,NA,NA,NA,NA,NA,NA,NA,NA,NA,NA,NA,NA,NA,NA,NA,NA
1838,9,73.6,99.53,NA,NA,NA,NA,NA,NA,NA,NA,NA,NA,NA,NA,NA,NA,NA,NA,NA,NA,NA,NA,NA,NA
1838,10,90.8,93.45,NA,NA,NA,NA,NA,NA,NA,NA,NA,NA,NA,NA,NA,NA,NA,NA,NA,NA,NA,NA,NA,NA
1838,11,77.4,87.85,NA,NA,NA,NA,NA,NA,NA,NA,NA,NA,NA,NA,NA,NA,NA,NA,NA,NA,NA,NA,NA,NA
1838,12,79.8,81.47,NA,NA,NA,NA,NA,NA,NA,NA,NA,NA,NA,NA,NA,NA,NA,NA,NA,NA,NA,NA,NA,NA
1839,1,105.6,80.72,NA,NA,NA,NA,NA,NA,NA,NA,NA,NA,NA,NA,NA,NA,NA,NA,NA,NA,NA,NA,NA,NA
1839,2,102.5,82.49,NA,NA,NA,NA,NA,NA,NA,NA,NA,NA,NA,NA,NA,NA,NA,NA,NA,NA,NA,NA,NA,NA
1839,3,77.7,86.64,NA,NA,NA,NA,NA,NA,NA,NA,NA,NA,NA,NA,NA,NA,NA,NA,NA,NA,NA,NA,NA,NA
1839,4,61.8,87.97,NA,NA,NA,NA,NA,NA,NA,NA,NA,NA,NA,NA,NA,NA,NA,NA,NA,NA,NA,NA,NA,NA
1839,5,53.8,86.28,NA,NA,NA,NA,NA,NA,NA,NA,NA,NA,NA,NA,NA,NA,NA,NA,NA,NA,NA,NA,NA,NA
1839,6,54.6,85.22,NA,NA,NA,NA,NA,NA,NA,NA,NA,NA,NA,NA,NA,NA,NA,NA,NA,NA,NA,NA,NA,NA
1839,7,84.8,85.33,NA,NA,NA,NA,NA,NA,NA,NA,NA,NA,NA,NA,NA,NA,NA,NA,NA,NA,NA,NA,NA,NA
1839,8,131.2,83.95,NA,NA,NA,NA,NA,NA,NA,NA,NA,NA,NA,NA,NA,NA,NA,NA,NA,NA,NA,NA,NA,NA
1839,9,132.7,81.28,NA,NA,NA,NA,NA,NA,NA,NA,NA,NA,NA,NA,NA,NA,NA,NA,NA,NA,NA,NA,NA,NA
1839,10,90.9,80.38,NA,NA,NA,NA,NA,NA,NA,NA,NA,NA,NA,NA,NA,NA,NA,NA,NA,NA,NA,NA,NA,NA
1839,11,68.8,80.95,NA,NA,NA,NA,NA,NA,NA,NA,NA,NA,NA,NA,NA,NA,NA,NA,NA,NA,NA,NA,NA,NA
1839,12,63.7,80.54,NA,NA,NA,NA,NA,NA,NA,NA,NA,NA,NA,NA,NA,NA,NA,NA,NA,NA,NA,NA,NA,NA
1840,1,81.2,81.01,NA,NA,NA,NA,NA,NA,NA,NA,NA,NA,NA,NA,NA,NA,NA,NA,NA,NA,NA,NA,NA,NA
1840,2,87.7,78.93,NA,NA,NA,NA,NA,NA,NA,NA,NA,NA,NA,NA,NA,NA,NA,NA,NA,NA,NA,NA,NA,NA
1840,3,67.8,74.53,NA,NA,NA,NA,NA,NA,NA,NA,NA,NA,NA,NA,NA,NA,NA,NA,NA,NA,NA,NA,NA,NA
1840,4,65.9,68.55,NA,NA,NA,NA,NA,NA,NA,NA,NA,NA,NA,NA,NA,NA,NA,NA,NA,NA,NA,NA,NA,NA
1840,5,69.2,65.74,NA,NA,NA,NA,NA,NA,NA,NA,NA,NA,NA,NA,NA,NA,NA,NA,NA,NA,NA,NA,NA,NA
1840,6,48.5,64.58,NA,NA,NA,NA,NA,NA,NA,NA,NA,NA,NA,NA,NA,NA,NA,NA,NA,NA,NA,NA,NA,NA
1840,7,60.7,61.53,NA,NA,NA,NA,NA,NA,NA,NA,NA,NA,NA,NA,NA,NA,NA,NA,NA,NA,NA,NA,NA,NA
1840,8,57.8,57.58,NA,NA,NA,NA,NA,NA,NA,NA,NA,NA,NA,NA,NA,NA,NA,NA,NA,NA,NA,NA,NA,NA
1840,9,74,53.12,NA,NA,NA,NA,NA,NA,NA,NA,NA,NA,NA,NA,NA,NA,NA,NA,NA,NA,NA,NA,NA,NA
1840,10,55,51,NA,NA,NA,NA,NA,NA,NA,NA,NA,NA,NA,NA,NA,NA,NA,NA,NA,NA,NA,NA,NA,NA
1840,11,54.3,51.12,NA,NA,NA,NA,NA,NA,NA,NA,NA,NA,NA,NA,NA,NA,NA,NA,NA,NA,NA,NA,NA,NA
1840,12,53.7,50.08,NA,NA,NA,NA,NA,NA,NA,NA,NA,NA,NA,NA,NA,NA,NA,NA,NA,NA,NA,NA,NA,NA
1841,1,24.1,48.72,NA,NA,NA,NA,NA,NA,NA,NA,NA,NA,NA,NA,NA,NA,NA,NA,NA,NA,NA,NA,NA,NA
1841,2,29.9,47.08,NA,NA,NA,NA,NA,NA,NA,NA,NA,NA,NA,NA,NA,NA,NA,NA,NA,NA,NA,NA,NA,NA
1841,3,29.7,45.44,NA,NA,NA,NA,NA,NA,NA,NA,NA,NA,NA,NA,NA,NA,NA,NA,NA,NA,NA,NA,NA,NA
1841,4,40.2,41.94,NA,NA,NA,NA,NA,NA,NA,NA,NA,NA,NA,NA,NA,NA,NA,NA,NA,NA,NA,NA,NA,NA
1841,5,67.5,39.23,NA,NA,NA,NA,NA,NA,NA,NA,NA,NA,NA,NA,NA,NA,NA,NA,NA,NA,NA,NA,NA,NA
1841,6,55.7,38.04,NA,NA,NA,NA,NA,NA,NA,NA,NA,NA,NA,NA,NA,NA,NA,NA,NA,NA,NA,NA,NA,NA
1841,7,30.8,35.48,NA,NA,NA,NA,NA,NA,NA,NA,NA,NA,NA,NA,NA,NA,NA,NA,NA,NA,NA,NA,NA,NA
1841,8,39.3,35.32,NA,NA,NA,NA,NA,NA,NA,NA,NA,NA,NA,NA,NA,NA,NA,NA,NA,NA,NA,NA,NA,NA
1841,9,36.5,34.69,NA,NA,NA,NA,NA,NA,NA,NA,NA,NA,NA,NA,NA,NA,NA,NA,NA,NA,NA,NA,NA,NA
1841,10,28.5,34.48,NA,NA,NA,NA,NA,NA,NA,NA,NA,NA,NA,NA,NA,NA,NA,NA,NA,NA,NA,NA,NA,NA
1841,11,19.8,33.3,NA,NA,NA,NA,NA,NA,NA,NA,NA,NA,NA,NA,NA,NA,NA,NA,NA,NA,NA,NA,NA,NA
1841,12,38.8,29.68,NA,NA,NA,NA,NA,NA,NA,NA,NA,NA,NA,NA,NA,NA,NA,NA,NA,NA,NA,NA,NA,NA
1842,1,20.4,26.37,NA,NA,NA,NA,NA,NA,NA,NA,NA,NA,NA,NA,NA,NA,NA,NA,NA,NA,NA,NA,NA,NA
1842,2,22.1,26.05,NA,NA,NA,NA,NA,NA,NA,NA,NA,NA,NA,NA,NA,NA,NA,NA,NA,NA,NA,NA,NA,NA
1842,3,21.7,24.44,NA,NA,NA,NA,NA,NA,NA,NA,NA,NA,NA,NA,NA,NA,NA,NA,NA,NA,NA,NA,NA,NA
1842,4,26.9,24.56,NA,NA,NA,NA,NA,NA,NA,NA,NA,NA,NA,NA,NA,NA,NA,NA,NA,NA,NA,NA,NA,NA
1842,5,24.9,25.48,NA,NA,NA,NA,NA,NA,NA,NA,NA,NA,NA,NA,NA,NA,NA,NA,NA,NA,NA,NA,NA,NA
1842,6,20.5,25.32,NA,NA,NA,NA,NA,NA,NA,NA,NA,NA,NA,NA,NA,NA,NA,NA,NA,NA,NA,NA,NA,NA
1842,7,12.6,23.35,NA,NA,NA,NA,NA,NA,NA,NA,NA,NA,NA,NA,NA,NA,NA,NA,NA,NA,NA,NA,NA,NA
1842,8,26.6,22.05,NA,NA,NA,NA,NA,NA,NA,NA,NA,NA,NA,NA,NA,NA,NA,NA,NA,NA,NA,NA,NA,NA
1842,9,18.4,20.99,NA,NA,NA,NA,NA,NA,NA,NA,NA,NA,NA,NA,NA,NA,NA,NA,NA,NA,NA,NA,NA,NA
1842,10,38.1,20.05,NA,NA,NA,NA,NA,NA,NA,NA,NA,NA,NA,NA,NA,NA,NA,NA,NA,NA,NA,NA,NA,NA
1842,11,40.5,19.61,NA,NA,NA,NA,NA,NA,NA,NA,NA,NA,NA,NA,NA,NA,NA,NA,NA,NA,NA,NA,NA,NA
1842,12,17.6,18.5,NA,NA,NA,NA,NA,NA,NA,NA,NA,NA,NA,NA,NA,NA,NA,NA,NA,NA,NA,NA,NA,NA
1843,1,13.3,17.65,NA,NA,NA,NA,NA,NA,NA,NA,NA,NA,NA,NA,NA,NA,NA,NA,NA,NA,NA,NA,NA,NA
1843,2,3.5,17.59,NA,NA,NA,NA,NA,NA,NA,NA,NA,NA,NA,NA,NA,NA,NA,NA,NA,NA,NA,NA,NA,NA
1843,3,8.3,15.87,NA,NA,NA,NA,NA,NA,NA,NA,NA,NA,NA,NA,NA,NA,NA,NA,NA,NA,NA,NA,NA,NA
1843,4,9.5,14.86,NA,NA,NA,NA,NA,NA,NA,NA,NA,NA,NA,NA,NA,NA,NA,NA,NA,NA,NA,NA,NA,NA
1843,5,21.1,13.4,NA,NA,NA,NA,NA,NA,NA,NA,NA,NA,NA,NA,NA,NA,NA,NA,NA,NA,NA,NA,NA,NA
1843,6,10.5,11.26,NA,NA,NA,NA,NA,NA,NA,NA,NA,NA,NA,NA,NA,NA,NA,NA,NA,NA,NA,NA,NA,NA
1843,7,9.5,10.63,NA,NA,NA,NA,NA,NA,NA,NA,NA,NA,NA,NA,NA,NA,NA,NA,NA,NA,NA,NA,NA,NA
1843,8,11.8,10.74,NA,NA,NA,NA,NA,NA,NA,NA,NA,NA,NA,NA,NA,NA,NA,NA,NA,NA,NA,NA,NA,NA
1843,9,4.2,11.52,NA,NA,NA,NA,NA,NA,NA,NA,NA,NA,NA,NA,NA,NA,NA,NA,NA,NA,NA,NA,NA,NA
1843,10,5.3,12.48,NA,NA,NA,NA,NA,NA,NA,NA,NA,NA,NA,NA,NA,NA,NA,NA,NA,NA,NA,NA,NA,NA
1843,11,19.1,12.64,NA,NA,NA,NA,NA,NA,NA,NA,NA,NA,NA,NA,NA,NA,NA,NA,NA,NA,NA,NA,NA,NA
1843,12,12.7,11.3,NA,NA,NA,NA,NA,NA,NA,NA,NA,NA,NA,NA,NA,NA,NA,NA,NA,NA,NA,NA,NA,NA
1844,1,9.4,12.12,NA,NA,NA,NA,NA,NA,NA,NA,NA,NA,NA,NA,NA,NA,NA,NA,NA,NA,NA,NA,NA,NA
1844,2,14.7,13.23,NA,NA,NA,NA,NA,NA,NA,NA,NA,NA,NA,NA,NA,NA,NA,NA,NA,NA,NA,NA,NA,NA
1844,3,13.6,12.86,NA,NA,NA,NA,NA,NA,NA,NA,NA,NA,NA,NA,NA,NA,NA,NA,NA,NA,NA,NA,NA,NA
1844,4,20.8,14.19,NA,NA,NA,NA,NA,NA,NA,NA,NA,NA,NA,NA,NA,NA,NA,NA,NA,NA,NA,NA,NA,NA
1844,5,11.6,14.61,NA,NA,NA,NA,NA,NA,NA,NA,NA,NA,NA,NA,NA,NA,NA,NA,NA,NA,NA,NA,NA,NA
1844,6,3.7,14.8,NA,NA,NA,NA,NA,NA,NA,NA,NA,NA,NA,NA,NA,NA,NA,NA,NA,NA,NA,NA,NA,NA
1844,7,21.2,15.8,NA,NA,NA,NA,NA,NA,NA,NA,NA,NA,NA,NA,NA,NA,NA,NA,NA,NA,NA,NA,NA,NA
1844,8,23.9,18.43,NA,NA,NA,NA,NA,NA,NA,NA,NA,NA,NA,NA,NA,NA,NA,NA,NA,NA,NA,NA,NA,NA
1844,9,7,20.63,NA,NA,NA,NA,NA,NA,NA,NA,NA,NA,NA,NA,NA,NA,NA,NA,NA,NA,NA,NA,NA,NA
1844,10,21.5,23.97,NA,NA,NA,NA,NA,NA,NA,NA,NA,NA,NA,NA,NA,NA,NA,NA,NA,NA,NA,NA,NA,NA
1844,11,10.7,26.05,NA,NA,NA,NA,NA,NA,NA,NA,NA,NA,NA,NA,NA,NA,NA,NA,NA,NA,NA,NA,NA,NA
1844,12,21.6,27.55,NA,NA,NA,NA,NA,NA,NA,NA,NA,NA,NA,NA,NA,NA,NA,NA,NA,NA,NA,NA,NA,NA
1845,1,25.7,29.62,NA,NA,NA,NA,NA,NA,NA,NA,NA,NA,NA,NA,NA,NA,NA,NA,NA,NA,NA,NA,NA,NA
1845,2,43.6,30.47,NA,NA,NA,NA,NA,NA,NA,NA,NA,NA,NA,NA,NA,NA,NA,NA,NA,NA,NA,NA,NA,NA
1845,3,43.3,30.91,NA,NA,NA,NA,NA,NA,NA,NA,NA,NA,NA,NA,NA,NA,NA,NA,NA,NA,NA,NA,NA,NA
1845,4,57,33.5,NA,NA,NA,NA,NA,NA,NA,NA,NA,NA,NA,NA,NA,NA,NA,NA,NA,NA,NA,NA,NA,NA
1845,5,47.8,34.88,NA,NA,NA,NA,NA,NA,NA,NA,NA,NA,NA,NA,NA,NA,NA,NA,NA,NA,NA,NA,NA,NA
1845,6,31.1,38.65,NA,NA,NA,NA,NA,NA,NA,NA,NA,NA,NA,NA,NA,NA,NA,NA,NA,NA,NA,NA,NA,NA
1845,7,30.6,39.96,NA,NA,NA,NA,NA,NA,NA,NA,NA,NA,NA,NA,NA,NA,NA,NA,NA,NA,NA,NA,NA,NA
1845,8,32.3,41.91,NA,NA,NA,NA,NA,NA,NA,NA,NA,NA,NA,NA,NA,NA,NA,NA,NA,NA,NA,NA,NA,NA
1845,9,29.6,43.47,NA,NA,NA,NA,NA,NA,NA,NA,NA,NA,NA,NA,NA,NA,NA,NA,NA,NA,NA,NA,NA,NA
1845,10,40.7,45.47,NA,NA,NA,NA,NA,NA,NA,NA,NA,NA,NA,NA,NA,NA,NA,NA,NA,NA,NA,NA,NA,NA
1845,11,39.4,45.69,NA,NA,NA,NA,NA,NA,NA,NA,NA,NA,NA,NA,NA,NA,NA,NA,NA,NA,NA,NA,NA,NA
1845,12,59.7,47.02,NA,NA,NA,NA,NA,NA,NA,NA,NA,NA,NA,NA,NA,NA,NA,NA,NA,NA,NA,NA,NA,NA
1846,1,38.7,48.21,NA,NA,NA,NA,NA,NA,NA,NA,NA,NA,NA,NA,NA,NA,NA,NA,NA,NA,NA,NA,NA,NA
1846,2,51,50.07,NA,NA,NA,NA,NA,NA,NA,NA,NA,NA,NA,NA,NA,NA,NA,NA,NA,NA,NA,NA,NA,NA
1846,3,63.9,55.82,NA,NA,NA,NA,NA,NA,NA,NA,NA,NA,NA,NA,NA,NA,NA,NA,NA,NA,NA,NA,NA,NA
1846,4,69.3,57.85,NA,NA,NA,NA,NA,NA,NA,NA,NA,NA,NA,NA,NA,NA,NA,NA,NA,NA,NA,NA,NA,NA
1846,5,59.9,59.36,NA,NA,NA,NA,NA,NA,NA,NA,NA,NA,NA,NA,NA,NA,NA,NA,NA,NA,NA,NA,NA,NA
1846,6,65.1,61.37,NA,NA,NA,NA,NA,NA,NA,NA,NA,NA,NA,NA,NA,NA,NA,NA,NA,NA,NA,NA,NA,NA
1846,7,46.5,61.59,NA,NA,NA,NA,NA,NA,NA,NA,NA,NA,NA,NA,NA,NA,NA,NA,NA,NA,NA,NA,NA,NA
1846,8,54.8,62.07,NA,NA,NA,NA,NA,NA,NA,NA,NA,NA,NA,NA,NA,NA,NA,NA,NA,NA,NA,NA,NA,NA
1846,9,107.1,64.74,NA,NA,NA,NA,NA,NA,NA,NA,NA,NA,NA,NA,NA,NA,NA,NA,NA,NA,NA,NA,NA,NA
1846,10,55.9,63.26,NA,NA,NA,NA,NA,NA,NA,NA,NA,NA,NA,NA,NA,NA,NA,NA,NA,NA,NA,NA,NA,NA
1846,11,60.4,63.73,NA,NA,NA,NA,NA,NA,NA,NA,NA,NA,NA,NA,NA,NA,NA,NA,NA,NA,NA,NA,NA,NA
1846,12,65.5,65.68,NA,NA,NA,NA,NA,NA,NA,NA,NA,NA,NA,NA,NA,NA,NA,NA,NA,NA,NA,NA,NA,NA
1847,1,62.6,64.69,NA,NA,NA,NA,NA,NA,NA,NA,NA,NA,NA,NA,NA,NA,NA,NA,NA,NA,NA,NA,NA,NA
1847,2,44.9,71.93,NA,NA,NA,NA,NA,NA,NA,NA,NA,NA,NA,NA,NA,NA,NA,NA,NA,NA,NA,NA,NA,NA
1847,3,85.7,80.09,NA,NA,NA,NA,NA,NA,NA,NA,NA,NA,NA,NA,NA,NA,NA,NA,NA,NA,NA,NA,NA,NA
1847,4,44.7,85.73,NA,NA,NA,NA,NA,NA,NA,NA,NA,NA,NA,NA,NA,NA,NA,NA,NA,NA,NA,NA,NA,NA
1847,5,75.4,92.12,NA,NA,NA,NA,NA,NA,NA,NA,NA,NA,NA,NA,NA,NA,NA,NA,NA,NA,NA,NA,NA,NA
1847,6,85.3,95.9,NA,NA,NA,NA,NA,NA,NA,NA,NA,NA,NA,NA,NA,NA,NA,NA,NA,NA,NA,NA,NA,NA
1847,7,52.2,103.1,NA,NA,NA,NA,NA,NA,NA,NA,NA,NA,NA,NA,NA,NA,NA,NA,NA,NA,NA,NA,NA,NA
1847,8,140.6,106.88,NA,NA,NA,NA,NA,NA,NA,NA,NA,NA,NA,NA,NA,NA,NA,NA,NA,NA,NA,NA,NA,NA
1847,9,160.9,111.78,NA,NA,NA,NA,NA,NA,NA,NA,NA,NA,NA,NA,NA,NA,NA,NA,NA,NA,NA,NA,NA,NA
1847,10,180.4,113.43,NA,NA,NA,NA,NA,NA,NA,NA,NA,NA,NA,NA,NA,NA,NA,NA,NA,NA,NA,NA,NA,NA
1847,11,138.9,117.85,NA,NA,NA,NA,NA,NA,NA,NA,NA,NA,NA,NA,NA,NA,NA,NA,NA,NA,NA,NA,NA,NA
1847,12,109.6,121.98,NA,NA,NA,NA,NA,NA,NA,NA,NA,NA,NA,NA,NA,NA,NA,NA,NA,NA,NA,NA,NA,NA
1848,1,159.1,126.12,NA,NA,NA,NA,NA,NA,NA,NA,NA,NA,NA,NA,NA,NA,NA,NA,NA,NA,NA,NA,NA,NA
1848,2,111.8,132.31,NA,NA,NA,NA,NA,NA,NA,NA,NA,NA,NA,NA,NA,NA,NA,NA,NA,NA,NA,NA,NA,NA
1848,3,108.6,129.21,NA,NA,NA,NA,NA,NA,NA,NA,NA,NA,NA,NA,NA,NA,NA,NA,NA,NA,NA,NA,NA,NA
1848,4,107.1,127.02,NA,NA,NA,NA,NA,NA,NA,NA,NA,NA,NA,NA,NA,NA,NA,NA,NA,NA,NA,NA,NA,NA
1848,5,102.2,121.95,NA,NA,NA,NA,NA,NA,NA,NA,NA,NA,NA,NA,NA,NA,NA,NA,NA,NA,NA,NA,NA,NA
1848,6,129,123.54,NA,NA,NA,NA,NA,NA,NA,NA,NA,NA,NA,NA,NA,NA,NA,NA,NA,NA,NA,NA,NA,NA
1848,7,139.2,127.18,NA,NA,NA,NA,NA,NA,NA,NA,NA,NA,NA,NA,NA,NA,NA,NA,NA,NA,NA,NA,NA,NA
1848,8,132.6,125.08,NA,NA,NA,NA,NA,NA,NA,NA,NA,NA,NA,NA,NA,NA,NA,NA,NA,NA,NA,NA,NA,NA
1848,9,100.3,123.88,NA,NA,NA,NA,NA,NA,NA,NA,NA,NA,NA,NA,NA,NA,NA,NA,NA,NA,NA,NA,NA,NA
1848,10,132.4,123.42,NA,NA,NA,NA,NA,NA,NA,NA,NA,NA,NA,NA,NA,NA,NA,NA,NA,NA,NA,NA,NA,NA
1848,11,114.6,121.38,NA,NA,NA,NA,NA,NA,NA,NA,NA,NA,NA,NA,NA,NA,NA,NA,NA,NA,NA,NA,NA,NA
1848,12,159.5,119.75,NA,NA,NA,NA,NA,NA,NA,NA,NA,NA,NA,NA,NA,NA,NA,NA,NA,NA,NA,NA,NA,NA
1849,1,157,115.83,NA,NA,NA,NA,NA,NA,NA,NA,NA,NA,NA,NA,NA,NA,NA,NA,NA,NA,NA,NA,NA,NA
1849,2,131.8,110.33,NA,NA,NA,NA,NA,NA,NA,NA,NA,NA,NA,NA,NA,NA,NA,NA,NA,NA,NA,NA,NA,NA
1849,3,96.2,107.34,NA,NA,NA,NA,NA,NA,NA,NA,NA,NA,NA,NA,NA,NA,NA,NA,NA,NA,NA,NA,NA,NA
1849,4,102.5,105.12,NA,NA,NA,NA,NA,NA,NA,NA,NA,NA,NA,NA,NA,NA,NA,NA,NA,NA,NA,NA,NA,NA
1849,5,80.6,102.55,NA,NA,NA,NA,NA,NA,NA,NA,NA,NA,NA,NA,NA,NA,NA,NA,NA,NA,NA,NA,NA,NA
1849,6,81.1,101.2,NA,NA,NA,NA,NA,NA,NA,NA,NA,NA,NA,NA,NA,NA,NA,NA,NA,NA,NA,NA,NA,NA
1849,7,78,94.93,NA,NA,NA,NA,NA,NA,NA,NA,NA,NA,NA,NA,NA,NA,NA,NA,NA,NA,NA,NA,NA,NA
1849,8,67.7,89.73,NA,NA,NA,NA,NA,NA,NA,NA,NA,NA,NA,NA,NA,NA,NA,NA,NA,NA,NA,NA,NA,NA
1849,9,93.7,85.95,NA,NA,NA,NA,NA,NA,NA,NA,NA,NA,NA,NA,NA,NA,NA,NA,NA,NA,NA,NA,NA,NA
1849,10,71.5,81.94,NA,NA,NA,NA,NA,NA,NA,NA,NA,NA,NA,NA,NA,NA,NA,NA,NA,NA,NA,NA,NA,NA
1849,11,99,78.79,NA,NA,NA,NA,NA,NA,NA,NA,NA,NA,NA,NA,NA,NA,NA,NA,NA,NA,NA,NA,NA,NA
1849,12,97,77.98,NA,NA,NA,NA,NA,NA,NA,NA,NA,NA,NA,NA,NA,NA,NA,NA,NA,NA,NA,NA,NA,NA
1850,1,78,74.75,NA,NA,NA,NA,NA,NA,NA,NA,NA,NA,NA,NA,NA,NA,NA,NA,NA,NA,NA,NA,NA,NA
1850,2,89.4,73.48,NA,NA,NA,NA,NA,NA,NA,NA,NA,NA,NA,NA,NA,NA,NA,NA,NA,NA,NA,NA,NA,NA
1850,3,82.6,74.91,NA,NA,NA,NA,NA,NA,NA,NA,NA,NA,NA,NA,NA,NA,NA,NA,NA,NA,NA,NA,NA,NA
1850,4,44.1,73.16,NA,NA,NA,NA,NA,NA,NA,NA,NA,NA,NA,NA,NA,NA,NA,NA,NA,NA,NA,NA,NA,NA
1850,5,61.6,71.88,NA,NA,NA,NA,NA,NA,NA,NA,NA,NA,NA,NA,NA,NA,NA,NA,NA,NA,NA,NA,NA,NA
1850,6,70,68.95,NA,NA,NA,NA,NA,NA,NA,NA,NA,NA,NA,NA,NA,NA,NA,NA,NA,NA,NA,NA,NA,NA
1850,7,39.1,67.3,NA,NA,NA,NA,NA,NA,NA,NA,NA,NA,NA,NA,NA,NA,NA,NA,NA,NA,NA,NA,NA,NA
1850,8,61.6,69.41,NA,NA,NA,NA,NA,NA,NA,NA,NA,NA,NA,NA,NA,NA,NA,NA,NA,NA,NA,NA,NA,NA
1850,9,86.2,67.5,NA,NA,NA,NA,NA,NA,NA,NA,NA,NA,NA,NA,NA,NA,NA,NA,NA,NA,NA,NA,NA,NA
1850,10,71,65.49,NA,NA,NA,NA,NA,NA,NA,NA,NA,NA,NA,NA,NA,NA,NA,NA,NA,NA,NA,NA,NA,NA
1850,11,54.8,66.92,NA,NA,NA,NA,NA,NA,NA,NA,NA,NA,NA,NA,NA,NA,NA,NA,NA,NA,NA,NA,NA,NA
1850,12,61,67.04,NA,NA,NA,NA,NA,NA,NA,NA,NA,NA,NA,NA,NA,NA,NA,NA,NA,NA,NA,NA,NA,NA
1851,1,75.5,64.43,NA,NA,NA,NA,NA,NA,NA,NA,NA,NA,NA,NA,NA,NA,NA,NA,NA,NA,NA,NA,NA,NA
1851,2,105.4,65.84,NA,NA,NA,NA,NA,NA,NA,NA,NA,NA,NA,NA,NA,NA,NA,NA,NA,NA,NA,NA,NA,NA
1851,3,64.6,66.32,NA,NA,NA,NA,NA,NA,NA,NA,NA,NA,NA,NA,NA,NA,NA,NA,NA,NA,NA,NA,NA,NA
1851,4,56.5,64.5,NA,NA,NA,NA,NA,NA,NA,NA,NA,NA,NA,NA,NA,NA,NA,NA,NA,NA,NA,NA,NA,NA
1851,5,62.6,62.96,NA,NA,NA,NA,NA,NA,NA,NA,NA,NA,NA,NA,NA,NA,NA,NA,NA,NA,NA,NA,NA,NA
1851,6,63.2,64.24,NA,NA,NA,NA,NA,NA,NA,NA,NA,NA,NA,NA,NA,NA,NA,NA,NA,NA,NA,NA,NA,NA
1851,7,36.1,64.81,NA,NA,NA,NA,NA,NA,NA,NA,NA,NA,NA,NA,NA,NA,NA,NA,NA,NA,NA,NA,NA,NA
1851,8,57.4,64.11,NA,NA,NA,NA,NA,NA,NA,NA,NA,NA,NA,NA,NA,NA,NA,NA,NA,NA,NA,NA,NA,NA
1851,9,67.9,60.71,NA,NA,NA,NA,NA,NA,NA,NA,NA,NA,NA,NA,NA,NA,NA,NA,NA,NA,NA,NA,NA,NA
1851,10,62.5,60.77,NA,NA,NA,NA,NA,NA,NA,NA,NA,NA,NA,NA,NA,NA,NA,NA,NA,NA,NA,NA,NA,NA
1851,11,51,60.65,NA,NA,NA,NA,NA,NA,NA,NA,NA,NA,NA,NA,NA,NA,NA,NA,NA,NA,NA,NA,NA,NA
1851,12,71.4,59.44,NA,NA,NA,NA,NA,NA,NA,NA,NA,NA,NA,NA,NA,NA,NA,NA,NA,NA,NA,NA,NA,NA
1852,1,68.4,57.82,NA,NA,NA,NA,NA,NA,NA,NA,NA,NA,NA,NA,NA,NA,NA,NA,NA,NA,NA,NA,NA,NA
1852,2,66.4,58.09,NA,NA,NA,NA,NA,NA,NA,NA,NA,NA,NA,NA,NA,NA,NA,NA,NA,NA,NA,NA,NA,NA
1852,3,61.2,56.56,NA,NA,NA,NA,NA,NA,NA,NA,NA,NA,NA,NA,NA,NA,NA,NA,NA,NA,NA,NA,NA,NA
1852,4,65.4,56.52,NA,NA,NA,NA,NA,NA,NA,NA,NA,NA,NA,NA,NA,NA,NA,NA,NA,NA,NA,NA,NA,NA
1852,5,54.9,55.88,NA,NA,NA,NA,NA,NA,NA,NA,NA,NA,NA,NA,NA,NA,NA,NA,NA,NA,NA,NA,NA,NA
1852,6,46.9,55.45,NA,NA,NA,NA,NA,NA,NA,NA,NA,NA,NA,NA,NA,NA,NA,NA,NA,NA,NA,NA,NA,NA
1852,7,42.1,53.12,NA,NA,NA,NA,NA,NA,NA,NA,NA,NA,NA,NA,NA,NA,NA,NA,NA,NA,NA,NA,NA,NA
1852,8,39.7,51.16,NA,NA,NA,NA,NA,NA,NA,NA,NA,NA,NA,NA,NA,NA,NA,NA,NA,NA,NA,NA,NA,NA
1852,9,37.5,48.95,NA,NA,NA,NA,NA,NA,NA,NA,NA,NA,NA,NA,NA,NA,NA,NA,NA,NA,NA,NA,NA,NA
1852,10,67.3,47.91,NA,NA,NA,NA,NA,NA,NA,NA,NA,NA,NA,NA,NA,NA,NA,NA,NA,NA,NA,NA,NA,NA
1852,11,54.3,45.55,NA,NA,NA,NA,NA,NA,NA,NA,NA,NA,NA,NA,NA,NA,NA,NA,NA,NA,NA,NA,NA,NA
1852,12,45.4,44.4,NA,NA,NA,NA,NA,NA,NA,NA,NA,NA,NA,NA,NA,NA,NA,NA,NA,NA,NA,NA,NA,NA
1853,1,41.1,44.32,NA,NA,NA,NA,NA,NA,NA,NA,NA,NA,NA,NA,NA,NA,NA,NA,NA,NA,NA,NA,NA,NA
1853,2,42.9,44.97,NA,NA,NA,NA,NA,NA,NA,NA,NA,NA,NA,NA,NA,NA,NA,NA,NA,NA,NA,NA,NA,NA
1853,3,37.7,44.49,NA,NA,NA,NA,NA,NA,NA,NA,NA,NA,NA,NA,NA,NA,NA,NA,NA,NA,NA,NA,NA,NA
1853,4,47.6,44.87,NA,NA,NA,NA,NA,NA,NA,NA,NA,NA,NA,NA,NA,NA,NA,NA,NA,NA,NA,NA,NA,NA
1853,5,34.7,41.91,NA,NA,NA,NA,NA,NA,NA,NA,NA,NA,NA,NA,NA,NA,NA,NA,NA,NA,NA,NA,NA,NA
1853,6,40,39.53,NA,NA,NA,NA,NA,NA,NA,NA,NA,NA,NA,NA,NA,NA,NA,NA,NA,NA,NA,NA,NA,NA
1853,7,45.9,37.22,NA,NA,NA,NA,NA,NA,NA,NA,NA,NA,NA,NA,NA,NA,NA,NA,NA,NA,NA,NA,NA,NA
1853,8,50.5,35.6,NA,NA,NA,NA,NA,NA,NA,NA,NA,NA,NA,NA,NA,NA,NA,NA,NA,NA,NA,NA,NA,NA
1853,9,33.5,33.89,NA,NA,NA,NA,NA,NA,NA,NA,NA,NA,NA,NA,NA,NA,NA,NA,NA,NA,NA,NA,NA,NA
1853,10,42.4,33.03,NA,NA,NA,NA,NA,NA,NA,NA,NA,NA,NA,NA,NA,NA,NA,NA,NA,NA,NA,NA,NA,NA
1853,11,28.8,31.22,NA,NA,NA,NA,NA,NA,NA,NA,NA,NA,NA,NA,NA,NA,NA,NA,NA,NA,NA,NA,NA,NA
1853,12,23.4,30.17,NA,NA,NA,NA,NA,NA,NA,NA,NA,NA,NA,NA,NA,NA,NA,NA,NA,NA,NA,NA,NA,NA
1854,1,15.4,28.53,NA,NA,NA,NA,NA,NA,NA,NA,NA,NA,NA,NA,NA,NA,NA,NA,NA,NA,NA,NA,NA,NA
1854,2,20,26.22,NA,NA,NA,NA,NA,NA,NA,NA,NA,NA,NA,NA,NA,NA,NA,NA,NA,NA,NA,NA,NA,NA
1854,3,20.7,24.05,NA,NA,NA,NA,NA,NA,NA,NA,NA,NA,NA,NA,NA,NA,NA,NA,NA,NA,NA,NA,NA,NA
1854,4,26.5,22.45,NA,NA,NA,NA,NA,NA,NA,NA,NA,NA,NA,NA,NA,NA,NA,NA,NA,NA,NA,NA,NA,NA
1854,5,24,21.35,NA,NA,NA,NA,NA,NA,NA,NA,NA,NA,NA,NA,NA,NA,NA,NA,NA,NA,NA,NA,NA,NA
1854,6,21.1,20.8,NA,NA,NA,NA,NA,NA,NA,NA,NA,NA,NA,NA,NA,NA,NA,NA,NA,NA,NA,NA,NA,NA
1854,7,18.7,19.95,NA,NA,NA,NA,NA,NA,NA,NA,NA,NA,NA,NA,NA,NA,NA,NA,NA,NA,NA,NA,NA,NA
1854,8,15.8,19.64,NA,NA,NA,NA,NA,NA,NA,NA,NA,NA,NA,NA,NA,NA,NA,NA,NA,NA,NA,NA,NA,NA
1854,9,22.4,19.44,NA,NA,NA,NA,NA,NA,NA,NA,NA,NA,NA,NA,NA,NA,NA,NA,NA,NA,NA,NA,NA,NA
1854,10,12.6,18.18,NA,NA,NA,NA,NA,NA,NA,NA,NA,NA,NA,NA,NA,NA,NA,NA,NA,NA,NA,NA,NA,NA
1854,11,28.2,16.85,NA,NA,NA,NA,NA,NA,NA,NA,NA,NA,NA,NA,NA,NA,NA,NA,NA,NA,NA,NA,NA,NA
1854,12,21.6,15.41,NA,NA,NA,NA,NA,NA,NA,NA,NA,NA,NA,NA,NA,NA,NA,NA,NA,NA,NA,NA,NA,NA
1855,1,12.3,13.82,NA,NA,NA,NA,NA,NA,NA,NA,NA,NA,NA,NA,NA,NA,NA,NA,NA,NA,NA,NA,NA,NA
1855,2,11.4,12.62,NA,NA,NA,NA,NA,NA,NA,NA,NA,NA,NA,NA,NA,NA,NA,NA,NA,NA,NA,NA,NA,NA
1855,3,17.4,11.4,NA,NA,NA,NA,NA,NA,NA,NA,NA,NA,NA,NA,NA,NA,NA,NA,NA,NA,NA,NA,NA,NA
1855,4,4.4,10.42,NA,NA,NA,NA,NA,NA,NA,NA,NA,NA,NA,NA,NA,NA,NA,NA,NA,NA,NA,NA,NA,NA
1855,5,9.1,9.77,NA,NA,NA,NA,NA,NA,NA,NA,NA,NA,NA,NA,NA,NA,NA,NA,NA,NA,NA,NA,NA,NA
1855,6,5.3,7.84,NA,NA,NA,NA,NA,NA,NA,NA,NA,NA,NA,NA,NA,NA,NA,NA,NA,NA,NA,NA,NA,NA
1855,7,0.4,6.22,NA,NA,NA,NA,NA,NA,NA,NA,NA,NA,NA,NA,NA,NA,NA,NA,NA,NA,NA,NA,NA,NA
1855,8,3.1,5.65,NA,NA,NA,NA,NA,NA,NA,NA,NA,NA,NA,NA,NA,NA,NA,NA,NA,NA,NA,NA,NA,NA
1855,9,0,4.8,NA,NA,NA,NA,NA,NA,NA,NA,NA,NA,NA,NA,NA,NA,NA,NA,NA,NA,NA,NA,NA,NA
1855,10,9.6,3.96,NA,NA,NA,NA,NA,NA,NA,NA,NA,NA,NA,NA,NA,NA,NA,NA,NA,NA,NA,NA,NA,NA
1855,11,4.2,3.62,NA,NA,NA,NA,NA,NA,NA,NA,NA,NA,NA,NA,NA,NA,NA,NA,NA,NA,NA,NA,NA,NA
1855,12,3.1,3.32,NA,NA,NA,NA,NA,NA,NA,NA,NA,NA,NA,NA,NA,NA,NA,NA,NA,NA,NA,NA,NA,NA
1856,1,0.5,3.27,NA,NA,0.99,0.58,0.99,NA,NA,NA,NA,NA,NA,NA,NA,NA,NA,NA,NA,NA,NA,NA,NA,NA
1856,2,4.9,3.69,NA,NA,1.03,0.66,0.96,NA,NA,NA,NA,NA,NA,NA,NA,NA,NA,NA,NA,NA,NA,NA,NA,NA
1856,3,0.4,3.79,NA,NA,0.85,0.52,0.88,NA,NA,NA,NA,NA,NA,NA,NA,NA,NA,NA,NA,NA,NA,NA,NA,NA
1856,4,6.5,4.14,NA,NA,0.75,0.46,0.78,NA,NA,NA,NA,NA,NA,NA,NA,NA,NA,NA,NA,NA,NA,NA,NA,NA
1856,5,0,3.99,NA,NA,0.75,0.53,0.71,NA,NA,NA,NA,NA,NA,NA,NA,NA,NA,NA,NA,NA,NA,NA,NA,NA
1856,6,5.2,4.22,NA,NA,0.63,0.48,0.64,NA,NA,NA,NA,NA,NA,NA,NA,NA,NA,NA,NA,NA,NA,NA,NA,NA
1856,7,4.6,5.04,NA,NA,0.52,0.45,0.51,NA,NA,NA,NA,NA,NA,NA,NA,NA,NA,NA,NA,NA,NA,NA,NA,NA
1856,8,5.9,5.57,NA,NA,0.36,0.4,0.36,NA,NA,NA,NA,NA,NA,NA,NA,NA,NA,NA,NA,NA,NA,NA,NA,NA
1856,9,4.4,5.59,NA,NA,0.19,0.32,0.15,NA,NA,NA,NA,NA,NA,NA,NA,NA,NA,NA,NA,NA,NA,NA,NA,NA
1856,10,4.5,6.42,NA,NA,-0.1,0.04,-0.16,NA,NA,NA,NA,NA,NA,NA,NA,NA,NA,NA,NA,NA,NA,NA,NA,NA
1856,11,7.7,8.11,NA,NA,-0.57,-0.32,-0.49,NA,NA,NA,NA,NA,NA,NA,NA,NA,NA,NA,NA,NA,NA,NA,NA,NA
1856,12,7.2,9.34,NA,NA,-0.8,-0.66,-0.72,NA,NA,NA,NA,NA,NA,NA,NA,NA,NA,NA,NA,NA,NA,NA,NA,NA
1857,1,13.7,10.65,NA,NA,-0.78,-0.51,-0.78,NA,NA,NA,NA,NA,NA,NA,NA,NA,NA,NA,NA,NA,NA,NA,NA,NA
1857,2,7.4,11.59,NA,NA,-0.75,-0.55,-0.76,NA,NA,NA,NA,NA,NA,NA,NA,NA,NA,NA,NA,NA,NA,NA,NA,NA
1857,3,5.2,14.4,NA,NA,-0.74,-0.59,-0.71,NA,NA,NA,NA,NA,NA,NA,NA,NA,NA,NA,NA,NA,NA,NA,NA,NA
1857,4,11.1,17.18,NA,NA,-0.64,-0.45,-0.67,NA,NA,NA,NA,NA,NA,NA,NA,NA,NA,NA,NA,NA,NA,NA,NA,NA
1857,5,28.5,19.25,NA,NA,-0.63,-0.42,-0.59,NA,NA,NA,NA,NA,NA,NA,NA,NA,NA,NA,NA,NA,NA,NA,NA,NA
1857,6,16,21.52,NA,NA,-0.51,-0.35,-0.55,NA,NA,NA,NA,NA,NA,NA,NA,NA,NA,NA,NA,NA,NA,NA,NA,NA
1857,7,22.2,23.97,NA,NA,-0.52,-0.38,-0.5,NA,NA,NA,NA,NA,NA,NA,NA,NA,NA,NA,NA,NA,NA,NA,NA,NA
1857,8,16.9,25.6,NA,NA,-0.48,-0.44,-0.48,NA,NA,NA,NA,NA,NA,NA,NA,NA,NA,NA,NA,NA,NA,NA,NA,NA
1857,9,42.4,29.45,NA,NA,-0.44,-0.27,-0.51,NA,NA,NA,NA,NA,NA,NA,NA,NA,NA,NA,NA,NA,NA,NA,NA,NA
1857,10,40.6,32,NA,NA,-0.61,-0.4,-0.53,NA,NA,NA,NA,NA,NA,NA,NA,NA,NA,NA,NA,NA,NA,NA,NA,NA
1857,11,31.4,34.33,NA,NA,-0.54,-0.37,-0.5,NA,NA,NA,NA,NA,NA,NA,NA,NA,NA,NA,NA,NA,NA,NA,NA,NA
1857,12,37.2,35.56,NA,NA,-0.33,-0.12,-0.33,NA,NA,NA,NA,NA,NA,NA,NA,NA,NA,NA,NA,NA,NA,NA,NA,NA
1858,1,39,38.69,NA,NA,-0.13,-0.01,-0.15,NA,NA,NA,NA,NA,NA,NA,NA,NA,NA,NA,NA,NA,NA,NA,NA,NA
1858,2,34.9,41.24,NA,NA,0.01,-0.05,-0.05,NA,NA,NA,NA,NA,NA,NA,NA,NA,NA,NA,NA,NA,NA,NA,NA,NA
1858,3,57.5,46.1,NA,NA,-0.02,-0.18,-0.06,NA,NA,NA,NA,NA,NA,NA,NA,NA,NA,NA,NA,NA,NA,NA,NA,NA
1858,4,38.3,49.85,NA,NA,-0.16,-0.27,-0.12,NA,NA,NA,NA,NA,NA,NA,NA,NA,NA,NA,NA,NA,NA,NA,NA,NA
1858,5,41.4,50.72,NA,NA,-0.18,-0.19,-0.11,NA,NA,NA,NA,NA,NA,NA,NA,NA,NA,NA,NA,NA,NA,NA,NA,NA
1858,6,44.5,53.45,NA,NA,0.03,-0.08,-0.07,NA,NA,NA,NA,NA,NA,NA,NA,NA,NA,NA,NA,NA,NA,NA,NA,NA
1858,7,56.7,57.03,NA,NA,-0.05,-0.04,-0.02,NA,NA,NA,NA,NA,NA,NA,NA,NA,NA,NA,NA,NA,NA,NA,NA,NA
1858,8,55.3,60.77,NA,NA,-0.03,0.04,-0.05,NA,NA,NA,NA,NA,NA,NA,NA,NA,NA,NA,NA,NA,NA,NA,NA,NA
1858,9,80.1,65.03,NA,NA,-0.06,-0.05,-0.09,NA,NA,NA,NA,NA,NA,NA,NA,NA,NA,NA,NA,NA,NA,NA,NA,NA
1858,10,91.2,67.2,NA,NA,-0.18,-0.12,-0.21,NA,NA,NA,NA,NA,NA,NA,NA,NA,NA,NA,NA,NA,NA,NA,NA,NA
1858,11,51.9,71.25,NA,NA,-0.39,-0.2,-0.39,NA,NA,NA,NA,NA,NA,NA,NA,NA,NA,NA,NA,NA,NA,NA,NA,NA
1858,12,66.9,74.77,NA,NA,-0.61,-0.39,-0.55,NA,NA,NA,NA,NA,NA,NA,NA,NA,NA,NA,NA,NA,NA,NA,NA,NA
1859,1,83.7,78.67,NA,NA,-0.65,-0.43,-0.59,NA,NA,NA,NA,NA,NA,NA,NA,NA,NA,NA,NA,NA,NA,NA,NA,NA
1859,2,87.6,82.52,NA,NA,-0.52,-0.23,-0.49,NA,NA,NA,NA,NA,NA,NA,NA,NA,NA,NA,NA,NA,NA,NA,NA,NA
1859,3,90.3,86.41,NA,NA,-0.31,-0.08,-0.39,NA,NA,NA,NA,NA,NA,NA,NA,NA,NA,NA,NA,NA,NA,NA,NA,NA
1859,4,85.7,89.06,NA,NA,-0.33,-0.17,-0.29,NA,NA,NA,NA,NA,NA,NA,NA,NA,NA,NA,NA,NA,NA,NA,NA,NA
1859,5,91,89.52,NA,NA,-0.23,0.05,-0.28,NA,NA,NA,NA,NA,NA,NA,NA,NA,NA,NA,NA,NA,NA,NA,NA,NA
1859,6,87.1,91.76,NA,NA,-0.27,0.07,-0.17,NA,NA,NA,NA,NA,NA,NA,NA,NA,NA,NA,NA,NA,NA,NA,NA,NA
1859,7,95.2,92.95,NA,NA,-0.01,0.17,-0.06,NA,NA,NA,NA,NA,NA,NA,NA,NA,NA,NA,NA,NA,NA,NA,NA,NA
1859,8,106.8,93.31,NA,NA,0.1,0.12,0.05,NA,NA,NA,NA,NA,NA,NA,NA,NA,NA,NA,NA,NA,NA,NA,NA,NA
1859,9,105.8,94.18,NA,NA,0.05,-0.03,0.04,NA,NA,NA,NA,NA,NA,NA,NA,NA,NA,NA,NA,NA,NA,NA,NA,NA
1859,10,114.6,92.72,NA,NA,-0.02,-0.08,-0.04,NA,NA,NA,NA,NA,NA,NA,NA,NA,NA,NA,NA,NA,NA,NA,NA,NA
1859,11,97.2,94.37,NA,NA,-0.17,-0.19,-0.12,NA,NA,NA,NA,NA,NA,NA,NA,NA,NA,NA,NA,NA,NA,NA,NA,NA
1859,12,81,95.72,NA,NA,-0.17,-0.32,-0.28,NA,NA,NA,NA,NA,NA,NA,NA,NA,NA,NA,NA,NA,NA,NA,NA,NA
1860,1,82.4,98,NA,NA,-0.49,-0.71,-0.44,NA,NA,NA,NA,NA,NA,NA,NA,NA,NA,NA,NA,NA,NA,NA,NA,NA
1860,2,88.3,98.39,NA,NA,-0.67,-0.89,-0.62,NA,NA,NA,NA,NA,NA,NA,NA,NA,NA,NA,NA,NA,NA,NA,NA,NA
1860,3,98.9,97.27,NA,NA,-0.68,-0.88,-0.67,NA,NA,NA,NA,NA,NA,NA,NA,NA,NA,NA,NA,NA,NA,NA,NA,NA
1860,4,71.4,96.06,NA,NA,-0.67,-0.87,-0.62,NA,NA,NA,NA,NA,NA,NA,NA,NA,NA,NA,NA,NA,NA,NA,NA,NA
1860,5,107.1,94.78,NA,NA,-0.5,-0.69,-0.47,NA,NA,NA,NA,NA,NA,NA,NA,NA,NA,NA,NA,NA,NA,NA,NA,NA
1860,6,108.6,94.65,NA,NA,-0.26,-0.49,-0.38,NA,NA,NA,NA,NA,NA,NA,NA,NA,NA,NA,NA,NA,NA,NA,NA,NA
1860,7,116.7,93.22,NA,NA,-0.38,-0.39,-0.39,NA,NA,NA,NA,NA,NA,NA,NA,NA,NA,NA,NA,NA,NA,NA,NA,NA
1860,8,100.3,92.85,NA,NA,-0.53,-0.39,-0.48,NA,NA,NA,NA,NA,NA,NA,NA,NA,NA,NA,NA,NA,NA,NA,NA,NA
1860,9,92.2,93.83,NA,NA,-0.53,-0.42,-0.49,NA,NA,NA,NA,NA,NA,NA,NA,NA,NA,NA,NA,NA,NA,NA,NA,NA
1860,10,90.1,93.8,NA,NA,-0.42,-0.44,-0.56,NA,NA,NA,NA,NA,NA,NA,NA,NA,NA,NA,NA,NA,NA,NA,NA,NA
1860,11,97.9,92.68,NA,NA,-0.73,-0.79,-0.6,NA,NA,NA,NA,NA,NA,NA,NA,NA,NA,NA,NA,NA,NA,NA,NA,NA
1860,12,95.6,91.22,NA,NA,-0.66,-0.75,-0.56,NA,NA,NA,NA,NA,NA,NA,NA,NA,NA,NA,NA,NA,NA,NA,NA,NA
1861,1,62.3,88.86,NA,NA,-0.28,-0.51,-0.35,NA,NA,NA,NA,NA,NA,NA,NA,NA,NA,NA,NA,NA,NA,NA,NA,NA
1861,2,77.7,86.23,NA,NA,-0.12,-0.4,-0.31,NA,NA,NA,NA,NA,NA,NA,NA,NA,NA,NA,NA,NA,NA,NA,NA,NA
1861,3,101,84.66,NA,NA,-0.54,-0.59,-0.41,NA,NA,NA,NA,NA,NA,NA,NA,NA,NA,NA,NA,NA,NA,NA,NA,NA
1861,4,98.5,82.74,NA,NA,-0.57,-0.54,-0.59,NA,NA,NA,NA,NA,NA,NA,NA,NA,NA,NA,NA,NA,NA,NA,NA,NA
1861,5,56.8,79.94,NA,NA,-0.66,-0.56,-0.59,NA,NA,NA,NA,NA,NA,NA,NA,NA,NA,NA,NA,NA,NA,NA,NA,NA
1861,6,88.1,78.6,NA,NA,-0.53,-0.51,-0.51,NA,NA,NA,NA,NA,NA,NA,NA,NA,NA,NA,NA,NA,NA,NA,NA,NA
1861,7,78,76.1,NA,NA,-0.35,-0.42,-0.42,NA,NA,NA,NA,NA,NA,NA,NA,NA,NA,NA,NA,NA,NA,NA,NA,NA
1861,8,82.5,76.27,NA,NA,-0.39,-0.54,-0.45,NA,NA,NA,NA,NA,NA,NA,NA,NA,NA,NA,NA,NA,NA,NA,NA,NA
1861,9,79.9,73.65,NA,NA,-0.6,-0.66,-0.54,NA,NA,NA,NA,NA,NA,NA,NA,NA,NA,NA,NA,NA,NA,NA,NA,NA
1861,10,67.2,70.01,NA,NA,-0.62,-0.6,-0.59,NA,NA,NA,NA,NA,NA,NA,NA,NA,NA,NA,NA,NA,NA,NA,NA,NA
1861,11,53.7,67.38,NA,NA,-0.56,-0.57,-0.6,NA,NA,NA,NA,NA,NA,NA,NA,NA,NA,NA,NA,NA,NA,NA,NA,NA
1861,12,80.5,69.48,NA,NA,-0.62,-0.44,-0.61,NA,NA,NA,NA,NA,NA,NA,NA,NA,NA,NA,NA,NA,NA,NA,NA,NA
1862,1,63.1,68.35,NA,NA,-0.65,-0.44,-0.61,NA,NA,NA,NA,NA,NA,NA,NA,NA,NA,NA,NA,NA,NA,NA,NA,NA
1862,2,64.5,67.15,NA,NA,-0.56,-0.25,-0.56,NA,NA,NA,NA,NA,NA,NA,NA,NA,NA,NA,NA,NA,NA,NA,NA,NA
1862,3,43.6,65.93,NA,NA,-0.47,0.03,-0.43,NA,NA,NA,NA,NA,NA,NA,NA,NA,NA,NA,NA,NA,NA,NA,NA,NA
1862,4,53.7,63.01,NA,NA,-0.26,0.22,-0.27,NA,NA,NA,NA,NA,NA,NA,NA,NA,NA,NA,NA,NA,NA,NA,NA,NA
1862,5,64.4,61.73,NA,NA,-0.08,0.44,-0.19,NA,NA,NA,NA,NA,NA,NA,NA,NA,NA,NA,NA,NA,NA,NA,NA,NA
1862,6,84,60.75,NA,NA,-0.24,0.27,-0.18,NA,NA,NA,NA,NA,NA,NA,NA,NA,NA,NA,NA,NA,NA,NA,NA,NA
1862,7,73.4,58.27,NA,NA,-0.21,0.23,-0.19,NA,NA,NA,NA,NA,NA,NA,NA,NA,NA,NA,NA,NA,NA,NA,NA,NA
1862,8,62.5,57.78,NA,NA,-0.11,0.06,-0.25,NA,NA,NA,NA,NA,NA,NA,NA,NA,NA,NA,NA,NA,NA,NA,NA,NA
1862,9,66.6,57.92,NA,NA,-0.42,-0.36,-0.44,NA,NA,NA,NA,NA,NA,NA,NA,NA,NA,NA,NA,NA,NA,NA,NA,NA
1862,10,41.9,57.69,NA,NA,-0.77,-0.68,-0.8,NA,NA,NA,NA,NA,NA,NA,NA,NA,NA,NA,NA,NA,NA,NA,NA,NA
1862,11,50.6,57.7,NA,NA,-1.21,-1.05,-1.03,NA,NA,NA,NA,NA,NA,NA,NA,NA,NA,NA,NA,NA,NA,NA,NA,NA
1862,12,40.9,55.88,NA,NA,-1.12,-0.77,-1.06,NA,NA,NA,NA,NA,NA,NA,NA,NA,NA,NA,NA,NA,NA,NA,NA,NA
1863,1,48.3,51.94,NA,NA,-0.86,-0.47,-0.92,NA,NA,NA,NA,NA,NA,NA,NA,NA,NA,NA,NA,NA,NA,NA,NA,NA
1863,2,56.7,49.99,NA,NA,-0.78,-0.24,-0.82,NA,NA,NA,NA,NA,NA,NA,NA,NA,NA,NA,NA,NA,NA,NA,NA,NA
1863,3,66.4,46.88,NA,NA,-0.83,-0.22,-0.78,NA,NA,NA,NA,NA,NA,NA,NA,NA,NA,NA,NA,NA,NA,NA,NA,NA
1863,4,40.6,44.82,NA,NA,-0.72,-0.09,-0.76,NA,NA,NA,NA,NA,NA,NA,NA,NA,NA,NA,NA,NA,NA,NA,NA,NA
1863,5,53.8,44.5,NA,NA,-0.74,-0.04,-0.73,NA,NA,NA,NA,NA,NA,NA,NA,NA,NA,NA,NA,NA,NA,NA,NA,NA
1863,6,40.8,43.78,NA,NA,-0.74,-0.05,-0.69,NA,NA,NA,NA,NA,NA,NA,NA,NA,NA,NA,NA,NA,NA,NA,NA,NA
1863,7,32.7,45.07,NA,NA,-0.59,0.08,-0.57,NA,NA,NA,NA,NA,NA,NA,NA,NA,NA,NA,NA,NA,NA,NA,NA,NA
1863,8,48.1,44.98,NA,NA,-0.38,0.27,-0.46,NA,NA,NA,NA,NA,NA,NA,NA,NA,NA,NA,NA,NA,NA,NA,NA,NA
1863,9,22,45.72,NA,NA,-0.43,0.21,-0.41,NA,NA,NA,NA,NA,NA,NA,NA,NA,NA,NA,NA,NA,NA,NA,NA,NA
1863,10,39.9,43.36,NA,NA,-0.43,0.23,-0.4,NA,NA,NA,NA,NA,NA,NA,NA,NA,NA,NA,NA,NA,NA,NA,NA,NA
1863,11,37.7,43.36,NA,NA,-0.33,0.16,-0.34,NA,NA,NA,NA,NA,NA,NA,NA,NA,NA,NA,NA,NA,NA,NA,NA,NA
1863,12,41.2,43.67,NA,NA,-0.27,0.15,-0.32,NA,NA,NA,NA,NA,NA,NA,NA,NA,NA,NA,NA,NA,NA,NA,NA,NA
1864,1,57.7,44.74,NA,NA,-0.37,-0.04,-0.29,NA,NA,NA,NA,NA,NA,NA,NA,NA,NA,NA,NA,NA,NA,NA,NA,NA
1864,2,47.1,46.44,NA,NA,-0.22,-0.03,-0.28,NA,NA,NA,NA,NA,NA,NA,NA,NA,NA,NA,NA,NA,NA,NA,NA,NA
1864,3,66.3,44.93,NA,NA,-0.26,0,-0.24,NA,NA,NA,NA,NA,NA,NA,NA,NA,NA,NA,NA,NA,NA,NA,NA,NA
1864,4,35.8,45.85,NA,NA,-0.23,0.14,-0.21,NA,NA,NA,NA,NA,NA,NA,NA,NA,NA,NA,NA,NA,NA,NA,NA,NA
1864,5,40.6,47.21,NA,NA,-0.15,0.27,-0.13,NA,NA,NA,NA,NA,NA,NA,NA,NA,NA,NA,NA,NA,NA,NA,NA,NA
1864,6,57.8,46.51,NA,NA,-0.01,0.24,0.07,NA,NA,NA,NA,NA,NA,NA,NA,NA,NA,NA,NA,NA,NA,NA,NA,NA
1864,7,54.7,47.08,NA,NA,0.37,0.59,0.38,NA,NA,NA,NA,NA,NA,NA,NA,NA,NA,NA,NA,NA,NA,NA,NA,NA
1864,8,54.8,45.67,NA,NA,0.77,0.97,0.66,NA,NA,NA,NA,NA,NA,NA,NA,NA,NA,NA,NA,NA,NA,NA,NA,NA
1864,9,28.5,45.08,NA,NA,0.85,1,0.84,NA,NA,NA,NA,NA,NA,NA,NA,NA,NA,NA,NA,NA,NA,NA,NA,NA
1864,10,33.9,42.25,NA,NA,0.9,1.06,0.85,NA,NA,NA,NA,NA,NA,NA,NA,NA,NA,NA,NA,NA,NA,NA,NA,NA
1864,11,57.6,42.15,NA,NA,0.78,0.95,0.79,NA,NA,NA,NA,NA,NA,NA,NA,NA,NA,NA,NA,NA,NA,NA,NA,NA
1864,12,28.6,41.61,NA,NA,0.68,0.91,0.73,NA,NA,NA,NA,NA,NA,NA,NA,NA,NA,NA,NA,NA,NA,NA,NA,NA
1865,1,48.7,39.22,NA,NA,0.72,0.83,0.7,NA,NA,NA,NA,-0.6,NA,NA,NA,NA,NA,NA,NA,NA,NA,NA,NA,NA
1865,2,39.3,37.92,NA,NA,0.69,0.82,0.68,NA,NA,NA,NA,-1.2,NA,NA,NA,NA,NA,NA,NA,NA,NA,NA,NA,NA
1865,3,39.5,35.37,NA,NA,0.62,0.67,0.6,NA,NA,NA,NA,0.2,NA,NA,NA,NA,NA,NA,NA,NA,NA,NA,NA,NA
1865,4,29.4,34.49,NA,NA,0.5,0.69,0.51,NA,NA,NA,NA,-0.2,NA,NA,NA,NA,NA,NA,NA,NA,NA,NA,NA,NA
1865,5,34.5,33.78,NA,NA,0.43,0.67,0.45,NA,NA,NA,NA,-0.4,NA,NA,NA,NA,NA,NA,NA,NA,NA,NA,NA,NA
1865,6,33.6,30.33,NA,NA,0.43,0.68,0.48,NA,NA,NA,NA,0,NA,NA,NA,NA,NA,NA,NA,NA,NA,NA,NA,NA
1865,7,26.8,30.56,NA,NA,0.58,0.83,0.52,NA,NA,NA,NA,0.5,NA,NA,NA,NA,NA,NA,NA,NA,NA,NA,NA,NA
1865,8,37.8,29.77,NA,NA,0.53,0.81,0.57,NA,NA,NA,NA,1.5,NA,NA,NA,NA,NA,NA,NA,NA,NA,NA,NA,NA
1865,9,21.6,28.63,NA,NA,0.6,0.87,0.64,NA,NA,NA,NA,1.8,NA,NA,NA,NA,NA,NA,NA,NA,NA,NA,NA,NA
1865,10,17.1,26.95,NA,NA,0.79,0.98,0.75,NA,NA,NA,NA,-2,NA,NA,NA,NA,NA,NA,NA,NA,NA,NA,NA,NA
1865,11,24.6,25.68,NA,NA,0.86,1.06,0.87,NA,NA,NA,NA,-0.9,NA,NA,NA,NA,NA,NA,NA,NA,NA,NA,NA,NA
1865,12,12.8,24.29,NA,NA,0.96,1.17,0.96,NA,NA,NA,NA,0.8,NA,NA,NA,NA,NA,NA,NA,NA,NA,NA,NA,NA
1866,1,31.6,22.42,NA,NA,1.07,1.3,1.04,NA,NA,NA,NA,0.5,NA,NA,NA,NA,NA,NA,NA,NA,NA,NA,NA,NA
1866,2,38.4,21.34,NA,NA,1.09,1.22,1.11,NA,NA,NA,NA,0.8,NA,NA,NA,NA,NA,NA,NA,NA,NA,NA,NA,NA
1866,3,24.5,18.99,NA,NA,1.15,1.16,1.09,NA,NA,NA,NA,-0.6,NA,NA,NA,NA,NA,NA,NA,NA,NA,NA,NA,NA
1866,4,17.6,18.42,NA,NA,1.01,1.05,1.08,NA,NA,NA,NA,-2.3,NA,NA,NA,NA,NA,NA,NA,NA,NA,NA,NA,NA
1866,5,12.9,17.79,NA,NA,1.08,1.19,1.06,NA,NA,NA,NA,-2,NA,NA,NA,NA,NA,NA,NA,NA,NA,NA,NA,NA
1866,6,16.5,16.02,NA,NA,1.08,1.29,1.07,NA,NA,NA,NA,0.9,NA,NA,NA,NA,NA,NA,NA,NA,NA,NA,NA,NA
1866,7,9.3,15.03,NA,NA,1.05,1.17,1,NA,NA,NA,NA,-0.5,NA,NA,NA,NA,NA,NA,NA,NA,NA,NA,NA,NA
1866,8,12.7,12.65,NA,NA,0.86,1.01,0.83,NA,NA,NA,NA,-0.2,NA,NA,NA,NA,NA,NA,NA,NA,NA,NA,NA,NA
1866,9,7.3,10.41,NA,NA,0.57,0.81,0.59,NA,NA,NA,NA,2.4,NA,NA,NA,NA,NA,NA,NA,NA,NA,NA,NA,NA
1866,10,14.1,8.92,NA,NA,0.34,0.71,0.38,NA,NA,NA,NA,-0.3,NA,NA,NA,NA,NA,NA,NA,NA,NA,NA,NA,NA
1866,11,9,7.78,NA,NA,0.24,0.71,0.19,NA,NA,NA,NA,-0.5,NA,NA,NA,NA,NA,NA,NA,NA,NA,NA,NA,NA
1866,12,1.5,6.91,NA,NA,-0.01,0.64,0.12,NA,NA,NA,NA,0.2,NA,NA,NA,NA,NA,NA,NA,NA,NA,NA,NA,NA
1867,1,0,6.02,NA,NA,0.13,0.78,0.1,NA,NA,NA,NA,-3.5,NA,NA,NA,NA,NA,NA,NA,NA,NA,NA,NA,NA
1867,2,0.7,5.68,NA,NA,0.17,0.81,0.22,NA,NA,NA,NA,1.1,NA,NA,NA,NA,NA,NA,NA,NA,NA,NA,NA,NA
1867,3,9.2,5.45,NA,NA,0.35,0.92,0.31,NA,NA,NA,NA,-4.3,NA,NA,NA,NA,NA,NA,NA,NA,NA,NA,NA,NA
1867,4,5.1,5.93,NA,NA,0.41,0.93,0.49,NA,NA,NA,NA,1.8,NA,NA,NA,NA,NA,NA,NA,NA,NA,NA,NA,NA
1867,5,2.9,5.58,NA,NA,0.7,1.11,0.67,NA,NA,NA,NA,-4.2,NA,NA,NA,NA,NA,NA,NA,NA,NA,NA,NA,NA
1867,6,1.5,6.83,NA,NA,0.91,1.19,0.87,NA,NA,NA,NA,0.1,NA,NA,NA,NA,NA,NA,NA,NA,NA,NA,NA,NA
1867,7,5,7.91,NA,NA,0.98,0.99,0.94,NA,NA,NA,NA,-2,NA,NA,NA,NA,NA,NA,NA,NA,NA,NA,NA,NA
1867,8,4.8,9.12,NA,NA,0.92,0.83,0.92,NA,NA,NA,NA,1.9,NA,NA,NA,NA,NA,NA,NA,NA,NA,NA,NA,NA
1867,9,9.8,11.1,NA,NA,0.85,0.8,0.75,NA,NA,NA,NA,1.4,NA,NA,NA,NA,NA,NA,NA,NA,NA,NA,NA,NA
1867,10,13.5,13.21,NA,NA,0.49,0.57,0.58,NA,NA,NA,NA,2.2,NA,NA,NA,NA,NA,NA,NA,NA,NA,NA,NA,NA
1867,11,9.6,14.87,NA,NA,0.4,0.42,0.44,NA,NA,NA,NA,-3.5,NA,NA,NA,NA,NA,NA,NA,NA,NA,NA,NA,NA
1867,12,25.2,17.04,NA,NA,0.44,0.49,0.41,NA,NA,NA,NA,-0.1,NA,NA,NA,NA,NA,NA,NA,NA,NA,NA,NA,NA
1868,1,15.5,19.15,NA,NA,0.4,0.46,0.38,NA,NA,NA,NA,0.7,NA,NA,NA,NA,NA,NA,NA,NA,NA,NA,NA,NA
1868,2,15.7,21.42,NA,NA,0.3,0.43,0.29,NA,NA,NA,NA,3,NA,NA,NA,NA,NA,NA,NA,NA,NA,NA,NA,NA
1868,3,26.5,24.68,NA,NA,0.18,0.36,0.2,NA,NA,NA,NA,3.6,NA,NA,NA,NA,NA,NA,NA,NA,NA,NA,NA,NA
1868,4,36.6,28.66,NA,NA,0.12,0.27,0.2,NA,NA,NA,NA,1.7,NA,NA,NA,NA,NA,NA,NA,NA,NA,NA,NA,NA
1868,5,26.7,32.17,NA,NA,0.29,0.47,0.23,NA,NA,NA,NA,2.3,NA,NA,NA,NA,NA,NA,NA,NA,NA,NA,NA,NA
1868,6,31.1,36.63,NA,NA,0.29,0.52,0.3,NA,NA,NA,NA,3.1,NA,NA,NA,NA,NA,NA,NA,NA,NA,NA,NA,NA
1868,7,29,39.38,NA,NA,0.31,0.54,0.33,NA,NA,NA,NA,0.4,NA,NA,NA,NA,NA,NA,NA,NA,NA,NA,NA,NA
1868,8,34.4,42.79,NA,NA,0.38,0.7,0.38,NA,NA,NA,NA,1.5,NA,NA,NA,NA,NA,NA,NA,NA,NA,NA,NA,NA
1868,9,47.2,45.64,NA,NA,0.44,1.09,0.53,NA,NA,NA,NA,-2.8,NA,NA,NA,NA,NA,NA,NA,NA,NA,NA,NA,NA
1868,10,61.6,46.75,NA,NA,0.78,1.31,0.76,NA,NA,NA,NA,3.5,NA,NA,NA,NA,NA,NA,NA,NA,NA,NA,NA,NA
1868,11,59.1,51.93,NA,NA,1.07,1.61,0.98,NA,NA,NA,NA,-1.8,NA,NA,NA,NA,NA,NA,NA,NA,NA,NA,NA,NA
1868,12,67.6,58.22,NA,NA,1.09,1.45,1.04,NA,NA,NA,NA,-0.1,NA,NA,NA,NA,NA,NA,NA,NA,NA,NA,NA,NA
1869,1,60.9,60.38,NA,NA,0.96,1.13,0.93,NA,NA,NA,NA,1,NA,NA,NA,NA,NA,NA,NA,NA,NA,NA,NA,NA
1869,2,59.9,64.27,NA,NA,0.75,0.76,0.71,NA,NA,NA,NA,2.5,NA,NA,NA,NA,NA,NA,NA,NA,NA,NA,NA,NA
1869,3,52.7,67.82,NA,NA,0.42,0.39,0.46,NA,NA,NA,NA,0.2,NA,NA,NA,NA,NA,NA,NA,NA,NA,NA,NA,NA
1869,4,41,68.75,NA,NA,0.19,0.18,0.23,NA,NA,NA,NA,-0.2,NA,NA,NA,NA,NA,NA,NA,NA,NA,NA,NA,NA
1869,5,103.9,70.02,NA,NA,0.06,-0.03,0.11,NA,NA,NA,NA,-2.7,NA,NA,NA,NA,NA,NA,NA,NA,NA,NA,NA,NA
1869,6,108.4,73.51,NA,NA,0.06,-0.19,0.01,NA,NA,NA,NA,-1.9,NA,NA,NA,NA,NA,NA,NA,NA,NA,NA,NA,NA
1869,7,59.2,74.25,NA,NA,-0.08,-0.3,-0.15,NA,NA,NA,NA,-0.3,NA,NA,NA,NA,NA,NA,NA,NA,NA,NA,NA,NA
1869,8,79.6,78.41,NA,NA,-0.42,-0.7,-0.49,NA,NA,NA,NA,-1,NA,NA,NA,NA,NA,NA,NA,NA,NA,NA,NA,NA
1869,9,80.6,85.92,NA,NA,-0.97,-1.22,-0.73,NA,NA,NA,NA,-0.4,NA,NA,NA,NA,NA,NA,NA,NA,NA,NA,NA,NA
1869,10,59.3,94.17,NA,NA,-0.8,-0.88,-0.85,NA,NA,NA,NA,-1.4,NA,NA,NA,NA,NA,NA,NA,NA,NA,NA,NA,NA
1869,11,78.1,104.55,NA,NA,-0.77,-0.8,-0.77,NA,NA,NA,NA,1.4,NA,NA,NA,NA,NA,NA,NA,NA,NA,NA,NA,NA
1869,12,104.4,106.99,NA,NA,-0.73,-0.8,-0.81,NA,NA,NA,NA,0,NA,NA,NA,NA,NA,NA,NA,NA,NA,NA,NA,NA
1870,1,77.3,108.84,NA,NA,-0.93,-0.97,-0.82,NA,NA,NA,NA,0.4,NA,NA,NA,NA,NA,NA,NA,NA,NA,NA,NA,NA
1870,2,114.9,116.12,NA,NA,-0.8,-0.75,-0.74,NA,NA,NA,NA,-2.8,NA,NA,NA,NA,NA,NA,NA,NA,NA,NA,NA,NA
1870,3,157.5,120.45,NA,NA,-0.49,-0.43,-0.53,NA,NA,NA,NA,-2,NA,NA,NA,NA,NA,NA,NA,NA,NA,NA,NA,NA
1870,4,160,125.52,NA,NA,-0.29,-0.22,-0.4,NA,NA,NA,NA,1.1,NA,NA,NA,NA,NA,NA,NA,NA,NA,NA,NA,NA
1870,5,176,132.3,NA,NA,-0.42,-0.37,-0.48,NA,NA,NA,NA,1.5,NA,NA,NA,NA,NA,NA,NA,NA,NA,NA,NA,NA
1870,6,135.6,136.29,NA,NA,-0.71,-0.52,-0.63,NA,NA,NA,NA,0.3,NA,NA,NA,NA,NA,NA,NA,NA,NA,NA,NA,NA
1870,7,132.4,135.05,NA,NA,-0.76,-0.67,-0.7,NA,NA,NA,NA,0.5,NA,NA,NA,NA,NA,NA,NA,NA,NA,NA,NA,NA
1870,8,153.8,138.75,NA,NA,-0.61,-0.71,-0.64,NA,NA,NA,NA,-3.6,NA,NA,NA,NA,NA,NA,NA,NA,NA,NA,NA,NA
1870,9,136,140.92,NA,NA,-0.56,-0.69,-0.64,NA,NA,NA,NA,0.2,NA,NA,NA,NA,NA,NA,NA,NA,NA,NA,NA,NA
1870,10,146.4,141.3,NA,NA,-0.74,-0.84,-0.77,NA,NA,NA,NA,0.9,NA,NA,NA,NA,NA,NA,NA,NA,NA,NA,NA,NA
1870,11,147.5,140.18,NA,NA,-1,-0.93,-0.81,NA,NA,NA,NA,-2.1,NA,NA,NA,NA,NA,NA,NA,NA,NA,NA,NA,NA
1870,12,130,133.7,NA,NA,-0.7,-0.56,-0.76,NA,NA,NA,NA,-3,NA,NA,NA,NA,NA,NA,NA,NA,NA,NA,NA,NA
1871,1,88.3,131.19,NA,NA,-0.59,-0.36,-0.65,NA,NA,NA,NA,2,NA,NA,NA,NA,NA,NA,NA,NA,NA,NA,NA,NA
1871,2,125.3,129.48,NA,NA,-0.67,-0.29,-0.63,NA,NA,NA,NA,-0.3,NA,NA,NA,NA,NA,NA,NA,NA,NA,NA,NA,NA
1871,3,143.2,123.82,NA,NA,-0.63,-0.14,-0.56,NA,NA,NA,NA,0.9,NA,NA,NA,NA,NA,NA,NA,NA,NA,NA,NA,NA
1871,4,162.4,120.21,NA,NA,-0.38,-0.15,-0.44,NA,NA,NA,NA,-2.6,NA,NA,NA,NA,NA,NA,NA,NA,NA,NA,NA,NA
1871,5,145.5,117.05,NA,NA,-0.32,-0.27,-0.4,NA,NA,NA,NA,-1.5,NA,NA,NA,NA,NA,NA,NA,NA,NA,NA,NA,NA
1871,6,91.7,112.66,NA,NA,-0.5,-0.37,-0.33,NA,NA,NA,NA,-0.9,NA,NA,NA,NA,NA,NA,NA,NA,NA,NA,NA,NA
1871,7,103,108.78,NA,NA,-0.15,-0.27,-0.28,NA,NA,NA,NA,0.8,NA,NA,NA,NA,NA,NA,NA,NA,NA,NA,NA,NA
1871,8,110.1,111.22,NA,NA,-0.18,-0.34,-0.17,NA,NA,NA,NA,0,NA,NA,NA,NA,NA,NA,NA,NA,NA,NA,NA,NA
1871,9,80.3,108.38,NA,NA,-0.19,-0.18,-0.13,NA,NA,NA,NA,-2.2,NA,NA,NA,NA,NA,NA,NA,NA,NA,NA,NA,NA
1871,10,89,105.22,NA,NA,-0.03,-0.05,-0.09,NA,NA,NA,NA,0.2,NA,NA,NA,NA,NA,NA,NA,NA,NA,NA,NA,NA
1871,11,105.4,101.01,NA,NA,-0.06,0,-0.12,NA,NA,NA,NA,-3.1,NA,NA,NA,NA,NA,NA,NA,NA,NA,NA,NA,NA
1871,12,90.4,98.27,NA,NA,-0.27,-0.22,-0.29,NA,NA,NA,NA,1.1,NA,NA,NA,NA,NA,NA,NA,NA,NA,NA,NA,NA
1872,1,79.5,99.33,NA,NA,-0.55,-0.51,-0.47,NA,NA,NA,NA,1,NA,NA,NA,NA,NA,NA,NA,NA,NA,NA,NA,NA
1872,2,120.1,98.55,NA,NA,-0.59,-0.53,-0.58,NA,NA,NA,NA,-0.7,NA,NA,NA,NA,NA,NA,NA,NA,NA,NA,NA,NA
1872,3,88.4,98.9,NA,NA,-0.58,-0.55,-0.6,NA,NA,NA,NA,-1.1,NA,NA,NA,NA,NA,NA,NA,NA,NA,NA,NA,NA
1872,4,102.1,100.62,NA,NA,-0.62,-0.6,-0.58,NA,NA,NA,NA,-0.5,NA,NA,NA,NA,NA,NA,NA,NA,NA,NA,NA,NA
1872,5,107.6,102.38,NA,NA,-0.53,-0.65,-0.53,NA,NA,NA,NA,1,NA,NA,NA,NA,NA,NA,NA,NA,NA,NA,NA,NA
1872,6,109.9,100.73,NA,NA,-0.45,-0.59,-0.53,NA,NA,NA,NA,0.2,NA,NA,NA,NA,NA,NA,NA,NA,NA,NA,NA,NA
1872,7,105.5,100.45,NA,NA,-0.61,-0.51,-0.64,NA,NA,NA,NA,-2.3,NA,NA,NA,NA,NA,NA,NA,NA,NA,NA,NA,NA
1872,8,92.9,102.56,NA,NA,-0.85,-0.62,-0.91,NA,NA,NA,NA,-2.4,NA,NA,NA,NA,NA,NA,NA,NA,NA,NA,NA,NA
1872,9,114.6,100.88,NA,NA,-1.27,-1.01,-1.13,NA,NA,NA,NA,-1.8,NA,NA,NA,NA,NA,NA,NA,NA,NA,NA,NA,NA
1872,10,102.6,99.95,NA,NA,-1.28,-0.92,-1.25,NA,NA,NA,NA,1.6,NA,NA,NA,NA,NA,NA,NA,NA,NA,NA,NA,NA
1872,11,112,95.78,NA,NA,-1.19,-0.87,-1.22,NA,NA,NA,NA,0.4,NA,NA,NA,NA,NA,NA,NA,NA,NA,NA,NA,NA
1872,12,83.9,90.95,NA,NA,-1.18,-0.78,-1.14,NA,NA,NA,NA,-0.5,NA,NA,NA,NA,NA,NA,NA,NA,NA,NA,NA,NA
1873,1,86.7,87.64,NA,NA,-1.06,-0.73,-1.11,NA,NA,NA,NA,1.3,NA,NA,NA,NA,NA,NA,NA,NA,NA,NA,NA,NA
1873,2,107,84.77,NA,NA,-1.1,-0.85,-1.07,NA,NA,NA,NA,-0.6,NA,NA,NA,NA,NA,NA,NA,NA,NA,NA,NA,NA
1873,3,98.3,81.25,NA,NA,-1.07,-0.83,-1,NA,NA,NA,NA,1.2,NA,NA,NA,NA,NA,NA,NA,NA,NA,NA,NA,NA
1873,4,76.2,76.05,NA,NA,-0.84,-0.7,-0.8,NA,NA,NA,NA,-3.3,NA,NA,NA,NA,NA,NA,NA,NA,NA,NA,NA,NA
1873,5,47.9,72.42,NA,NA,-0.49,-0.45,-0.53,NA,NA,NA,NA,-0.9,NA,NA,NA,NA,NA,NA,NA,NA,NA,NA,NA,NA
1873,6,44.8,67.59,NA,NA,-0.27,-0.33,-0.31,NA,NA,NA,NA,1.9,NA,NA,NA,NA,NA,NA,NA,NA,NA,NA,NA,NA
1873,7,66.9,65.82,NA,NA,-0.17,-0.15,-0.27,NA,NA,NA,NA,-0.1,NA,NA,NA,NA,NA,NA,NA,NA,NA,NA,NA,NA
1873,8,68.2,64.08,NA,NA,-0.36,-0.39,-0.28,NA,NA,NA,NA,3.1,NA,NA,NA,NA,NA,NA,NA,NA,NA,NA,NA,NA
1873,9,47.1,59.42,NA,NA,-0.32,-0.36,-0.43,NA,NA,NA,NA,-2.2,NA,NA,NA,NA,NA,NA,NA,NA,NA,NA,NA,NA
1873,10,47.1,54.32,NA,NA,-0.61,-0.64,-0.66,NA,NA,NA,NA,1.7,NA,NA,NA,NA,NA,NA,NA,NA,NA,NA,NA,NA
1873,11,55.4,51.89,NA,NA,-1.05,-1.02,-0.9,NA,NA,NA,NA,-1.9,NA,NA,NA,NA,NA,NA,NA,NA,NA,NA,NA,NA
1873,12,49.2,51.15,NA,NA,-1.04,-1.16,-1.01,NA,NA,NA,NA,0.6,NA,NA,NA,NA,NA,NA,NA,NA,NA,NA,NA,NA
1874,1,60.8,52.92,NA,NA,-0.94,-0.98,-1.02,NA,NA,NA,NA,1.5,NA,NA,NA,NA,NA,NA,NA,NA,NA,NA,NA,NA
1874,2,64.2,52.48,NA,NA,-1.08,-1.09,-1,NA,NA,NA,NA,0.9,NA,NA,NA,NA,NA,NA,NA,NA,NA,NA,NA,NA
1874,3,46.4,49.39,NA,NA,-0.97,-0.97,-0.98,NA,NA,NA,NA,0.9,NA,NA,NA,NA,NA,NA,NA,NA,NA,NA,NA,NA
1874,4,32,48.41,NA,NA,-0.89,-0.84,-0.9,NA,NA,NA,NA,2,NA,NA,NA,NA,NA,NA,NA,NA,NA,NA,NA,NA
1874,5,44.6,47.01,NA,NA,-0.83,-0.75,-0.84,NA,NA,NA,NA,-1.3,NA,NA,NA,NA,NA,NA,NA,NA,NA,NA,NA,NA
1874,6,38.2,45,NA,NA,-0.81,-0.74,-0.83,NA,NA,NA,NA,0.1,NA,NA,NA,NA,NA,NA,NA,NA,NA,NA,NA,NA
1874,7,67.8,42.34,NA,NA,-0.84,-0.85,-0.85,NA,NA,NA,NA,0.6,NA,NA,NA,NA,NA,NA,NA,NA,NA,NA,NA,NA
1874,8,61.3,39.32,NA,NA,-0.9,-1.17,-0.91,NA,NA,NA,NA,0.9,NA,NA,NA,NA,NA,NA,NA,NA,NA,NA,NA,NA
1874,9,28,36.98,NA,NA,-1,-1.01,-1.02,NA,NA,NA,NA,1.4,NA,NA,NA,NA,NA,NA,NA,NA,NA,NA,NA,NA
1874,10,34.3,35.65,NA,NA,-1.15,-1.03,-1.14,NA,NA,NA,NA,1.8,NA,NA,NA,NA,NA,NA,NA,NA,NA,NA,NA,NA
1874,11,28.9,34.07,NA,NA,-1.28,-1.24,-1.1,NA,NA,NA,NA,-0.2,NA,NA,NA,NA,NA,NA,NA,NA,NA,NA,NA,NA
1874,12,29.3,32.48,NA,NA,-0.88,-0.79,-0.93,NA,NA,NA,NA,0.1,NA,NA,NA,NA,NA,NA,NA,NA,NA,NA,NA,NA
1875,1,14.6,30.5,NA,NA,-0.65,-0.5,-0.75,NA,NA,NA,NA,-0.7,NA,NA,NA,NA,NA,1.12,NA,NA,NA,NA,NA,NA
1875,2,21.5,26.41,NA,NA,-0.72,-0.77,-0.62,NA,NA,NA,NA,-1,NA,NA,NA,NA,NA,0.04,NA,NA,NA,NA,NA,NA
1875,3,33.8,21.88,NA,NA,-0.48,-0.47,-0.6,NA,NA,NA,NA,-0.8,NA,NA,NA,NA,NA,0.91,NA,NA,NA,NA,NA,NA
1875,4,29.1,20.7,NA,NA,-0.6,-0.75,-0.58,NA,NA,NA,NA,-1.8,NA,NA,NA,NA,NA,1.34,NA,NA,NA,NA,NA,NA
1875,5,11.5,19.42,NA,NA,-0.66,-0.61,-0.59,NA,NA,NA,NA,2.4,NA,NA,NA,NA,NA,0.75,NA,NA,NA,NA,NA,NA
1875,6,23.9,17.96,NA,NA,-0.5,-0.6,-0.5,NA,NA,NA,NA,3.2,NA,NA,NA,NA,NA,0.11,NA,NA,NA,NA,NA,NA
1875,7,12.5,16.81,NA,NA,-0.33,-0.42,-0.53,NA,NA,NA,NA,-1.1,NA,NA,NA,NA,NA,1.3,NA,NA,NA,NA,NA,NA
1875,8,14.6,16.84,NA,NA,-0.76,-0.71,-0.58,NA,NA,NA,NA,-1.6,NA,NA,NA,NA,NA,0.29,NA,NA,NA,NA,NA,NA
1875,9,2.4,17.54,NA,NA,-0.66,-0.59,-0.74,NA,NA,NA,NA,-1.5,NA,NA,NA,NA,NA,0.89,NA,NA,NA,NA,NA,NA
1875,10,12.7,15.12,NA,NA,-0.81,-0.88,-0.7,NA,NA,NA,NA,0.1,NA,NA,NA,NA,NA,0.83,NA,NA,NA,NA,NA,NA
1875,11,17.7,13.27,NA,NA,-0.63,-0.8,-0.61,NA,NA,NA,NA,-3.1,NA,NA,NA,NA,NA,2.16,NA,NA,NA,NA,NA,NA
1875,12,9.9,12.51,NA,NA,-0.39,-0.64,-0.57,NA,NA,NA,NA,-0.6,NA,NA,NA,NA,NA,1.31,NA,NA,NA,NA,NA,NA
1876,1,14.3,11.84,NA,NA,-0.69,-0.94,-0.59,NA,NA,NA,NA,0.8,NA,NA,NA,NA,NA,0.37,NA,NA,NA,NA,NA,NA
1876,2,15,11.55,NA,NA,-0.69,-0.99,-0.71,NA,NA,NA,NA,-0.7,NA,NA,NA,NA,NA,0.25,NA,NA,NA,NA,NA,NA
1876,3,30.6,11.19,NA,NA,-0.74,-0.95,-0.72,NA,NA,NA,NA,0.5,NA,NA,NA,NA,NA,0.43,NA,NA,NA,NA,NA,NA
1876,4,2.3,12.11,NA,NA,-0.73,-0.94,-0.58,NA,NA,NA,NA,-0.6,NA,NA,NA,NA,NA,0.9,NA,NA,NA,NA,NA,NA
1876,5,5.1,11.89,NA,NA,-0.26,-0.49,-0.41,NA,NA,NA,NA,0.8,NA,NA,NA,NA,NA,0.24,NA,NA,NA,NA,NA,NA
1876,6,1.6,11.16,NA,NA,-0.25,-0.26,-0.22,NA,NA,NA,NA,3.3,NA,NA,NA,NA,NA,-0.13,NA,NA,NA,NA,NA,NA
1876,7,15.2,12.28,NA,NA,-0.13,-0.02,-0.19,NA,NA,NA,NA,1.7,NA,NA,NA,NA,NA,0.88,NA,NA,NA,NA,NA,NA
1876,8,8.8,11.85,NA,NA,-0.19,-0.04,-0.18,NA,NA,NA,NA,0.3,NA,NA,NA,NA,NA,0.32,NA,NA,NA,NA,NA,NA
1876,9,9.9,11.61,NA,NA,-0.23,-0.07,-0.09,NA,NA,NA,NA,-3.7,NA,NA,NA,NA,NA,1.23,NA,NA,NA,NA,NA,NA
1876,10,14.3,10.47,NA,NA,0.13,0.46,0.08,NA,NA,NA,NA,-1.9,NA,NA,NA,NA,NA,2.16,NA,NA,NA,NA,NA,NA
1876,11,9.9,11.95,NA,NA,0.32,0.44,0.28,NA,NA,NA,NA,-4.4,NA,NA,NA,NA,NA,2.84,NA,NA,NA,NA,NA,NA
1876,12,8.2,12.65,NA,NA,0.38,0.4,0.43,NA,NA,NA,NA,-2.1,NA,NA,NA,NA,NA,1.98,NA,NA,NA,NA,NA,NA
1877,1,24.4,12.99,NA,NA,0.58,0.69,0.55,NA,NA,NA,NA,0.9,NA,NA,NA,NA,NA,-0.01,NA,NA,NA,NA,NA,NA
1877,2,8.7,12.31,NA,NA,0.67,0.64,0.71,NA,NA,NA,NA,1.1,NA,NA,NA,NA,NA,1.27,NA,NA,NA,NA,NA,NA
1877,3,11.9,12.93,NA,NA,0.87,0.78,0.91,NA,NA,NA,NA,0.1,NA,NA,NA,NA,NA,0.36,NA,NA,NA,NA,NA,NA
1877,4,15.8,12.68,NA,NA,1.18,1.15,1.08,NA,NA,NA,NA,-3.1,NA,NA,NA,NA,NA,2.03,NA,NA,NA,NA,NA,NA
1877,5,21.6,12.68,NA,NA,1.21,1.14,1.33,NA,NA,NA,NA,-2.8,NA,NA,NA,NA,NA,2.81,NA,NA,NA,NA,NA,NA
1877,6,14.2,12.08,NA,NA,1.61,1.7,1.55,NA,NA,NA,NA,-0.1,NA,NA,NA,NA,NA,1.5,NA,NA,NA,NA,NA,NA
1877,7,6,11.71,NA,NA,1.82,1.86,1.8,NA,NA,NA,NA,1.3,NA,NA,NA,NA,NA,1.26,NA,NA,NA,NA,NA,NA
1877,8,6.3,10.34,NA,NA,1.96,2.15,1.95,NA,NA,NA,NA,-5.5,NA,NA,NA,NA,NA,2.44,NA,NA,NA,NA,NA,NA
1877,9,16.9,10.27,NA,NA,2.07,2.49,1.98,NA,NA,NA,NA,-3.2,NA,NA,NA,NA,NA,1.45,NA,NA,NA,NA,NA,NA
1877,10,6.7,9.36,NA,NA,1.92,2.53,2.02,NA,NA,NA,NA,0,NA,NA,NA,NA,NA,1.25,NA,NA,NA,NA,NA,NA
1877,11,14.2,8.6,NA,NA,2.05,2.62,2.04,NA,NA,NA,NA,2.2,NA,NA,NA,NA,NA,0.36,NA,NA,NA,NA,NA,NA
1877,12,2.2,7.43,NA,NA,2.14,2.77,2.14,NA,NA,NA,NA,2.5,NA,NA,NA,NA,NA,-0.5,NA,NA,NA,NA,NA,NA
1878,1,3.3,6.35,NA,NA,2.24,2.71,2.19,NA,NA,NA,NA,0.5,NA,NA,NA,NA,NA,1.07,NA,NA,NA,NA,NA,NA
1878,2,6.6,5.88,NA,NA,2.21,2.49,2.07,NA,NA,NA,NA,-0.2,NA,NA,NA,NA,NA,1.41,NA,NA,NA,NA,NA,NA
1878,3,7.8,5.81,NA,NA,1.78,2.06,1.8,NA,NA,NA,NA,0.2,NA,NA,NA,NA,NA,0.26,NA,NA,NA,NA,NA,NA
1878,4,0.1,4.59,NA,NA,1.41,1.62,1.51,NA,NA,NA,NA,-2.7,NA,NA,NA,NA,NA,2.07,NA,NA,NA,NA,NA,NA
1878,5,5.9,4.39,NA,NA,1.33,1.42,1.35,NA,NA,NA,NA,-0.8,NA,NA,NA,NA,NA,1.72,NA,NA,NA,NA,NA,NA
1878,6,6.4,3.34,NA,NA,1.3,1.19,1.21,NA,NA,NA,NA,-1.2,NA,NA,NA,NA,NA,0.79,NA,NA,NA,NA,NA,NA
1878,7,0.1,3.25,NA,NA,0.99,0.88,0.88,NA,NA,NA,NA,0.4,NA,NA,NA,NA,NA,1.42,NA,NA,NA,NA,NA,NA
1878,8,0,3.04,NA,NA,0.34,0.43,0.45,NA,NA,NA,NA,-3.5,NA,NA,NA,NA,NA,1.89,NA,NA,NA,NA,NA,NA
1878,9,5.3,2.53,NA,NA,0.02,-0.08,0.02,NA,NA,NA,NA,1,NA,NA,NA,NA,NA,0.79,NA,NA,NA,NA,NA,NA
1878,10,1.1,2.41,NA,NA,-0.29,-0.35,-0.17,NA,NA,NA,NA,-1.4,NA,NA,NA,NA,NA,1.84,NA,NA,NA,NA,NA,NA
1878,11,4.1,2.58,NA,NA,-0.25,-0.33,-0.26,NA,NA,NA,NA,-3.1,NA,NA,NA,NA,NA,1.81,NA,NA,NA,NA,NA,NA
1878,12,0.5,2.5,NA,NA,-0.24,-0.38,-0.17,NA,NA,NA,NA,-5.5,NA,NA,NA,NA,NA,2.69,NA,NA,NA,NA,NA,NA
1879,1,1,2.58,NA,NA,-0.03,-0.09,-0.02,NA,NA,NA,NA,-0.9,NA,NA,NA,NA,NA,1.88,NA,NA,NA,NA,NA,NA
1879,2,0.6,3.4,NA,NA,0.22,0.13,0.07,NA,NA,NA,NA,0.9,NA,NA,NA,NA,NA,1.41,NA,NA,NA,NA,NA,NA
1879,3,0,3.87,NA,NA,0.02,-0.04,0.09,NA,NA,NA,NA,1.2,NA,NA,NA,NA,NA,0.24,NA,NA,NA,NA,NA,NA
1879,4,6.2,4.41,NA,NA,0.03,-0.05,-0.04,NA,NA,NA,NA,-0.2,NA,NA,NA,NA,NA,1.07,NA,NA,NA,NA,NA,NA
1879,5,2.4,5.33,NA,NA,-0.17,-0.06,-0.13,NA,NA,NA,NA,1.6,NA,NA,NA,NA,NA,0.39,NA,NA,NA,NA,NA,NA
1879,6,4.8,5.58,NA,NA,-0.23,-0.21,-0.22,NA,NA,NA,NA,-1.4,NA,NA,NA,NA,NA,1,NA,NA,NA,NA,NA,NA
1879,7,7.5,7.38,NA,NA,-0.27,-0.34,-0.41,NA,NA,NA,NA,-0.4,NA,NA,NA,NA,NA,0.52,NA,NA,NA,NA,NA,NA
1879,8,10.7,9.4,NA,NA,-0.73,-0.78,-0.62,NA,NA,NA,NA,-0.7,NA,NA,NA,NA,NA,-0.01,NA,NA,NA,NA,NA,NA
1879,9,6.1,10.84,NA,NA,-0.85,-0.52,-0.85,NA,NA,NA,NA,2.9,NA,NA,NA,NA,NA,-1.45,NA,NA,NA,NA,NA,NA
1879,10,12.3,12.34,NA,NA,-0.96,-0.54,-0.93,NA,NA,NA,NA,-0.3,NA,NA,NA,NA,NA,0.3,NA,NA,NA,NA,NA,NA
1879,11,13.1,13.67,NA,NA,-0.98,-0.66,-1.03,NA,NA,NA,NA,-3.9,NA,NA,NA,NA,NA,1.23,NA,NA,NA,NA,NA,NA
1879,12,7.3,16.11,NA,NA,-1.14,-0.98,-1.13,NA,NA,NA,NA,-1.2,NA,NA,NA,NA,NA,0.54,NA,NA,NA,NA,NA,NA
1880,1,24,17.42,NA,NA,-1.25,-1.14,-0.95,NA,NA,NA,NA,-0.8,NA,NA,NA,NA,NA,0.34,NA,NA,NA,NA,NA,NA
1880,2,27.2,20.55,NA,NA,-0.44,-0.36,-0.59,NA,NA,NA,NA,1,NA,NA,NA,NA,NA,1.03,NA,NA,NA,NA,NA,NA
1880,3,19.3,24.8,NA,NA,-0.08,-0.17,-0.2,NA,NA,NA,NA,0.5,NA,NA,NA,NA,NA,1.02,NA,NA,NA,NA,NA,NA
1880,4,19.5,27.64,NA,NA,-0.07,-0.08,-0.09,NA,NA,NA,NA,1.3,NA,NA,NA,NA,NA,0.96,NA,NA,NA,NA,NA,NA
1880,5,23.5,29.05,NA,NA,-0.11,-0.12,-0.16,NA,NA,NA,NA,-0.6,NA,NA,NA,NA,NA,0.72,NA,NA,NA,NA,NA,NA
1880,6,34.1,30.32,NA,NA,-0.3,-0.23,-0.23,NA,NA,NA,NA,-0.2,NA,NA,NA,NA,NA,1.06,NA,NA,NA,NA,NA,NA
1880,7,21.9,32.56,NA,NA,-0.26,-0.41,-0.23,NA,NA,NA,NA,-3.6,NA,NA,NA,NA,NA,2.06,NA,NA,NA,NA,NA,NA
1880,8,48.1,34.81,NA,NA,-0.13,-0.11,-0.1,NA,NA,NA,NA,-0.4,NA,NA,NA,NA,NA,2.08,NA,NA,NA,NA,NA,NA
1880,9,66,36.68,NA,NA,0.08,0.2,0.08,NA,NA,NA,NA,-1.1,NA,NA,NA,NA,NA,1.34,NA,NA,NA,NA,NA,NA
1880,10,43,39.16,NA,NA,0.27,0.48,0.22,NA,NA,NA,NA,-4.7,NA,NA,NA,NA,NA,2.4,NA,NA,NA,NA,NA,NA
1880,11,30.7,41.01,NA,NA,0.31,0.36,0.39,NA,NA,NA,NA,1,NA,NA,NA,NA,NA,1.51,NA,NA,NA,NA,NA,NA
1880,12,29.6,43.85,NA,NA,0.59,0.44,0.54,NA,NA,NA,NA,-2.2,NA,NA,NA,NA,NA,0.32,NA,NA,NA,NA,NA,NA
1881,1,36.4,47.15,NA,NA,0.72,0.42,0.62,NA,NA,NA,NA,-5.9,NA,NA,NA,NA,NA,2.19,NA,NA,NA,NA,NA,NA
1881,2,53.2,49.95,NA,NA,0.56,0.3,0.62,NA,NA,NA,NA,-0.9,NA,NA,NA,NA,NA,1.93,NA,NA,NA,NA,NA,NA
1881,3,51.5,50.35,NA,NA,0.59,0.31,0.58,NA,NA,NA,NA,-2.3,NA,NA,NA,NA,NA,2.5,NA,NA,NA,NA,NA,NA
1881,4,51.6,50.22,NA,NA,0.58,0.41,0.59,NA,NA,NA,NA,-1.9,NA,NA,NA,NA,NA,1.56,NA,NA,NA,NA,NA,NA
1881,5,43.5,51.13,NA,NA,0.6,0.32,0.54,NA,NA,NA,NA,0.9,NA,NA,NA,NA,NA,0.6,NA,NA,NA,NA,NA,NA
1881,6,60.5,52.41,NA,NA,0.44,0.12,0.44,NA,NA,NA,NA,1.2,NA,NA,NA,NA,NA,0.36,NA,NA,NA,NA,NA,NA
1881,7,76.9,53.59,NA,NA,0.3,-0.04,0.34,NA,NA,NA,NA,1.7,NA,NA,NA,NA,NA,0.36,NA,NA,NA,NA,NA,NA
1881,8,58.4,56.14,NA,NA,0.28,0.09,0.24,NA,NA,NA,NA,-0.9,NA,NA,NA,NA,NA,-0.67,NA,NA,NA,NA,NA,NA
1881,9,53.2,57.18,NA,NA,0.13,0.01,0.13,NA,NA,NA,NA,-2.2,NA,NA,NA,NA,NA,-0.02,NA,NA,NA,NA,NA,NA
1881,10,64.4,60.59,NA,NA,-0.03,-0.12,-0.08,NA,NA,NA,NA,-0.9,NA,NA,NA,NA,NA,0,NA,NA,NA,NA,NA,NA
1881,11,54.8,61.55,NA,NA,-0.33,-0.32,-0.3,NA,NA,NA,NA,1.4,NA,NA,NA,NA,NA,0.45,NA,NA,NA,NA,NA,NA
1881,12,47.3,61.68,NA,NA,-0.54,-0.37,-0.46,NA,NA,NA,NA,2.7,NA,NA,NA,NA,NA,-0.78,NA,NA,NA,NA,NA,NA
1882,1,45,60.52,NA,NA,-0.52,-0.44,-0.48,NA,NA,NA,NA,1,NA,NA,NA,NA,NA,-0.12,NA,NA,NA,NA,NA,NA
1882,2,69.5,57.72,NA,NA,-0.4,-0.4,-0.37,NA,NA,NA,NA,0.6,NA,NA,NA,NA,NA,0.3,NA,NA,NA,NA,NA,NA
1882,3,66.8,57.66,NA,NA,-0.2,-0.26,-0.19,NA,NA,NA,NA,3.6,NA,NA,NA,NA,NA,-0.1,NA,NA,NA,NA,NA,NA
1882,4,95.8,58.12,NA,NA,0.02,-0.19,-0.02,NA,NA,NA,NA,-1.3,NA,NA,NA,NA,NA,0.56,NA,NA,NA,NA,NA,NA
1882,5,64.1,59.66,NA,NA,0.13,-0.31,-0.05,NA,NA,NA,NA,-1.3,NA,NA,NA,NA,NA,0.29,NA,NA,NA,NA,NA,NA
1882,6,45.2,58.66,NA,NA,-0.3,-0.77,-0.18,NA,NA,NA,NA,0.1,NA,NA,NA,NA,NA,-0.62,NA,NA,NA,NA,NA,NA
1882,7,45.4,59.68,NA,NA,-0.37,-0.92,-0.33,NA,NA,NA,NA,1.8,NA,NA,NA,NA,NA,-1.23,NA,NA,NA,NA,NA,NA
1882,8,40.4,59.83,NA,NA,-0.33,-0.69,-0.33,NA,NA,NA,NA,0.7,NA,NA,NA,NA,NA,-1.36,NA,NA,NA,NA,NA,NA
1882,9,57.7,57.78,NA,NA,-0.28,-0.39,-0.42,NA,NA,NA,NA,1.6,NA,NA,NA,NA,NA,-1.26,NA,NA,NA,NA,NA,NA
1882,10,59.2,58.95,NA,NA,-0.65,-0.6,-0.56,NA,NA,NA,NA,0.3,NA,NA,NA,NA,NA,-0.17,NA,NA,NA,NA,NA,NA
1882,11,84.4,54.01,NA,NA,-0.76,-0.71,-0.66,NA,NA,NA,NA,1.6,NA,NA,NA,NA,NA,-1.1,NA,NA,NA,NA,NA,NA
1882,12,41.8,54.95,NA,NA,-0.56,-0.63,-0.57,NA,NA,NA,NA,-1.4,NA,NA,NA,NA,NA,0.04,NA,NA,NA,NA,NA,NA
1883,1,60.6,57.67,NA,NA,-0.39,-0.59,-0.36,NA,NA,NA,NA,0.7,NA,NA,NA,NA,NA,0.17,NA,NA,NA,NA,NA,NA
1883,2,46.9,57.72,NA,NA,-0.13,-0.47,-0.15,NA,NA,NA,NA,2.4,NA,NA,NA,NA,NA,-0.73,NA,NA,NA,NA,NA,NA
1883,3,42.8,58.65,NA,NA,0.07,-0.06,0.05,NA,NA,NA,NA,-2.4,NA,NA,NA,NA,NA,0.07,NA,NA,NA,NA,NA,NA
1883,4,82.1,60.66,NA,NA,0.22,0.13,0.14,NA,NA,NA,NA,1.3,NA,NA,NA,NA,NA,-0.92,NA,NA,NA,NA,NA,NA
1883,5,31.5,62.61,NA,NA,0.13,0.14,0.2,NA,NA,NA,NA,1.3,NA,NA,NA,NA,NA,-1.18,NA,NA,NA,NA,NA,NA
1883,6,76.3,61.95,NA,NA,0.25,0.19,0.23,NA,NA,NA,NA,-2.3,NA,NA,NA,NA,NA,-0.06,NA,NA,NA,NA,NA,NA
1883,7,80.6,65.78,NA,NA,0.31,0.23,0.34,NA,NA,NA,NA,-2.5,NA,NA,NA,NA,NA,0.2,NA,NA,NA,NA,NA,NA
1883,8,46,67.8,NA,NA,0.46,0.21,0.3,NA,NA,NA,NA,1.3,NA,NA,NA,NA,NA,-0.61,NA,NA,NA,NA,NA,NA
1883,9,52.6,70.92,NA,NA,0.13,0.09,0.16,NA,NA,NA,NA,-0.7,NA,NA,NA,NA,NA,-1.13,NA,NA,NA,NA,NA,NA
1883,10,83.8,73.48,NA,NA,-0.11,-0.1,0,NA,NA,NA,NA,2.5,NA,NA,NA,NA,NA,-1.2,NA,NA,NA,NA,NA,NA
1883,11,84.5,72.28,NA,NA,0,0.05,-0.06,NA,NA,NA,NA,1.9,NA,NA,NA,NA,NA,-1.16,NA,NA,NA,NA,NA,NA
1883,12,75.9,73.8,NA,NA,-0.07,-0.17,-0.01,NA,NA,NA,NA,0.7,NA,NA,NA,NA,NA,-1.13,NA,NA,NA,NA,NA,NA
1884,1,91.5,72.02,NA,NA,0.05,-0.27,-0.01,NA,NA,NA,NA,0.7,NA,NA,NA,NA,NA,-0.74,NA,NA,NA,NA,NA,NA
1884,2,86.9,70.11,NA,NA,0,-0.25,0,NA,NA,NA,NA,0.8,NA,NA,NA,NA,NA,-0.45,NA,NA,NA,NA,NA,NA
1884,3,87.5,71.33,NA,NA,-0.04,0.1,0.05,NA,NA,NA,NA,1.3,NA,NA,NA,NA,NA,-0.63,NA,NA,NA,NA,NA,NA
1884,4,76.1,70.96,NA,NA,0.2,0.52,0.2,NA,NA,NA,NA,-2,NA,NA,NA,NA,NA,1.04,NA,NA,NA,NA,NA,NA
1884,5,66.5,67.33,NA,NA,0.44,0.46,0.22,NA,NA,NA,NA,0.3,NA,NA,NA,NA,NA,0.31,NA,NA,NA,NA,NA,NA
1884,6,51.2,64.46,NA,NA,0.03,0.26,0.23,NA,NA,NA,NA,0.9,NA,NA,NA,NA,NA,-1.12,NA,NA,NA,NA,NA,NA
1884,7,53.1,61.92,NA,NA,0.23,0.29,0.21,NA,NA,NA,NA,-3,NA,NA,NA,NA,NA,-0.18,NA,NA,NA,NA,NA,NA
1884,8,55.8,60.4,NA,NA,0.37,0.47,0.35,NA,NA,NA,NA,0.9,NA,NA,NA,NA,NA,-1.64,NA,NA,NA,NA,NA,NA
1884,9,61.9,57.55,NA,NA,0.46,0.43,0.48,NA,NA,NA,NA,1.4,NA,NA,NA,NA,NA,-1.36,NA,NA,NA,NA,NA,NA
1884,10,47.8,55.05,NA,NA,0.62,0.76,0.59,NA,NA,NA,NA,1.4,NA,NA,NA,NA,NA,-0.76,NA,NA,NA,NA,NA,NA
1884,11,36.6,54.81,NA,NA,0.7,0.75,0.66,NA,NA,NA,NA,-1.1,NA,NA,NA,NA,NA,-0.45,NA,NA,NA,NA,NA,NA
1884,12,47.2,56.13,NA,NA,0.65,0.87,0.68,NA,NA,NA,NA,2.1,NA,NA,NA,NA,NA,-0.87,NA,NA,NA,NA,NA,NA
1885,1,42.8,57.31,NA,NA,0.7,0.73,0.63,NA,NA,NA,NA,-0.4,NA,NA,NA,NA,NA,-0.25,NA,NA,NA,NA,NA,NA
1885,2,71.8,57.07,NA,NA,0.56,0.29,0.67,NA,NA,NA,NA,-1.8,NA,NA,NA,NA,NA,0.22,NA,NA,NA,NA,NA,NA
1885,3,49.8,55.82,NA,NA,0.75,0.42,0.7,NA,NA,NA,NA,0.9,NA,NA,NA,NA,NA,-0.59,NA,NA,NA,NA,NA,NA
1885,4,55,54.04,NA,NA,0.81,0.38,0.75,NA,NA,NA,NA,1.2,NA,NA,NA,NA,NA,-0.2,NA,NA,NA,NA,NA,NA
1885,5,73,52.74,NA,NA,0.68,0.17,0.74,NA,NA,NA,NA,-1.6,NA,NA,NA,NA,NA,-0.53,NA,NA,NA,NA,NA,NA
1885,6,83.7,51.59,NA,NA,0.74,0.13,0.7,NA,NA,NA,NA,1.7,NA,NA,NA,NA,NA,-0.96,NA,NA,NA,NA,NA,NA
1885,7,66.5,50.26,NA,NA,0.69,-0.04,0.78,NA,NA,NA,NA,0.3,NA,NA,NA,NA,NA,-0.43,NA,NA,NA,NA,NA,NA
1885,8,50,48.96,NA,NA,0.9,0.17,0.89,NA,NA,NA,NA,-4.9,NA,NA,NA,NA,NA,1.05,NA,NA,NA,NA,NA,NA
1885,9,39.6,47.85,NA,NA,1.07,0.56,1.05,NA,NA,NA,NA,1.9,NA,NA,NA,NA,NA,0.33,NA,NA,NA,NA,NA,NA
1885,10,38.7,47.38,NA,NA,1.18,0.74,1.16,NA,NA,NA,NA,-0.3,NA,NA,NA,NA,NA,-0.86,NA,NA,NA,NA,NA,NA
1885,11,30.9,45.51,NA,NA,1.24,0.79,1.15,NA,NA,NA,NA,-1.2,NA,NA,NA,NA,NA,0.71,NA,NA,NA,NA,NA,NA
1885,12,21.7,41.98,NA,NA,1.03,0.64,0.94,NA,NA,NA,NA,-1.3,NA,NA,NA,NA,NA,-0.76,NA,NA,NA,NA,NA,NA
1886,1,29.9,37.87,NA,NA,0.55,0.07,0.55,NA,NA,NA,NA,0.3,NA,NA,NA,NA,NA,-0.29,NA,NA,NA,NA,NA,NA
1886,2,25.9,34.05,NA,NA,0.06,-0.41,0.25,NA,NA,NA,NA,-0.1,NA,NA,NA,NA,NA,0.59,NA,NA,NA,NA,NA,NA
1886,3,57.3,31.85,NA,NA,0.13,-0.31,0.12,NA,NA,NA,NA,-0.9,NA,NA,NA,NA,NA,1.2,NA,NA,NA,NA,NA,NA
1886,4,43.7,29.47,NA,NA,0.16,-0.33,0.01,NA,NA,NA,NA,-1.2,NA,NA,NA,NA,NA,0.72,NA,NA,NA,NA,NA,NA
1886,5,30.7,26.52,NA,NA,-0.26,-0.53,-0.32,NA,NA,NA,NA,-1.2,NA,NA,NA,NA,NA,0.59,NA,NA,NA,NA,NA,NA
1886,6,27.1,25.14,NA,NA,-0.86,-0.96,-0.65,NA,NA,NA,NA,0.8,NA,NA,NA,NA,NA,0.63,NA,NA,NA,NA,NA,NA
1886,7,30.3,24.26,NA,NA,-0.83,-0.93,-0.87,NA,NA,NA,NA,0.7,NA,NA,NA,NA,NA,1.5,NA,NA,NA,NA,NA,NA
1886,8,16.9,22.98,NA,NA,-0.91,-0.87,-0.81,NA,NA,NA,NA,3,NA,NA,NA,NA,NA,0.64,NA,NA,NA,NA,NA,NA
1886,9,21.4,21.31,NA,NA,-0.69,-0.66,-0.89,NA,NA,NA,NA,-1.2,NA,NA,NA,NA,NA,0.35,NA,NA,NA,NA,NA,NA
1886,10,8.6,17.43,NA,NA,-1.06,-0.94,-0.97,NA,NA,NA,NA,0.7,NA,NA,NA,NA,NA,0.25,NA,NA,NA,NA,NA,NA
1886,11,0.3,15.61,NA,NA,-1.16,-0.91,-1.2,NA,NA,NA,NA,1.6,NA,NA,NA,NA,NA,0.19,NA,NA,NA,NA,NA,NA
1886,12,13,14.45,NA,NA,-1.39,-1.12,-1.2,NA,NA,NA,NA,-0.2,NA,NA,NA,NA,NA,0.18,NA,NA,NA,NA,NA,NA
1887,1,10.3,14.17,NA,NA,-1.07,-0.93,-1.13,NA,NA,NA,NA,1.7,NA,NA,NA,NA,NA,-0.46,NA,NA,NA,NA,NA,NA
1887,2,13.2,13.48,NA,NA,-0.93,-0.87,-0.92,NA,NA,NA,NA,1.1,NA,NA,NA,NA,NA,-0.35,NA,NA,NA,NA,NA,NA
1887,3,4.2,12.75,NA,NA,-0.78,-0.67,-0.84,NA,NA,NA,NA,-1.9,NA,NA,NA,NA,NA,1.03,NA,NA,NA,NA,NA,NA
1887,4,6.9,11.62,NA,NA,-0.81,-0.56,-0.68,NA,NA,NA,NA,-3.2,NA,NA,NA,NA,NA,2.39,NA,NA,NA,NA,NA,NA
1887,5,20,11.48,NA,NA,-0.46,-0.15,-0.54,NA,NA,NA,NA,0.5,NA,NA,NA,NA,NA,0.63,NA,NA,NA,NA,NA,NA
1887,6,15.7,13.05,NA,NA,-0.35,-0.02,-0.29,NA,NA,NA,NA,-2,NA,NA,NA,NA,NA,1.3,NA,NA,NA,NA,NA,NA
1887,7,23.4,13.03,NA,NA,-0.07,0,-0.22,NA,NA,NA,NA,-0.3,NA,NA,NA,NA,NA,0.6,NA,NA,NA,NA,NA,NA
1887,8,21.4,12.78,NA,NA,-0.25,-0.33,-0.13,NA,NA,NA,NA,-2.3,NA,NA,NA,NA,NA,2.13,NA,NA,NA,NA,NA,NA
1887,9,7.4,12.37,NA,NA,-0.07,-0.01,-0.13,NA,NA,NA,NA,-0.7,NA,NA,NA,NA,NA,0.15,NA,NA,NA,NA,NA,NA
1887,10,6.6,12.44,NA,NA,-0.07,0,-0.04,NA,NA,NA,NA,-3.3,NA,NA,NA,NA,NA,1.42,NA,NA,NA,NA,NA,NA
1887,11,6.9,12.45,NA,NA,0.01,0.2,0.05,NA,NA,NA,NA,-1.1,NA,NA,NA,NA,NA,1.13,NA,NA,NA,NA,NA,NA
1887,12,20.7,11.45,NA,NA,0.21,0.29,0.27,NA,NA,NA,NA,-2.7,NA,NA,NA,NA,NA,1.79,NA,NA,NA,NA,NA,NA
1888,1,12.7,10.48,NA,NA,0.58,0.51,0.55,NA,NA,NA,NA,-1.5,NA,NA,NA,NA,NA,1.78,NA,NA,NA,NA,NA,NA
1888,2,7.1,8.9,NA,NA,0.87,0.67,0.79,NA,NA,NA,NA,-1.6,NA,NA,NA,NA,NA,2.81,NA,NA,NA,NA,NA,NA
1888,3,7.8,7.93,NA,NA,0.93,0.59,0.83,NA,NA,NA,NA,-1.5,NA,NA,NA,NA,NA,2.34,NA,NA,NA,NA,NA,NA
1888,4,5.1,7.52,NA,NA,0.69,0.48,0.76,NA,NA,NA,NA,-0.8,NA,NA,NA,NA,NA,0.96,NA,NA,NA,NA,NA,NA
1888,5,7,7.84,NA,NA,0.66,0.87,0.74,NA,NA,NA,NA,-1.5,NA,NA,NA,NA,NA,2.55,NA,NA,NA,NA,NA,NA
1888,6,7.1,7.82,NA,NA,0.87,0.87,0.84,NA,NA,NA,NA,-1.7,NA,NA,NA,NA,NA,2.66,NA,NA,NA,NA,NA,NA
1888,7,3.1,6.29,NA,NA,0.99,0.9,0.94,NA,NA,NA,NA,-1.7,NA,NA,NA,NA,NA,1.62,NA,NA,NA,NA,NA,NA
1888,8,2.8,5.97,NA,NA,0.97,0.93,1.09,NA,NA,NA,NA,-0.4,NA,NA,NA,NA,NA,0.63,NA,NA,NA,NA,NA,NA
1888,9,8.8,5.94,NA,NA,1.32,1.49,1.32,NA,NA,NA,NA,-3,NA,NA,NA,NA,NA,0.77,NA,NA,NA,NA,NA,NA
1888,10,2.1,5.67,NA,NA,1.66,1.8,1.64,NA,NA,NA,NA,-3.1,NA,NA,NA,NA,NA,1.9,NA,NA,NA,NA,NA,NA
1888,11,10.7,5.46,NA,NA,1.93,1.98,1.83,NA,NA,NA,NA,2.2,NA,NA,NA,NA,NA,2.58,NA,NA,NA,NA,NA,NA
1888,12,6.7,5.42,NA,NA,1.91,2.13,1.94,NA,NA,NA,NA,1.4,NA,NA,NA,NA,NA,2.41,NA,NA,NA,NA,NA,NA
1889,1,0.8,5.59,NA,NA,1.99,2.08,1.85,NA,NA,NA,NA,1.2,NA,NA,NA,NA,NA,1.99,NA,NA,NA,NA,NA,NA
1889,2,8.5,6.94,NA,NA,1.65,1.61,1.68,NA,NA,NA,NA,0.2,NA,NA,NA,NA,NA,1.87,NA,NA,NA,NA,NA,NA
1889,3,6.7,7.22,NA,NA,1.4,1.29,1.37,NA,NA,NA,NA,-0.2,NA,NA,NA,NA,NA,1.97,NA,NA,NA,NA,NA,NA
1889,4,4.3,6.71,NA,NA,1.05,0.97,1.11,NA,NA,NA,NA,1.7,NA,NA,NA,NA,NA,0.6,NA,NA,NA,NA,NA,NA
1889,5,2.4,6.56,NA,NA,0.88,0.73,0.76,NA,NA,NA,NA,0.5,NA,NA,NA,NA,NA,0.66,NA,NA,NA,NA,NA,NA
1889,6,6.4,6.25,NA,NA,0.36,0.21,0.33,NA,NA,NA,NA,1.7,NA,NA,NA,NA,NA,-0.8,NA,NA,NA,NA,NA,NA
1889,7,9.4,6.15,NA,NA,-0.24,-0.27,-0.23,NA,NA,NA,NA,-3,NA,NA,NA,NA,NA,1.61,NA,NA,NA,NA,NA,NA
1889,8,20.6,6.13,NA,NA,-0.8,-0.95,-0.63,NA,NA,NA,NA,1.5,NA,NA,NA,NA,NA,0.04,NA,NA,NA,NA,NA,NA
1889,9,6.5,5.87,NA,NA,-0.84,-0.73,-0.94,NA,NA,NA,NA,-1.2,NA,NA,NA,NA,NA,1.54,NA,NA,NA,NA,NA,NA
1889,10,2.1,5.48,NA,NA,-1.19,-1.06,-1.13,NA,NA,NA,NA,1,NA,NA,NA,NA,NA,0.8,NA,NA,NA,NA,NA,NA
1889,11,0.2,5.52,NA,NA,-1.37,-1.15,-1.31,NA,NA,NA,NA,1.7,NA,NA,NA,NA,NA,1.06,NA,NA,NA,NA,NA,NA
1889,12,6.7,5.43,NA,NA,-1.36,-1.11,-1.48,NA,NA,NA,NA,3.1,NA,NA,NA,NA,NA,0.82,NA,NA,NA,NA,NA,NA
1890,1,5.3,5.83,NA,NA,-1.7,-1.39,-1.39,11.6,14.6,NA,NA,2.3,NA,NA,NA,NA,NA,0.44,NA,NA,NA,NA,NA,NA
1890,2,0.6,5.76,NA,NA,-1.1,-0.84,-1.24,11.7,14.7,NA,NA,-0.7,NA,NA,NA,NA,NA,0.95,NA,NA,NA,NA,NA,NA
1890,3,5.1,5.5,NA,NA,-0.92,-0.84,-0.91,9.9,12.9,NA,NA,2,NA,NA,NA,NA,NA,0.43,NA,NA,NA,NA,NA,NA
1890,4,1.6,5.86,NA,NA,-0.7,-0.56,-0.78,8.3,11.3,NA,NA,1.8,NA,NA,NA,NA,NA,-0.03,NA,NA,NA,NA,NA,NA
1890,5,4.8,6.44,NA,NA,-0.72,-0.44,-0.72,8.4,11.4,NA,NA,-0.6,NA,NA,NA,NA,NA,-0.47,NA,NA,NA,NA,NA,NA
1890,6,1.3,7.02,NA,NA,-0.73,-0.57,-0.72,7.2,10.2,13.67,NA,1.7,NA,NA,NA,NA,NA,-0.17,NA,NA,NA,NA,NA,NA
1890,7,11.6,7.55,NA,NA,-0.7,-0.62,-0.75,9.9,12.9,13.56,NA,1.4,NA,NA,NA,NA,NA,-0.46,NA,NA,NA,NA,NA,NA
1890,8,8.5,8.85,NA,NA,-0.83,-0.69,-0.82,10.2,13.2,13.77,NA,1.1,NA,NA,NA,NA,NA,-0.41,NA,NA,NA,NA,NA,NA
1890,9,17.2,9.6,NA,NA,-0.93,-0.63,-0.96,13.8,16.8,14.65,NA,1.3,NA,NA,NA,NA,NA,-0.31,NA,NA,NA,NA,NA,NA
1890,10,11.2,10.78,NA,NA,-1.13,-0.97,-0.98,15.6,18.6,15.83,NA,0,NA,NA,NA,NA,NA,1.45,NA,NA,NA,NA,NA,NA
1890,11,9.6,13.82,NA,NA,-0.9,-0.86,-0.77,13.2,16.2,17.09,NA,2.7,NA,NA,NA,NA,NA,0.21,NA,NA,NA,NA,NA,NA
1890,12,7.8,17.17,NA,NA,-0.27,-0.22,-0.37,8.2,11.2,17.46,NA,-0.8,NA,NA,NA,NA,NA,0.73,NA,NA,NA,NA,NA,NA
1891,1,13.5,21.59,NA,NA,0.06,0.01,-0.02,10.3,13.3,17.56,NA,0.2,NA,NA,NA,NA,NA,0.41,NA,NA,NA,NA,NA,NA
1891,2,22.2,23.24,NA,NA,0.15,0.2,0.1,14.2,17.2,17.96,NA,0.9,NA,NA,NA,NA,NA,0.56,NA,NA,NA,NA,NA,NA
1891,3,10.4,26.72,NA,NA,0.08,0.15,0.2,20.5,23.5,18.67,NA,-1.2,NA,NA,NA,NA,NA,0.59,NA,NA,NA,NA,NA,NA
1891,4,20.5,29.36,NA,NA,0.37,0.53,0.34,22.4,25.4,19.08,NA,-1.6,NA,NA,NA,NA,NA,1.45,NA,NA,NA,NA,NA,NA
1891,5,41.1,31.72,NA,NA,0.57,0.66,0.5,23.6,26.6,19.35,NA,-0.8,NA,NA,NA,NA,NA,0.74,NA,NA,NA,NA,NA,NA
1891,6,48.3,33.48,NA,NA,0.57,0.6,0.52,11.6,14.6,20.01,NA,-4,NA,NA,NA,NA,NA,1.66,NA,NA,NA,NA,NA,NA
1891,7,58.8,38.2,NA,NA,0.43,0.47,0.45,11.1,14.1,20.77,NA,-2.8,NA,NA,NA,NA,NA,1,NA,NA,NA,NA,NA,NA
1891,8,33,42.98,NA,NA,0.34,0.34,0.32,15,18,22.5,NA,0.2,NA,NA,NA,NA,NA,0.67,NA,NA,NA,NA,NA,NA
1891,9,53.8,45.11,NA,NA,0.19,-0.08,0.25,22.3,25.3,23.81,NA,1.6,NA,NA,NA,NA,NA,-0.42,NA,NA,NA,NA,NA,NA
1891,10,51.5,49.66,NA,NA,0.21,0.08,0.19,20.6,23.6,23.63,NA,1.1,NA,NA,NA,NA,NA,-0.23,NA,NA,NA,NA,NA,NA
1891,11,41.9,54.21,NA,NA,0.16,0.16,0.14,16.4,19.4,23.75,NA,0,NA,NA,NA,NA,NA,-0.24,NA,NA,NA,NA,NA,NA
1891,12,32.5,56.92,NA,NA,0.05,-0.01,0.12,16.1,19.1,24.25,NA,1.7,NA,NA,NA,NA,NA,0.76,NA,NA,NA,NA,NA,NA
1892,1,69.1,59.08,NA,NA,0.13,0.02,0.07,19.4,22.4,26.13,NA,0.5,NA,NA,NA,NA,NA,0.56,NA,NA,NA,NA,NA,NA
1892,2,75.6,62.36,NA,NA,0.03,-0.04,-0.02,35,38,26.71,NA,-1.8,NA,NA,NA,NA,NA,1.36,NA,NA,NA,NA,NA,NA
1892,3,49.9,64.65,NA,NA,-0.22,-0.13,-0.19,36.2,39.2,26.53,NA,-1.4,NA,NA,NA,NA,NA,1.54,NA,NA,NA,NA,NA,NA
1892,4,69.6,65.94,NA,NA,-0.37,-0.38,-0.32,20.3,23.3,26.73,NA,-0.6,NA,NA,NA,NA,NA,1.45,NA,NA,NA,NA,NA,NA
1892,5,79.6,67.01,NA,NA,-0.37,-0.43,-0.37,25,28,26.66,NA,-2.2,NA,NA,NA,NA,NA,1.32,NA,NA,NA,NA,NA,NA
1892,6,76.3,69.83,NA,NA,-0.38,-0.68,-0.47,17.6,20.6,27.16,NA,-1.6,NA,NA,NA,NA,NA,1.05,NA,NA,NA,NA,NA,NA
1892,7,76.5,73.1,NA,NA,-0.65,-0.82,-0.67,33.6,36.6,27.05,NA,0,NA,NA,NA,NA,NA,0.33,NA,NA,NA,NA,NA,NA
1892,8,101.4,73.4,NA,NA,-0.99,-0.96,-0.98,22,25,25.72,NA,-0.2,NA,NA,NA,NA,NA,0.51,NA,NA,NA,NA,NA,NA
1892,9,62.8,72.64,NA,NA,-1.29,-1.27,-1.35,20.1,23.1,24.23,NA,2.2,NA,NA,NA,NA,NA,-0.34,NA,NA,NA,NA,NA,NA
1892,10,70.5,75.58,NA,NA,-1.76,-1.72,-1.59,23,26,23.69,NA,-3.2,NA,NA,NA,NA,NA,1.53,NA,NA,NA,NA,NA,NA
1892,11,65.4,76.74,NA,NA,-1.71,-1.54,-1.63,15.6,18.6,22.6,NA,0.7,NA,NA,NA,NA,NA,0.79,NA,NA,NA,NA,NA,NA
1892,12,78.6,77.53,NA,NA,-1.42,-1.37,-1.5,22.1,25.1,22.55,NA,-1.3,NA,NA,NA,NA,NA,1.22,NA,NA,NA,NA,NA,NA
1893,1,75,78.48,NA,NA,-1.38,-1.34,-1.43,18.1,21.1,20.96,NA,-2.1,NA,NA,NA,NA,NA,1.71,NA,NA,NA,NA,NA,NA
1893,2,73,82.53,NA,NA,-1.48,-1.47,-1.35,19,22,20.66,NA,0.8,NA,NA,NA,NA,NA,1.46,NA,NA,NA,NA,NA,NA
1893,3,65.7,80.72,NA,NA,-1.17,-1.12,-1.25,18.3,21.3,20.6,NA,-0.4,NA,NA,NA,NA,NA,1.1,NA,NA,NA,NA,NA,NA
1893,4,88.1,82.05,NA,NA,-1.09,-1.09,-1.12,13.9,16.9,20.42,NA,-0.2,NA,NA,NA,NA,NA,1.16,NA,NA,NA,NA,NA,NA
1893,5,84.7,82.4,NA,NA,-1.09,-1.16,-1.08,11.9,14.9,20.65,NA,-1.2,NA,NA,NA,NA,NA,1.97,NA,NA,NA,NA,NA,NA
1893,6,89.9,84.58,NA,NA,-1.07,-1.08,-1.03,17,20,19.97,NA,-2.6,NA,NA,NA,NA,NA,2.28,NA,NA,NA,NA,NA,NA
1893,7,88.6,84.94,NA,NA,-0.94,-0.87,-1.03,14.5,17.5,20.05,NA,0.2,NA,NA,NA,NA,NA,2.45,NA,NA,NA,NA,NA,NA
1893,8,129.2,85.68,NA,NA,-1.09,-0.81,-1.08,18.4,21.4,21.28,NA,-2.8,NA,NA,NA,NA,NA,2.29,NA,NA,NA,NA,NA,NA
1893,9,77.9,84.08,NA,NA,-1.22,-0.8,-1.23,19.4,22.4,21.42,NA,1.7,NA,NA,NA,NA,NA,2.17,NA,NA,NA,NA,NA,NA
1893,10,80,85.31,NA,NA,-1.39,-0.8,-1.31,20.8,23.8,21.7,NA,0.4,NA,NA,NA,NA,NA,1.67,NA,NA,NA,NA,NA,NA
1893,11,75.1,86.32,NA,NA,-1.32,-0.79,-1.29,18.4,21.4,22.28,NA,-2.3,NA,NA,NA,NA,NA,1.62,NA,NA,NA,NA,NA,NA
1893,12,93.8,87.41,NA,NA,-1.17,-0.61,-1.23,13.9,16.9,22.53,NA,2.3,NA,NA,NA,NA,NA,1.03,NA,NA,NA,NA,NA,NA
1894,1,83.2,88.65,NA,NA,-1.22,-0.72,-1.17,19.1,22.1,23.5,NA,0.5,NA,NA,NA,NA,NA,0.97,NA,NA,NA,NA,NA,NA
1894,2,84.6,87.24,NA,NA,-1.13,-0.7,-1.17,33.8,36.8,23.71,NA,3.1,NA,NA,NA,NA,NA,0.1,NA,NA,NA,NA,NA,NA
1894,3,52.3,82.37,NA,NA,-1.16,-0.74,-1.11,19.9,22.9,23.97,NA,1.7,NA,NA,NA,NA,NA,0.27,NA,NA,NA,NA,NA,NA
1894,4,81.6,82.18,NA,NA,-1.05,-0.54,-1.06,17.3,20.3,23.65,NA,1.8,NA,NA,NA,NA,NA,-0.12,NA,NA,NA,NA,NA,NA
1894,5,101.2,80.38,NA,NA,-0.96,-0.56,-0.89,18.9,21.9,23.93,NA,-0.8,NA,NA,NA,NA,NA,-0.19,NA,NA,NA,NA,NA,NA
1894,6,98.9,79.22,NA,NA,-0.66,-0.25,-0.65,19.9,22.9,23.77,NA,2.7,NA,NA,NA,NA,NA,-0.71,NA,NA,NA,NA,NA,NA
1894,7,106,76.88,NA,NA,-0.34,-0.12,-0.55,26.2,29.2,23.45,NA,1.2,NA,NA,NA,NA,NA,-0.71,NA,NA,NA,NA,NA,NA
1894,8,70.3,75.65,NA,NA,-0.64,-0.35,-0.51,20.9,23.9,22.36,NA,0.3,NA,NA,NA,NA,NA,-1.14,NA,NA,NA,NA,NA,NA
1894,9,65.9,73.83,NA,NA,-0.54,-0.19,-0.52,22.5,25.5,22.61,NA,-4,NA,NA,NA,NA,NA,0.36,NA,NA,NA,NA,NA,NA
1894,10,75.5,75.72,NA,NA,-0.37,-0.31,-0.33,17,20,22.88,NA,-3.1,NA,NA,NA,NA,NA,2.12,NA,NA,NA,NA,NA,NA
1894,11,56.6,74.64,NA,NA,-0.08,-0.26,-0.2,21.8,24.8,22.68,NA,2.2,NA,NA,NA,NA,NA,1.07,NA,NA,NA,NA,NA,NA
1894,12,60,72.35,NA,NA,-0.14,-0.44,-0.14,11.9,14.9,22.48,NA,0.6,NA,NA,NA,NA,NA,0.66,NA,NA,NA,NA,NA,NA
1895,1,63.3,68.42,NA,NA,-0.19,-0.3,-0.19,15.3,18.3,21.78,NA,-1.7,0.31,2,1.54,1.82,NA,1.27,NA,NA,NA,NA,NA,NA
1895,2,67.2,65.57,NA,NA,-0.25,-0.33,-0.18,20.7,23.7,20.91,NA,-4.9,3.08,4.23,3.86,4.41,NA,1.73,NA,NA,NA,NA,NA,NA
1895,3,61,64.6,NA,NA,-0.1,-0.04,-0.12,22.9,25.9,20.35,NA,1,0.91,1.37,1.31,1.61,NA,0.76,NA,NA,NA,NA,NA,NA
1895,4,76.9,64.75,NA,NA,0,0.12,-0.05,20.6,23.6,20.82,NA,-0.7,4.84,5.2,5.4,6.47,NA,0.75,NA,NA,NA,NA,NA,NA
1895,5,67.5,62.58,NA,NA,-0.05,0.21,-0.07,16.5,19.5,20.87,NA,0.6,6.05,5.73,7.49,8.99,NA,-0.02,NA,NA,NA,NA,NA,NA
1895,6,71.5,63.66,NA,NA,-0.17,0.07,-0.13,17.5,20.5,21.08,NA,-0.4,4.23,5.88,6.71,6.62,NA,0.03,NA,NA,NA,NA,NA,NA
1895,7,47.8,61.28,NA,NA,-0.17,0.03,-0.1,17.8,20.8,21.92,NA,0.1,7.94,7.25,6.85,5.94,NA,1.12,NA,NA,NA,NA,NA,NA
1895,8,68.9,60.82,NA,NA,0.03,0.19,0.04,10.4,13.4,22.15,NA,-0.5,7.6,7.19,7.28,6.71,NA,1.17,NA,NA,NA,NA,NA,NA
1895,9,57.7,59.65,NA,NA,0.26,0.53,0.17,15.8,18.8,22.05,NA,0.1,4.99,4.14,5.63,5.82,NA,1.02,NA,NA,NA,NA,NA,NA
1895,10,67.9,58.33,NA,NA,0.23,0.49,0.33,22.6,25.6,21.76,NA,-2.8,1.86,3.52,4.52,6.08,NA,0.58,NA,NA,NA,NA,NA,NA
1895,11,47.2,54.55,NA,NA,0.49,0.8,0.36,22.4,25.4,22.09,NA,-0.6,2.33,2.94,3.29,4.85,NA,0.01,NA,NA,NA,NA,NA,NA
1895,12,70.7,53.12,NA,NA,0.37,0.65,0.37,14.5,17.5,21.6,NA,-0.5,0.92,1.22,1.31,1.48,NA,0.15,NA,NA,NA,NA,NA,NA
1896,1,29,51.08,NA,NA,0.25,0.5,0.32,25.3,28.3,21.41,NA,-0.9,4.18,3.09,2.66,3.2,NA,0.46,NA,NA,NA,NA,NA,NA
1896,2,57.4,49.5,NA,NA,0.35,0.4,0.28,23.5,26.5,22.04,NA,0.9,1.72,2.76,2.44,2.77,NA,1.29,NA,NA,NA,NA,NA,NA
1896,3,52,48.92,NA,NA,0.24,0.43,0.3,21.7,24.7,22.2,NA,2.6,0.77,1.59,1.35,1.61,NA,0.68,NA,NA,NA,NA,NA,NA
1896,4,43.8,46.68,NA,NA,0.32,0.39,0.24,17.1,20.1,21.77,NA,2.5,0.42,0.52,0.5,0.61,NA,0.47,NA,NA,NA,NA,NA,NA
1896,5,27.7,44.38,NA,NA,0.16,0.36,0.28,20.5,23.5,20.98,NA,1.2,2.49,2.68,3.51,4.15,NA,0.69,NA,NA,NA,NA,NA,NA
1896,6,49,44.03,NA,NA,0.35,0.48,0.4,11.6,14.6,20.92,NA,-0.6,13.5,13.18,14.6,14.38,NA,0.65,NA,NA,NA,NA,NA,NA
1896,7,45,41.72,NA,NA,0.7,0.82,0.73,15.5,18.5,19.8,NA,2.3,7.64,6.95,6.73,5.77,NA,-0.54,NA,NA,NA,NA,NA,NA
1896,8,27.2,41.75,NA,NA,1.14,1.33,0.98,18,21,19.01,NA,0,6.16,5.06,5.2,4.94,NA,0.16,NA,NA,NA,NA,NA,NA
1896,9,61.3,39.57,NA,NA,1.09,1.17,1.17,17.7,20.7,18.38,NA,-0.1,4.71,5.31,5.83,6.39,NA,0.43,NA,NA,NA,NA,NA,NA
1896,10,28.7,37.95,NA,NA,1.28,1.3,1.32,17.4,20.4,18.79,NA,-2.5,3.29,2.26,2.69,3.87,NA,0.16,NA,NA,NA,NA,NA,NA
1896,11,38,36.12,NA,NA,1.6,1.75,1.6,13,16,18.29,NA,-0.9,3.37,2.75,3.11,4.56,NA,0.57,NA,NA,NA,NA,NA,NA
1896,12,42.6,34.86,NA,NA,1.91,2.12,1.75,13.7,16.7,18.32,NA,1.8,0.5,1.49,1.19,1.6,NA,0.29,NA,NA,NA,NA,NA,NA
1897,1,40.6,33.22,NA,NA,1.75,1.83,1.65,11.9,14.9,17.79,NA,-1.5,1.41,1.1,0.91,1.15,NA,0.54,NA,NA,NA,NA,NA,NA
1897,2,29.4,31.43,NA,NA,1.28,1.49,1.28,14,17,17.18,NA,1.1,2.85,4.14,3.67,4.3,NA,0.94,NA,NA,NA,NA,NA,NA
1897,3,29.1,33.04,NA,NA,0.8,0.88,0.77,14.1,17.1,16.61,NA,1,0.19,1.33,1.2,1.39,NA,0.22,NA,NA,NA,NA,NA,NA
1897,4,31,29.42,NA,NA,0.22,0.43,0.35,22.1,25.1,16.31,NA,3.6,3.39,3.63,3.66,4.56,NA,-0.53,NA,NA,NA,NA,NA,NA
1897,5,20,27.86,NA,NA,0.05,0.21,0.14,14.5,17.5,16.27,NA,0.1,4.32,1.69,2.09,2.49,NA,-0.35,NA,NA,NA,NA,NA,NA
1897,6,11.3,27.5,NA,NA,0.15,0.1,0.11,11.9,14.9,16.55,NA,-2.6,5.77,6.35,6.97,6.98,NA,0.5,NA,NA,NA,NA,NA,NA
1897,7,27.6,26.55,NA,NA,0.13,0.05,0.04,9.2,12.2,16.68,NA,-1,7.43,11.44,11.41,9.79,NA,0.99,NA,NA,NA,NA,NA,NA
1897,8,21.8,26.22,NA,NA,-0.15,-0.18,-0.05,10.6,13.6,16.76,NA,1.4,6.47,7.48,7.87,7.43,NA,0.01,NA,NA,NA,NA,NA,NA
1897,9,48.1,26.91,NA,NA,-0.15,-0.03,-0.27,10.9,13.9,17.28,NA,1,14.43,10.59,11.91,13.63,NA,-0.29,NA,NA,NA,NA,NA,NA
1897,10,14.3,25.78,NA,NA,-0.51,-0.23,-0.46,13.8,16.8,16.55,NA,-2.1,5.84,3.92,4.8,6.61,NA,0.25,NA,NA,NA,NA,NA,NA
1897,11,8.4,25.38,NA,NA,-0.72,-0.44,-0.56,12.5,15.5,16.59,NA,-0.5,1.7,1.28,1.4,2.02,NA,0.69,NA,NA,NA,NA,NA,NA
1897,12,33.3,25.56,NA,NA,-0.44,-0.4,-0.52,17.1,20.1,16.78,NA,0.6,1.61,2.22,1.74,2.27,NA,-0.06,NA,NA,NA,NA,NA,NA
1898,1,30.2,25.38,NA,NA,-0.39,-0.29,-0.45,13.4,16.4,17.13,NA,1.2,0.27,0.45,0.38,0.47,NA,0.28,NA,NA,NA,NA,NA,NA
1898,2,36.4,25.68,NA,NA,-0.5,-0.43,-0.47,15,18,17.46,NA,1.2,0.85,0.91,0.8,0.94,NA,-0.27,NA,NA,NA,NA,NA,NA
1898,3,38.3,26.68,NA,NA,-0.51,-0.49,-0.42,20.4,23.4,18.33,NA,-0.5,0.68,0.58,0.51,0.64,NA,0.56,NA,NA,NA,NA,NA,NA
1898,4,14.5,25.62,NA,NA,-0.24,-0.13,-0.34,13.3,16.3,18.35,NA,2.2,0.81,0.76,0.72,1.05,NA,0.6,NA,NA,NA,NA,NA,NA
1898,5,25.8,26.9,NA,NA,-0.26,-0.18,-0.22,15,18,18.43,NA,-1.1,1.64,1.12,1.37,1.72,NA,0.77,NA,NA,NA,NA,NA,NA
1898,6,22.3,27.22,NA,NA,-0.15,-0.24,-0.25,14.2,17.2,18.08,NA,-1.5,4.14,4.75,5.21,5.09,NA,0.47,NA,NA,NA,NA,NA,NA
1898,7,9,26.16,NA,NA,-0.32,-0.39,-0.29,13.4,16.4,18.16,NA,-1.5,8.93,9.51,9.08,7.9,NA,1.3,NA,NA,NA,NA,NA,NA
1898,8,31.4,24.55,NA,NA,-0.38,-0.53,-0.36,14.5,17.5,18.38,NA,1.1,13.92,12.34,12.98,12.06,NA,0.38,NA,NA,NA,NA,NA,NA
1898,9,34.8,23.14,NA,NA,-0.38,-0.49,-0.41,21.4,24.4,17.98,NA,-0.8,5.78,7.52,8.52,9.24,NA,1.32,NA,NA,NA,NA,NA,NA
1898,10,34.4,21.28,NA,NA,-0.47,-0.55,-0.5,14,17,18.04,NA,-0.9,7.3,6.71,8.34,11.4,NA,0.47,NA,NA,NA,NA,NA,NA
1898,11,30.9,20.76,NA,NA,-0.65,-0.7,-0.66,13.5,16.5,18.11,NA,0.9,2.21,2.12,2.33,3.47,NA,-0.31,NA,NA,NA,NA,NA,NA
1898,12,12.6,20.35,NA,NA,-0.85,-0.72,-0.74,12.9,15.9,18.04,NA,0.6,2.01,2.94,2.32,2.94,NA,-0.99,NA,NA,NA,NA,NA,NA
1899,1,19.5,19.68,NA,NA,-0.72,-0.57,-0.69,14.3,17.3,17.88,NA,-1.3,4.77,4.54,3.83,4.64,NA,-0.22,NA,NA,NA,NA,NA,NA
1899,2,9.2,19.21,NA,NA,-0.51,-0.38,-0.51,17.7,20.7,17.62,NA,-1.6,6.53,7.76,6.97,7.9,NA,1.09,NA,NA,NA,NA,NA,NA
1899,3,18.1,17.44,NA,NA,-0.31,-0.11,-0.27,15.5,18.5,16.96,NA,-2.1,1.06,1.43,1.25,1.51,NA,1.05,NA,NA,NA,NA,NA,NA
1899,4,14.2,15.76,NA,NA,0,0.29,0,14.1,17.1,16.57,NA,-0.3,3.72,4.11,4.21,5.06,NA,1.4,NA,NA,NA,NA,NA,NA
1899,5,7.7,13.72,NA,NA,0.32,0.54,0.19,15.8,18.8,16.16,NA,-1.4,1.15,1.02,1.25,1.54,NA,1.05,NA,NA,NA,NA,NA,NA
1899,6,20.5,12.15,NA,NA,0.27,0.6,0.38,13.4,16.4,16.08,NA,1.4,8.38,8.16,9.15,8.89,NA,0.58,NA,NA,NA,NA,NA,NA
1899,7,13.5,11.9,NA,NA,0.56,0.76,0.57,11.5,14.5,16.01,NA,2,9.27,8.32,7.96,6.85,NA,0.27,NA,NA,NA,NA,NA,NA
1899,8,2.9,11.45,NA,NA,0.88,1.06,0.8,11.3,14.3,15.27,NA,-2.6,6.9,6.14,6.5,6.32,NA,2.33,NA,NA,NA,NA,NA,NA
1899,9,8.4,11.4,NA,NA,0.95,1.13,1.03,13.5,16.5,15.01,NA,1.4,6.61,7.51,8.3,9.29,NA,0.02,NA,NA,NA,NA,NA,NA
1899,10,13,11.24,NA,NA,1.25,1.3,1.23,9.3,12.3,14.43,NA,-2,5.32,5.43,6.6,9.2,NA,0.57,NA,NA,NA,NA,NA,NA
1899,11,7.8,11.32,NA,NA,1.49,1.33,1.43,8.6,11.6,13.9,NA,0.6,0.65,0.52,0.53,0.79,NA,0.74,NA,NA,NA,NA,NA,NA
1899,12,10.5,11.65,NA,NA,1.56,1.54,1.49,12,15,13.17,NA,-0.9,1.45,1.61,1.27,1.62,NA,0.88,NA,NA,NA,NA,NA,NA
1900,1,9.4,10.72,0.04,0.21,1.41,1.43,1.43,13.4,16.4,12.63,NA,1.8,3.62,3.43,2.81,3.48,NA,0.85,NA,NA,NA,NA,NA,NA
1900,2,13.6,10.01,1.32,0.21,1.3,1.35,1.22,8.8,11.8,12.18,NA,-3.1,4.18,4.1,3.56,4.17,NA,1.47,NA,NA,NA,NA,NA,NA
1900,3,8.6,10.42,0.49,0.07,0.96,1.04,1.08,12.4,15.4,11.48,NA,-2.1,6.01,7.27,6.68,7.69,NA,1.26,NA,NA,NA,NA,NA,NA
1900,4,16,10.77,0.35,0.17,0.97,1.03,0.96,7.1,10.1,11.29,NA,0.8,4.45,4.27,4.26,5.26,NA,0.61,NA,NA,NA,NA,NA,NA
1900,5,15.2,10.12,0.77,0,0.93,0.96,0.9,9.5,12.5,11.02,NA,0.7,6.31,5.52,7.07,8.2,NA,0.07,NA,NA,NA,NA,NA,NA
1900,6,12.1,9.54,0.65,0.01,0.79,0.85,0.8,4.6,7.6,10.46,NA,-0.7,8.78,9.03,8.88,9.32,NA,0.96,NA,NA,NA,NA,NA,NA
1900,7,8.3,8.75,0.95,0.1,0.68,0.77,0.69,5.1,8.1,9.94,NA,-1,6.65,8,8.18,6.83,NA,0.67,NA,NA,NA,NA,NA,NA
1900,8,4.3,8.21,0.14,0.01,0.62,0.62,0.64,5.9,8.9,9.79,NA,0.5,4.29,5.5,5.85,5.35,NA,-0.58,NA,NA,NA,NA,NA,NA
1900,9,8.3,7.51,-0.24,0.06,0.62,0.5,0.6,5.1,8.1,9.29,NA,2.3,5.74,4.78,5.24,5.88,NA,-1.18,NA,NA,NA,NA,NA,NA
1900,10,12.9,6.85,0.23,0.12,0.56,0.51,0.53,7,10,9.13,NA,-0.3,5.26,3.66,4.23,6.12,NA,-1.12,NA,NA,NA,NA,NA,NA
1900,11,4.5,6.4,-0.44,0.05,0.4,0.3,0.55,5.3,8.3,8.85,NA,2.2,1.16,1.32,1.42,2.11,NA,-1.56,NA,NA,NA,NA,NA,NA
1900,12,0.3,5.68,1.19,0.14,0.7,0.51,0.59,5.3,8.3,8.96,NA,1.2,4.21,4.55,3.64,4.7,NA,-0.71,NA,NA,NA,NA,NA,NA
1901,1,0.2,4.8,0.79,0.06,0.67,0.33,0.56,7.2,10.2,8.99,NA,0,0.41,1.81,1.84,2.89,NA,0.08,NA,NA,NA,NA,NA,NA
1901,2,2.4,4.24,-0.12,0.19,0.33,0.14,0.34,7,10,9,NA,-2.9,0.66,2.93,2.11,2.44,NA,1.11,NA,NA,NA,NA,NA,NA
1901,3,4.5,3.95,0.35,0.17,0.04,-0.11,0.16,6.4,9.4,9.07,NA,-0.6,1.67,3.72,3.21,3.8,NA,0.09,NA,NA,NA,NA,NA,NA
1901,4,0,3.6,0.61,0.16,0.12,0.01,0.03,5.2,8.2,8.93,NA,1.3,1.82,1.74,1.9,1.92,NA,-1.71,NA,NA,NA,NA,NA,NA
1901,5,10.2,2.9,-0.42,0.09,-0.08,-0.1,-0.02,6.1,9.1,8.94,NA,-1.7,5.17,3.85,5.03,6.52,NA,-0.46,NA,NA,NA,NA,NA,NA
1901,6,5.8,2.55,-0.05,0.23,-0.1,-0.24,-0.12,5.9,8.9,9.03,NA,1.6,10.22,11.24,13,14.22,NA,-1.13,NA,NA,NA,NA,NA,NA
1901,7,0.7,2.95,-0.6,0.19,-0.19,-0.39,-0.15,5.5,8.5,8.93,NA,1.2,7.26,8.11,7.63,5.55,NA,-0.32,NA,NA,NA,NA,NA,NA
1901,8,1,2.94,-1.2,0.19,-0.15,-0.31,-0.14,6,9,8.97,NA,1,11.68,11.61,12.06,10.73,NA,-0.87,NA,NA,NA,NA,NA,NA
1901,9,0.6,3.71,-0.33,0.01,-0.1,-0.28,-0.14,5.9,8.9,8.93,NA,1.2,9.64,6.39,6.39,7.41,NA,0.48,NA,NA,NA,NA,NA,NA
1901,10,3.7,3.36,0.16,-0.1,-0.17,-0.1,-0.18,5.3,8.3,9.14,NA,2,2.23,1.13,1.22,1.91,NA,-0.92,NA,NA,NA,NA,NA,NA
1901,11,3.8,3.58,-0.6,-0.07,-0.28,-0.09,-0.26,5.5,8.5,9.09,NA,-2.4,1.1,1.07,0.84,1.16,NA,0.81,NA,NA,NA,NA,NA,NA
1901,12,0,2.9,-0.14,-0.06,-0.31,0,-0.21,6.3,9.3,9.04,NA,0.1,2.47,2.73,2.7,3.54,NA,0.52,NA,NA,NA,NA,NA,NA
1902,1,5.5,2.52,0.82,-0.11,-0.02,0.26,-0.02,6,9,9.1,NA,-0.3,0.66,0.67,0.76,1.37,NA,1.01,NA,NA,NA,NA,NA,NA
1902,2,0,2.65,1.58,-0.03,0.27,0.41,0.23,7.5,10.5,9.11,NA,-2.8,4.82,4.94,5.12,5.02,NA,2.2,NA,NA,NA,NA,NA,NA
1902,3,12.4,3.15,0.48,-0.02,0.46,0.49,0.45,5.9,8.9,9.19,NA,0.7,1,2.39,1.46,2.25,NA,0.22,NA,NA,NA,NA,NA,NA
1902,4,0,4.36,1.37,-0.14,0.61,0.64,0.65,7.8,10.8,9.34,NA,-1.9,1.33,1.38,1.31,1.71,NA,0.3,NA,NA,NA,NA,NA,NA
1902,5,2.8,4.87,1.09,-0.08,0.87,0.89,0.84,5.5,8.5,9.51,NA,0.9,2.44,1.93,1.98,2.16,NA,-0.33,NA,NA,NA,NA,NA,NA
1902,6,1.4,4.66,0.52,-0.25,1.03,1.18,1.19,5.3,8.3,9.48,NA,-4,6.36,5.83,7.2,7.41,NA,1.3,NA,NA,NA,NA,NA,NA
1902,7,0.9,5.3,1.58,-0.28,1.68,1.55,1.48,6.2,9.2,9.53,NA,-2.4,5.34,5.7,5.29,5.52,NA,1.23,NA,NA,NA,NA,NA,NA
1902,8,2.3,6.18,1.57,-0.17,1.72,1.6,1.72,6.1,9.1,9.38,NA,-1.6,4.91,4.93,4.42,4.65,NA,1.53,NA,NA,NA,NA,NA,NA
1902,9,7.6,7.22,0.44,0.01,1.76,1.63,1.76,6.9,9.9,9.44,NA,-2.2,9.36,8.74,7.98,9.64,NA,1.15,NA,NA,NA,NA,NA,NA
1902,10,16.3,8.28,0.7,0.02,1.81,1.55,1.84,7.1,10.1,9.64,NA,0.5,8.54,6.67,9.31,12.3,NA,1.2,NA,NA,NA,NA,NA,NA
1902,11,10.3,9.4,0.16,-0.11,1.96,1.78,1.9,7.5,10.5,9.83,NA,0,2.23,1.92,1.74,2.59,NA,1.39,NA,NA,NA,NA,NA,NA
1902,12,1.1,10.44,-1.1,-0.08,1.92,1.55,1.84,6,9,10.33,NA,0.6,2.02,2.36,2.33,2.73,NA,0.56,NA,NA,NA,NA,NA,NA
1903,1,8.3,12.48,0.86,-0.04,1.65,1.13,1.65,6.5,9.5,10.7,NA,0.1,5.14,5.18,4.44,5.16,NA,0.56,NA,NA,NA,NA,NA,NA
1903,2,17,14.62,-0.24,0.06,1.4,0.85,1.38,5.8,8.8,11.37,NA,1.8,5.24,5.82,4.85,6.69,NA,-0.25,NA,NA,NA,NA,NA,NA
1903,3,13.5,15.3,-0.22,-0.05,1.11,0.59,1.1,6.6,9.6,11.95,NA,3.6,6.02,6.42,6.64,7.54,NA,-2.14,NA,NA,NA,NA,NA,NA
1903,4,26.1,17.71,-0.5,-0.06,0.8,0.24,0.77,10.2,13.2,13.54,NA,-0.1,0.3,0.18,0.07,0.09,NA,-0.78,NA,NA,NA,NA,NA,NA
1903,5,14.6,19.88,0.43,-0.14,0.42,-0.02,0.47,7.7,10.7,14.27,NA,1.2,4.79,3.32,2.29,3.03,NA,-1.81,NA,NA,NA,NA,NA,NA
1903,6,16.3,22.59,0.23,-0.17,0.21,-0.3,0.19,11.3,14.3,14.88,NA,-3.6,6.85,6.56,7.23,7.24,NA,-0.67,NA,NA,NA,NA,NA,NA
1903,7,27.9,24.94,0.4,-0.16,-0.06,-0.42,-0.01,10.7,13.7,15.59,NA,-0.3,7.74,7.4,7.9,6.15,NA,-0.85,NA,NA,NA,NA,NA,NA
1903,8,28.8,26.18,1.01,-0.44,-0.18,-0.49,-0.21,14.1,17.1,16.15,NA,0.8,6.87,6.98,6.12,5.99,NA,-1.49,NA,NA,NA,NA,NA,NA
1903,9,11.1,27.74,-0.24,-0.45,-0.38,-0.57,-0.32,13.9,16.9,16.33,NA,-0.6,7.56,9.3,8.49,11.04,NA,-1.69,NA,NA,NA,NA,NA,NA
1903,10,38.9,30.01,0.18,-0.36,-0.4,-0.6,-0.5,26.2,29.2,16.56,NA,-0.9,1.17,0.83,1.34,1.32,NA,-0.87,NA,NA,NA,NA,NA,NA
1903,11,44.5,31.04,0.08,-0.23,-0.71,-0.77,-0.7,16.2,19.2,16.99,NA,0.8,2.43,3.27,3.5,6.02,NA,-1.34,NA,NA,NA,NA,NA,NA
1903,12,45.6,33.14,-0.03,-0.29,-0.98,-0.98,-0.84,13.4,16.4,16.92,NA,0.5,1.35,1.36,1.29,1.33,NA,-1.79,NA,NA,NA,NA,NA,NA
1904,1,31.6,35.78,0.63,-0.35,-0.83,-0.64,-0.84,15,18,16.92,NA,1.8,3.33,3.53,3.13,3.51,NA,-1.42,NA,NA,NA,NA,NA,NA
1904,2,24.5,38.11,-0.91,-0.37,-0.72,-0.43,-0.66,12.5,15.5,16.58,NA,0.9,2.94,2.67,1.96,2.17,NA,-1.35,NA,NA,NA,NA,NA,NA
1904,3,37.2,38.21,-0.71,-0.37,-0.42,-0.26,-0.42,8.7,11.7,16.35,NA,0.6,1.23,1.88,2.02,2.51,NA,-1.54,NA,NA,NA,NA,NA,NA
1904,4,43,41.52,-0.07,-0.42,-0.1,0.01,-0.12,13,16,15.24,NA,4.1,1.72,1.62,1.54,1.96,NA,-1.72,NA,NA,NA,NA,NA,NA
1904,5,39.5,41.45,-0.22,-0.39,0.16,0.25,0.13,12.9,15.9,14.85,NA,0.8,3.05,2.71,4.22,4.61,NA,-1.66,NA,NA,NA,NA,NA,NA
1904,6,41.9,42.23,-1.53,-0.42,0.34,0.35,0.31,10.4,13.4,14.61,NA,-0.7,9.73,9.2,11.37,11.41,NA,-1.77,NA,NA,NA,NA,NA,NA
1904,7,50.6,42.94,-1.58,-0.33,0.44,0.63,0.43,10.7,13.7,14.68,NA,-1.6,6.46,6.57,5.53,4.64,NA,-0.82,NA,NA,NA,NA,NA,NA
1904,8,58.2,47.11,-0.64,-0.34,0.52,0.71,0.46,10.1,13.1,15.33,NA,-1.9,6.62,6.37,5.46,4.68,NA,-1.3,NA,NA,NA,NA,NA,NA
1904,9,30.1,49.57,0.06,-0.47,0.42,0.53,0.55,11.1,14.1,15.98,NA,1.1,5.2,4.43,4.22,5.56,NA,-2.15,NA,NA,NA,NA,NA,NA
1904,10,54.2,49.73,0.43,-0.37,0.7,0.71,0.65,12.9,15.9,16.28,NA,0.2,6.01,6.87,9.51,12.15,NA,-2.15,NA,NA,NA,NA,NA,NA
1904,11,38,50.12,1.45,-0.19,0.83,0.76,0.88,11.5,14.5,16.08,NA,-0.5,2.84,3.01,3,4.69,NA,-0.95,NA,NA,NA,NA,NA,NA
1904,12,54.6,50.85,0.06,-0.15,1.12,0.93,1.08,10.5,13.5,16.35,NA,-1.3,0.81,1.16,0.78,0.75,NA,-0.52,NA,NA,NA,NA,NA,NA
1905,1,54.8,53.24,0.73,-0.22,1.31,1.02,1.24,15.9,18.9,16.43,NA,0.4,0.18,0.41,0.43,0.54,NA,-1.38,NA,NA,NA,NA,NA,NA
1905,2,85.8,53.87,0.91,-0.18,1.28,0.89,1.32,20.2,23.2,16.98,NA,1.4,0.27,1,0.44,0.43,NA,-0.97,NA,NA,NA,NA,NA,NA
1905,3,56.5,53.62,1.31,-0.36,1.37,1.03,1.3,16.6,19.6,17.41,NA,1.7,2.57,3.55,2.17,2.81,NA,-0.83,NA,NA,NA,NA,NA,NA
1905,4,39.3,57.36,1.59,-0.17,1.26,1.16,1.35,16.5,19.5,17.26,NA,-1.7,2.53,3.06,3.47,4.3,NA,0.53,NA,NA,NA,NA,NA,NA
1905,5,48,61.44,-0.07,-0.06,1.42,1.54,1.35,10.5,13.5,17.97,NA,1.4,5.7,6.22,6.21,6.75,NA,-0.75,NA,NA,NA,NA,NA,NA
1905,6,49,62.78,0.69,-0.17,1.39,1.6,1.42,13.7,16.7,17.98,NA,-0.7,5.5,4.76,4.82,4.56,NA,-0.56,NA,NA,NA,NA,NA,NA
1905,7,73,62.08,0.85,-0.05,1.44,1.51,1.44,11.7,14.7,17.28,NA,0.5,10.04,11.86,11.12,8.73,NA,-1.01,NA,NA,NA,NA,NA,NA
1905,8,58.8,60.28,1.26,-0.14,1.5,1.49,1.57,16.7,19.7,17.04,NA,0.5,11.97,11.36,9.29,7.59,NA,-1.5,NA,NA,NA,NA,NA,NA
1905,9,55,58.64,-0.03,-0.35,1.76,1.68,1.62,16.2,19.2,16.82,NA,1.3,7.2,6.33,6.07,6.91,NA,-1.36,NA,NA,NA,NA,NA,NA
1905,10,78.7,58.55,-0.15,-0.25,1.6,1.57,1.64,11.1,14.1,16.4,NA,-1.9,3.27,2.47,2.95,4.63,NA,-0.34,NA,NA,NA,NA,NA,NA
1905,11,107.2,59.96,1.11,-0.26,1.56,1.52,1.59,20,23,16.47,NA,0.9,0.59,0.47,0.44,0.88,NA,-0.01,NA,NA,NA,NA,NA,NA
1905,12,55.5,61.13,-0.5,-0.24,1.61,1.51,1.51,10.6,13.6,16.26,NA,-0.3,6.34,6.96,5.68,6.3,NA,0.03,NA,NA,NA,NA,NA,NA
1906,1,45.5,65.33,0.92,-0.07,1.35,1.36,1.29,7.5,10.5,16.31,NA,1.8,3.98,4.05,3.32,3.71,NA,-0.12,NA,NA,NA,NA,NA,NA
1906,2,31.3,63.38,1.18,-0.03,0.93,0.93,1.02,17.4,20.4,15.91,NA,1.8,2.34,2.39,2.22,2.58,NA,-0.94,NA,NA,NA,NA,NA,NA
1906,3,64.5,63.18,0.83,-0.05,0.77,0.48,0.82,13.9,16.9,15.73,NA,-0.4,2.48,2.37,2.51,2.74,NA,-1.14,NA,NA,NA,NA,NA,NA
1906,4,55.3,60.32,0.74,-0.04,0.74,0.6,0.62,11.5,14.5,15.86,NA,2.5,1.48,1.45,1.02,1.58,NA,-0.59,NA,NA,NA,NA,NA,NA
1906,5,57.7,57.25,0.44,-0.16,0.33,0.16,0.52,11.3,14.3,14.98,NA,-2.9,8.05,5.71,7.37,8.98,NA,-0.15,NA,NA,NA,NA,NA,NA
1906,6,63.2,53.98,1.24,0.01,0.47,0.05,0.38,11.2,14.2,15.47,NA,-1.6,10.2,10.09,11.46,13.02,NA,0.62,NA,NA,NA,NA,NA,NA
1906,7,103.6,55.59,0.09,0,0.32,-0.24,0.22,12.3,15.3,16.21,NA,2.9,10.31,9.09,8.36,7,NA,-0.96,NA,NA,NA,NA,NA,NA
1906,8,47.7,60.42,-0.53,-0.06,-0.15,-0.78,-0.01,11.9,14.9,16.86,NA,-1.8,8.74,10.67,9.71,8.46,NA,-0.2,NA,NA,NA,NA,NA,NA
1906,9,56.1,62.68,-0.31,-0.12,-0.21,-0.5,-0.29,14.1,17.1,16.88,NA,1.2,3.42,2.87,2.89,3.1,NA,-0.7,NA,NA,NA,NA,NA,NA
1906,10,17.8,61.76,0.08,-0.14,-0.51,-0.56,-0.42,12.6,15.6,16.93,NA,1.5,3.92,2.47,3.46,5.28,NA,-1.03,NA,NA,NA,NA,NA,NA
1906,11,38.9,60.81,1.69,-0.01,-0.54,-0.58,-0.47,9.5,12.5,17.38,NA,0.1,0.7,0.98,1.06,2.3,NA,0.35,NA,NA,NA,NA,NA,NA
1906,12,64.7,59.48,-0.54,-0.22,-0.37,-0.42,-0.44,16.4,19.4,17.68,NA,1.5,0.08,0.14,0.09,0.16,NA,-0.72,NA,NA,NA,NA,NA,NA
1907,1,76.4,58.44,-0.3,-0.18,-0.42,-0.41,-0.39,16.4,19.4,18.06,NA,0.8,0.45,0.43,0.73,0.65,NA,-0.84,NA,NA,NA,NA,NA,NA
1907,2,108.2,54.65,-0.32,-0.35,-0.39,-0.38,-0.35,25.2,28.2,18.35,NA,1.6,1.12,0.69,0.55,0.5,NA,-0.45,NA,NA,NA,NA,NA,NA
1907,3,60.7,57.52,-0.19,-0.25,-0.26,-0.18,-0.19,14.2,17.2,18.57,NA,3.2,0.1,0.34,0.26,0.44,NA,-1.13,NA,NA,NA,NA,NA,NA
1907,4,52.6,58.23,-0.16,-0.16,0.09,0.03,0.09,12.1,15.1,19.05,NA,1.6,2.04,1.31,1.27,1.46,NA,-1.19,NA,NA,NA,NA,NA,NA
1907,5,42.9,61.59,0.16,-0.15,0.43,0.2,0.39,16.7,19.7,19.47,NA,-2.8,5.54,6.49,8.24,8.8,NA,-0.86,NA,NA,NA,NA,NA,NA
1907,6,40.4,62.24,0.57,-0.25,0.66,0.42,0.59,14.8,17.8,19.06,NA,0.7,8.77,7.23,7.14,7.38,NA,-0.53,NA,NA,NA,NA,NA,NA
1907,7,49.7,60.28,0.63,-0.28,0.66,0.41,0.59,16.8,19.8,18.83,NA,-2.4,7.34,7.07,6.09,5.32,NA,0.36,NA,NA,NA,NA,NA,NA
1907,8,54.3,57.01,-0.96,-0.31,0.45,0.17,0.49,15.4,18.4,18.13,NA,-0.5,5.74,6.63,6.13,5.03,NA,-0.71,NA,NA,NA,NA,NA,NA
1907,9,85,50.89,-0.23,-0.18,0.34,0.09,0.29,16.7,19.7,18.88,NA,-0.1,6.87,6.78,6.96,7.65,NA,0.01,NA,NA,NA,NA,NA,NA
1907,10,65.4,50.65,0.84,-0.22,0.08,-0.01,0.04,18.4,21.4,19.17,NA,0.1,1.68,1.6,1.69,2.66,NA,-0.54,NA,NA,NA,NA,NA,NA
1907,11,61.5,49.75,0.66,-0.22,-0.29,-0.23,-0.05,14.5,17.5,19.34,NA,1.8,1.48,1.58,1.59,2.48,NA,-0.84,NA,NA,NA,NA,NA,NA
1907,12,47.3,50.15,0.72,-0.19,0.07,0.17,-0.06,11.5,14.5,19.15,NA,0.6,2.98,3.89,2.82,4.33,NA,-0.22,NA,NA,NA,NA,NA,NA
1908,1,39.2,50.08,1.36,-0.23,0.03,-0.08,0.08,13.6,16.6,18.61,NA,0.9,2.37,2.74,1.83,1.96,NA,-0.12,NA,NA,NA,NA,NA,NA
1908,2,33.9,53.22,1.02,-0.23,0.14,-0.11,-0.12,16.9,19.9,18.83,NA,2,0.86,1.31,1.04,1.18,NA,0,NA,NA,NA,NA,NA,NA
1908,3,28.7,55.72,0.67,-0.24,-0.53,-0.33,-0.3,23.1,26.1,20.07,NA,2.3,0.19,0.46,0.58,0.55,NA,-0.75,NA,NA,NA,NA,NA,NA
1908,4,57.6,51.67,0.23,-0.21,-0.51,-0.59,-0.46,15.6,18.6,19.84,NA,-1.2,2.12,1.71,1.69,2.33,NA,-1.19,NA,NA,NA,NA,NA,NA
1908,5,40.8,50.14,0.23,-0.16,-0.33,-0.53,-0.4,18.8,21.8,20.08,NA,1.1,2.6,2.16,3.94,4.02,NA,-0.76,NA,NA,NA,NA,NA,NA
1908,6,48.1,48.45,0.41,-0.06,-0.36,-0.4,-0.43,12.5,15.5,20.08,NA,1.1,6.94,6.82,7.23,7.62,NA,-0.69,NA,NA,NA,NA,NA,NA
1908,7,39.5,49.17,0.6,0.03,-0.61,-0.63,-0.41,10.3,13.3,21,NA,-0.4,6.53,5.89,6.14,6.65,NA,-0.13,NA,NA,NA,NA,NA,NA
1908,8,90.5,49.74,-1.04,0.01,-0.27,-0.45,-0.43,18.1,21.1,21.01,NA,-0.4,7.05,9.84,9.59,8.74,NA,-0.03,NA,NA,NA,NA,NA,NA
1908,9,86.9,52.23,-0.16,-0.09,-0.42,-0.6,-0.43,31.5,34.5,20.73,NA,0.3,12.27,10.94,12.64,14.85,NA,-0.03,NA,NA,NA,NA,NA,NA
1908,10,32.3,52.51,-0.41,-0.12,-0.61,-0.67,-0.63,15.7,18.7,20.43,NA,-1,2.35,2.98,4.67,7.28,NA,0.52,NA,NA,NA,NA,NA,NA
1908,11,45.5,50.85,0.47,-0.15,-0.88,-0.84,-0.81,17.4,20.4,20.38,NA,0.2,2.24,2.66,1.96,4.13,NA,1.12,NA,NA,NA,NA,NA,NA
1908,12,39.5,49.45,1.16,-0.12,-0.93,-1.08,-0.85,11.4,14.4,20.29,NA,1.8,0.75,0.74,0.52,0.65,NA,0.12,NA,NA,NA,NA,NA,NA
1909,1,56.7,48.5,0.23,-0.1,-0.75,-0.83,-0.77,24.7,27.7,20.48,NA,1.4,1.42,1.67,1.66,2.91,NA,-0.39,NA,NA,NA,NA,NA,NA
1909,2,46.6,47.24,1.01,-0.14,-0.64,-0.67,-0.69,17,20,20.43,NA,-0.1,0.7,0.98,0.58,0.54,NA,0.29,NA,NA,NA,NA,NA,NA
1909,3,66.3,43.26,0.54,-0.1,-0.68,-0.51,-0.55,19.7,22.7,20.1,NA,-1.9,1.13,2.48,1.36,2.04,NA,0.54,NA,NA,NA,NA,NA,NA
1909,4,32.3,41.07,0.24,-0.15,-0.32,-0.39,-0.4,12.1,15.1,20.4,NA,0.4,2.52,2.51,3.68,4.05,NA,0.04,NA,NA,NA,NA,NA,NA
1909,5,36,42.88,-0.39,-0.01,-0.19,-0.33,-0.27,18.2,21.2,19.91,NA,-2.1,5.84,4.98,6.53,7.63,NA,1.33,NA,NA,NA,NA,NA,NA
1909,6,22.6,43.55,-0.64,-0.13,-0.29,-0.43,-0.22,11.4,14.4,20.11,NA,-0.9,7.54,8.2,8.97,8.89,NA,0.2,NA,NA,NA,NA,NA,NA
1909,7,35.8,42.54,-0.39,-0.17,-0.19,-0.43,-0.17,12.5,15.5,19.11,NA,3.3,13.5,11.47,8.34,8.6,NA,-0.15,NA,NA,NA,NA,NA,NA
1909,8,23.1,40.6,-0.68,-0.08,-0.05,-0.44,-0.24,17.5,20.5,18.9,NA,2.5,9.7,10.85,11.16,9.34,NA,0.62,NA,NA,NA,NA,NA,NA
1909,9,38.8,38.66,-0.89,-0.11,-0.49,-0.59,-0.51,27.6,30.6,18.99,NA,-1.6,4.1,3.6,4.36,5.67,NA,0.01,NA,NA,NA,NA,NA,NA
1909,10,58.4,34.21,-0.02,-0.15,-0.99,-0.93,-0.92,19.3,22.3,19.63,NA,2.1,1.26,1.44,3.48,3.73,NA,0.73,NA,NA,NA,NA,NA,NA
1909,11,55.8,33.43,-0.4,-0.29,-1.27,-1.23,-1.12,11.5,14.5,19.54,NA,-1.9,0.85,0.83,0.84,1.84,NA,1.33,NA,NA,NA,NA,NA,NA
1909,12,54.2,31.61,-0.01,-0.23,-1.1,-1.03,-1.13,13.8,16.8,19.73,NA,-2.5,1.59,1.93,1.66,2.17,NA,2.06,NA,NA,NA,NA,NA,NA
1910,1,26.4,30.95,-0.25,-0.31,-1.03,-0.91,-1.14,12.7,15.7,19.58,NA,2,0.9,0.9,1.05,0.98,NA,0.11,NA,NA,NA,NA,NA,NA
1910,2,31.5,29.08,-0.7,-0.25,-1.29,-0.98,-1.16,14.5,17.5,19.8,NA,3.4,2.39,2.33,1.48,1.59,NA,0.08,NA,NA,NA,NA,NA,NA
1910,3,21.4,29.32,0.18,-0.26,-1.15,-0.97,-1.24,20.8,23.8,19.09,NA,1.7,1.67,1.67,1.08,1.34,NA,0,NA,NA,NA,NA,NA,NA
1910,4,8.4,29.28,-0.37,-0.31,-1.28,-1.15,-1.2,19.7,22.7,19.51,NA,-1,0.72,0.53,0.53,0.51,NA,0.72,NA,NA,NA,NA,NA,NA
1910,5,22.2,25.17,-0.06,-0.34,-1.16,-1,-1.12,17.2,20.2,20.03,NA,2.6,4.41,4.04,5.04,5.79,NA,-0.28,NA,NA,NA,NA,NA,NA
1910,6,12.3,21.32,-0.28,-0.36,-0.9,-0.65,-0.95,13.7,16.7,20.5,NA,0.4,10.38,9.66,8.36,8.16,NA,0.03,NA,NA,NA,NA,NA,NA
1910,7,14.1,17.42,0.03,-0.29,-0.79,-0.61,-0.89,10.7,13.7,21.21,NA,-0.6,7.8,8.95,6.83,5.52,NA,1,NA,NA,NA,NA,NA,NA
1910,8,11.5,16.08,-0.06,-0.26,-0.99,-0.9,-0.86,20.1,23.1,21.97,NA,-1.3,9.39,9.01,8.55,8.53,NA,-0.05,NA,NA,NA,NA,NA,NA
1910,9,26.2,14.25,0.4,-0.1,-0.81,-0.56,-0.86,19.1,22.1,22.02,NA,-1.3,3.72,3.02,5.51,5.9,NA,0.42,NA,NA,NA,NA,NA,NA
1910,10,38.3,13.88,-0.66,-0.19,-0.77,-0.6,-0.82,24.3,27.3,22.13,NA,-0.8,10.64,11.08,12.74,14.9,NA,0.07,NA,NA,NA,NA,NA,NA
1910,11,4.9,13.92,0.02,-0.08,-0.88,-0.62,-0.8,17.8,20.8,22.08,NA,-1.9,1.39,0.97,0.78,0.99,NA,1.49,NA,NA,NA,NA,NA,NA
1910,12,5.8,12.38,0.84,-0.24,-0.76,-0.52,-0.75,19.4,22.4,22.06,NA,-0.4,0.51,0.63,0.38,0.41,NA,1.12,NA,NA,NA,NA,NA,NA
1911,1,3.4,11.71,-1.11,-0.25,-0.61,-0.5,-0.72,21.2,24.2,22.43,NA,0.8,0.55,0.79,0.43,0.51,NA,0.17,NA,NA,NA,NA,NA,NA
1911,2,9,10.93,0,-0.25,-0.78,-0.84,-0.69,23.6,26.6,21.74,NA,0.8,0,0.01,0,0.01,NA,0.37,NA,NA,NA,NA,NA,NA
1911,3,7.8,10.35,-0.78,-0.31,-0.69,-0.78,-0.68,21.4,24.4,21.16,NA,0.2,1.42,1.57,0.92,1.04,NA,-0.34,NA,NA,NA,NA,NA,NA
1911,4,16.5,8.54,-0.73,-0.32,-0.58,-0.66,-0.53,21.1,24.1,20.17,NA,-0.7,1.66,1.38,2.73,3.31,NA,-0.39,NA,NA,NA,NA,NA,NA
1911,5,9,5.92,0.17,-0.34,-0.31,-0.21,-0.35,16.5,19.5,19.57,NA,3.2,5.74,4.55,8.08,8.76,NA,-0.99,NA,NA,NA,NA,NA,NA
1911,6,2.2,5.71,0.02,-0.24,-0.14,0.13,-0.14,13.5,16.5,18.86,NA,0,5,5.24,5.33,5.3,NA,-0.49,NA,NA,NA,NA,NA,NA
1911,7,3.5,5.28,0.48,-0.17,0.03,0.35,0.01,15.2,18.2,17.72,NA,-1.8,6.16,7.04,6.52,6.37,NA,0.37,NA,NA,NA,NA,NA,NA
1911,8,4,5.02,0.43,-0.06,0.16,0.56,0.21,11.8,14.8,16.41,NA,-1,8.38,6.57,6.96,5.27,NA,0.39,NA,NA,NA,NA,NA,NA
1911,9,4,4.71,0.29,-0.12,0.44,0.72,0.43,12.1,15.1,15.26,NA,-0.1,4.35,3.85,4.62,4.93,NA,0.01,NA,NA,NA,NA,NA,NA
1911,10,2.6,4.45,0.2,-0.11,0.69,0.98,0.71,12.4,15.4,14.28,NA,-0.7,5,5.43,5.33,6.44,NA,0.09,NA,NA,NA,NA,NA,NA
1911,11,4.2,3.52,-0.86,-0.23,1,1.26,0.92,10.6,13.6,13.69,NA,0.5,4.25,2.97,4.15,6.91,NA,-0.39,NA,NA,NA,NA,NA,NA
1911,12,2.2,3.15,0.01,-0.17,1.06,1.55,1.08,10.9,13.9,13.26,NA,0.9,2.39,3.13,1.92,3.64,NA,0.55,NA,NA,NA,NA,NA,NA
1912,1,0.3,3.21,-1.72,-0.23,1.17,1.39,1.12,7.5,10.5,12.63,0,-1.1,4.33,5.11,3.48,4.4,NA,0.5,NA,NA,NA,NA,NA,NA
1912,2,0,2.96,-0.23,-0.26,1.12,1.14,1.03,7.9,10.9,12.52,0,-2.4,2.17,2.16,2.52,2.71,NA,1.52,NA,NA,NA,NA,NA,NA
1912,3,4.9,3.38,-0.04,-0.22,0.81,0.81,0.93,7.6,10.6,12.32,0,1.9,3.12,2.84,3.21,3.01,NA,-0.58,NA,NA,NA,NA,NA,NA
1912,4,4.5,3.43,-0.38,-0.17,0.85,0.75,0.78,9.3,12.3,12.07,-194,1.1,2.19,1.6,2.35,4.19,NA,-0.67,NA,NA,NA,NA,NA,NA
1912,5,4.4,3.32,-0.02,-0.11,0.68,0.47,0.65,9.5,12.5,11.96,280,0.6,7.76,5.56,7.05,8.24,NA,-0.72,NA,NA,NA,NA,NA,NA
1912,6,4.1,3.48,0.77,-0.15,0.43,0.2,0.39,8.3,11.3,11.83,1004,0,12.11,14.62,12.35,10.77,NA,-0.45,NA,NA,NA,NA,NA,NA
1912,7,3,3.49,1.07,-0.26,0.08,-0.16,0.14,7.7,10.7,12.05,483,-0.7,5,4.45,4.08,3.21,NA,-1.32,NA,NA,NA,NA,NA,NA
1912,8,0.3,3.69,-0.84,-0.39,-0.08,-0.29,-0.03,10.4,13.4,12.18,306,-1.4,5.29,4.77,4.64,4.75,NA,-1.01,NA,NA,NA,NA,NA,NA
1912,9,9.5,3.73,0.94,-0.24,-0.1,-0.15,-0.04,9.7,12.7,12.36,158,-2.3,8.52,8.44,7.41,6.78,NA,-0.44,NA,NA,NA,NA,NA,NA
1912,10,4.6,3.42,0.56,-0.25,0.05,-0.02,0.04,9.4,12.4,12.4,261,1.5,4.58,4.69,6.46,7.7,NA,-1.05,NA,NA,NA,NA,NA,NA
1912,11,1.1,3.08,0.74,-0.22,0.16,0.03,0.08,9.3,12.3,12.35,55,0.9,2.17,1.69,3.94,6.82,NA,-0.72,NA,NA,NA,NA,NA,NA
1912,12,6.4,2.74,0.98,-0.23,0.03,-0.03,0.1,9.3,12.3,12.23,-20,1.9,1.03,1.21,1.02,1.44,NA,-0.7,NA,NA,NA,NA,NA,NA
1913,1,2.3,2.55,-0.03,-0.31,0.1,0.34,0.12,10.2,13.2,12.17,65,0.5,1.35,1.45,1.59,1.97,NA,-1.15,NA,NA,NA,NA,NA,NA
1913,2,2.9,2.34,0.34,-0.21,0.22,0.38,0.08,9.4,12.4,11.85,210,0.3,4.56,5.21,3.24,2.44,NA,-1.06,NA,NA,NA,NA,NA,NA
1913,3,0.5,2.41,0.06,-0.22,-0.07,-0.05,0.02,9.8,12.8,11.87,165,3.1,2.76,4.23,2.49,3.15,NA,-2.12,NA,NA,NA,NA,NA,NA
1913,4,0.9,1.92,-0.92,-0.44,-0.08,-0.24,-0.02,9.8,12.8,11.97,165,2.7,2.69,2.43,3.34,4,NA,-1.95,NA,NA,NA,NA,NA,NA
1913,5,0,1.62,0.66,-0.45,0.09,-0.15,0.07,8.9,11.9,11.82,-248,1.3,4.37,3.43,5.34,6.5,NA,-1.67,NA,NA,NA,NA,NA,NA
1913,6,0,1.82,1.43,-0.57,0.19,0.1,0.18,6.9,9.9,11.59,-61,1.7,5.79,6.43,5.54,5.32,NA,-1.9,NA,NA,NA,NA,NA,NA
1913,7,1.7,1.55,1.06,-0.44,0.27,0.28,0.28,6.9,9.9,11.33,69,-1,4.56,5.13,4.24,2.48,NA,-1.45,NA,NA,NA,NA,NA,NA
1913,8,0.2,1.57,1.29,-0.43,0.38,0.38,0.34,6.6,9.6,11.15,58,1,7.96,8.45,7.64,5.57,NA,-1.37,NA,NA,NA,NA,NA,NA
1913,9,1.2,1.58,0.73,-0.43,0.37,0.47,0.43,9.9,12.9,11.17,95,-1.6,5.5,4.4,5.52,5.91,NA,-0.78,NA,NA,NA,NA,NA,NA
1913,10,3.1,2.88,0.62,-0.38,0.53,0.61,0.59,10.6,13.6,11.47,-213,-1.9,2.54,2.56,2.23,2.49,NA,-0.77,NA,NA,NA,NA,NA,NA
1913,11,0.7,3.21,0.75,-0.45,0.87,0.83,0.81,7.5,10.5,11.39,53,3.6,0.56,0.58,2.83,4.15,NA,-1.86,NA,NA,NA,NA,NA,NA
1913,12,3.8,4.08,0.9,-0.33,1.02,1.06,0.99,6.6,9.6,11.67,43,0.3,2.23,3.08,1.48,1.27,NA,-0.95,NA,NA,NA,NA,NA,NA
1914,1,2.8,4.5,0.34,-0.22,1.07,1.06,1.01,7.1,10.1,12.16,-59,-0.5,2.26,3.65,2.27,2.68,NA,-0.34,NA,NA,NA,NA,NA,NA
1914,2,2.6,4.96,-0.29,-0.32,0.92,0.71,0.93,7.2,10.2,12.84,-77,1.4,1.73,3.24,2.11,2.4,NA,-1.21,NA,NA,NA,NA,NA,NA
1914,3,3.1,5.92,0.08,-0.41,0.79,0.71,0.96,10,13,12.99,8,1.3,1.17,1.05,1.02,1.24,NA,-1.73,NA,NA,NA,NA,NA,NA
1914,4,17.3,6.46,1.2,-0.38,1.18,1,1.03,13.4,16.4,13.21,3,1.4,3.21,3.27,4.75,6.78,NA,-1.44,NA,NA,NA,NA,NA,NA
1914,5,5.2,7.48,0.11,-0.26,1.11,0.81,1.08,8,11,13.69,46,2.8,3.2,2.17,3.56,3.95,NA,-2.51,NA,NA,NA,NA,NA,NA
1914,6,11.4,9.15,0.11,-0.38,0.94,0.5,1.01,10.2,13.2,13.91,-100,2.4,5.24,4.53,4.56,3.48,NA,-1.67,NA,NA,NA,NA,NA,NA
1914,7,5.4,10.62,-0.21,-0.43,0.96,0.7,1.03,12.8,15.8,14.23,-13,-0.5,7,6.28,7.79,6.87,NA,-1.66,NA,NA,NA,NA,NA,NA
1914,8,7.7,13.66,0.11,-0.37,1.17,1.03,1.1,14.8,17.8,14.74,-64,0.7,5.93,6.05,5.66,3.65,NA,-1.81,NA,NA,NA,NA,NA,NA
1914,9,12.7,16.45,-0.34,-0.19,1.15,1.06,1.18,11.7,14.7,15.15,552,-0.2,7.43,8.37,7.04,9.27,NA,-0.99,NA,NA,NA,NA,NA,NA
1914,10,8.2,19.38,-0.11,-0.11,1.2,1.2,1.19,13.2,16.2,15.3,95,-0.4,4.47,4.71,6.1,6.49,NA,-0.58,NA,NA,NA,NA,NA,NA
1914,11,16.4,20.59,0.03,-0.18,1.22,1.36,1.25,13.3,16.3,15.78,95,0.1,2.47,2.24,3.13,5.92,NA,-0.24,NA,NA,NA,NA,NA,NA
1914,12,22.3,25.48,0.89,-0.23,1.32,1.46,1.31,9.2,12.2,16.42,1,1.4,3.39,3.97,3.46,4.65,NA,-1.3,NA,NA,NA,NA,NA,NA
1915,1,23,30.12,-0.41,-0.13,1.4,1.51,1.37,10.9,13.9,16.28,43,0.8,4.96,6.23,4.09,4.66,NA,-1.18,3.07,6.73,NA,NA,9.36,NA
1915,2,42.3,35.05,0.14,-0.12,1.38,1.5,1.38,13.4,16.4,16.26,-9,0.9,3.66,4.09,2.45,2.58,NA,-1.57,4.52,4.06,NA,NA,2.24,NA
1915,3,38.8,38.27,-1.22,0,1.35,1.47,1.29,14.9,17.9,16.69,-13,-3.2,1.95,1.95,1.92,2.04,NA,0.69,1.52,1.79,NA,NA,2.74,NA
1915,4,41.3,41.41,1.4,0.05,1.13,1.34,1.24,15.2,18.2,17.36,-15,3.1,1.75,1.9,1.97,1.51,NA,-1.28,1.8,2.86,NA,NA,1.36,NA
1915,5,33,44.05,0.32,0.26,1.26,1.32,1.2,13.8,16.8,18.32,123,-2.7,5.7,5.26,4.9,4.3,NA,0.99,6.81,4.38,NA,NA,2.25,NA
1915,6,68.8,45.44,0.99,0.3,1.23,1.22,1.24,17.8,20.8,18.58,150,-2.6,7.51,5.16,8.67,9.6,NA,1.36,3.65,4.32,NA,NA,5.41,NA
1915,7,71.6,47.21,1.07,0.32,1.22,1.07,1.08,11.1,14.1,18.99,245,0.3,8.4,8.11,9.12,8.09,NA,1.25,0.5,7.11,NA,NA,8.81,NA
1915,8,69.6,49.7,0.27,0.21,0.78,0.57,0.81,14.6,17.6,18.83,248,-2.6,7.78,9.73,6.22,5.75,NA,1.07,5.55,13.62,NA,NA,7.91,NA
1915,9,49.5,51.6,-0.05,0.2,0.43,0.25,0.5,16.9,19.9,19.67,251,-2,5.22,4.59,6.02,7.37,NA,1.63,3.51,6.04,NA,NA,7.44,NA
1915,10,53.5,54.14,-0.43,0.03,0.3,0.12,0.3,21.2,24.2,19.99,161,1.4,7.95,5.61,6.17,9.92,NA,0.3,9.06,6.05,NA,NA,10.88,NA
1915,11,42.5,56.69,-0.12,-0.01,0.16,-0.06,0.1,24.8,27.8,20.52,141,-2.8,2.72,2.46,3.14,5.68,NA,1.87,2.99,1.66,NA,NA,3.35,NA
1915,12,34.5,59.36,0.17,0.01,-0.16,-0.32,-0.11,12.3,15.3,20.34,42,-2.7,1.61,2.06,1.64,2.33,NA,1.23,1.43,2.7,NA,NA,1.89,NA
1916,1,45.3,58.18,-0.64,-0.04,-0.33,-0.53,-0.29,15.9,18.9,21.05,35,2,0.69,0.62,0.99,1.74,NA,0.44,0.58,0.2,NA,NA,1.83,NA
1916,2,55.4,55.38,-0.19,-0.1,-0.39,-0.6,-0.41,11.5,14.5,21.61,-74,1.9,0.6,0.56,1.23,2.29,NA,-0.9,0.33,0.12,NA,NA,2.05,NA
1916,3,67,53.5,-0.11,-0.09,-0.5,-0.58,-0.45,24.9,27.9,22.06,-87,-3,0.78,0.69,0.71,0.66,NA,0.41,0.73,0.26,NA,NA,0.6,NA
1916,4,71.8,53.59,0.35,-0.12,-0.46,-0.64,-0.48,19.1,22.1,22.33,-96,1,2.39,3.23,4.01,3.61,NA,0.19,2.71,4.37,NA,NA,1.84,NA
1916,5,74.5,54.52,0.42,0.02,-0.48,-0.82,-0.48,20.1,23.1,22.25,-31,-0.3,4.4,3.92,4.24,5.28,NA,0.67,6.11,3.25,NA,NA,4.04,NA
1916,6,67.7,55.33,-0.82,0.03,-0.49,-0.91,-0.53,15.7,18.7,22.79,108,-1.9,8.21,6.26,7.16,7.23,NA,1.17,5.91,8.83,NA,NA,5.75,NA
1916,7,53.5,58.42,-0.78,-0.07,-0.61,-0.93,-0.65,19.6,22.6,23.55,283,0.4,6.31,5.83,7.14,4.69,NA,0.39,6.41,8.02,NA,NA,3.53,NA
1916,8,35.2,60.47,-0.73,-0.02,-0.87,-1.3,-0.83,21.3,24.3,24.18,51,-1.6,6.18,6.42,6.46,5.1,NA,0.95,4.11,8.38,NA,NA,2.98,NA
1916,9,45.1,63.5,-0.77,0,-1.03,-1.21,-0.99,22.3,25.3,23.44,97,-1.1,5.5,5.88,5.09,6.05,NA,0.93,4.82,5.36,NA,NA,8.06,NA
1916,10,50.7,64.09,-0.22,-0.07,-1.08,-1.11,-1.1,24.4,27.4,23.23,49,2.4,5.65,4.19,5.71,9.36,NA,0.42,2.2,2.72,NA,NA,10.34,NA
1916,11,65.6,67.35,-0.68,-0.24,-1.2,-1.21,-1.22,23.9,26.9,22.88,143,-0.3,4.02,3.58,3.16,3.72,NA,0.34,3.53,2.94,NA,NA,2.94,NA
1916,12,53,70.45,-1.94,-0.21,-1.38,-1.28,-1.35,18.8,21.8,22.62,0,-3.7,1.64,2.29,1.28,0.85,NA,1.37,5.4,1.87,NA,NA,1.19,NA
1917,1,74.7,74.46,-0.79,-0.29,-1.47,-1.41,-1.33,25,28,22.19,-196,-2.3,0.68,1,0.53,0.56,NA,1.29,1.01,0.78,NA,NA,0.9,NA
1917,2,71.9,82.23,-0.84,-0.35,-1.13,-1.19,-1.25,19,22,22.76,-65,-1.2,1.24,1.61,0.94,0.89,NA,0.99,1.06,1.14,NA,NA,3.23,NA
1917,3,94.8,89.48,-0.71,-0.4,-1.15,-1.31,-0.98,16.1,19.1,22.23,-68,-0.4,1.48,1.25,2.13,2.88,NA,0.11,1.96,0.51,NA,NA,0.19,NA
1917,4,74.7,91.56,-0.34,-0.3,-0.65,-0.62,-0.68,16.6,19.6,21.88,-210,-2.6,1.62,1.45,1.8,1.64,NA,1.17,1.28,1.07,NA,NA,0.44,NA
1917,5,114.1,95.08,0.82,-0.25,-0.25,-0.29,-0.28,15.8,18.8,21.11,-122,-2.8,2.54,2.03,2.1,2.64,NA,2.08,3.07,1.78,NA,NA,1.18,NA
1917,6,114.9,99.98,-0.03,-0.15,0.06,0.11,-0.04,12.6,15.6,21.18,5,0.5,6.93,6.84,7.08,6.67,NA,-0.76,4.02,7.83,NA,NA,4.66,NA
1917,7,119.8,103.28,0.1,-0.21,0.07,0.11,-0.05,14.5,17.5,20.58,135,-1.7,6.99,7.26,6.1,5.31,NA,1.23,6.69,4.38,NA,NA,5.09,NA
1917,8,154.5,102.56,-0.22,-0.19,-0.28,-0.18,-0.23,28.1,31.1,20.77,230,-0.4,8.34,7.85,7.64,6.48,NA,0.31,7.49,3.73,NA,NA,3.18,NA
1917,9,129.4,102.58,-0.4,-0.28,-0.5,-0.43,-0.54,16,19,21.06,55,1.8,9.96,9.98,9.62,10.38,NA,0.09,9.06,10.64,NA,NA,6.67,NA
1917,10,72.2,101.48,-1.75,-0.34,-0.83,-0.77,-0.76,20.1,23.1,21.38,-28,1.8,4.11,4.72,3.82,4.25,NA,-0.2,4.23,4.03,NA,NA,3.37,NA
1917,11,96.4,101.64,-0.34,-0.32,-0.96,-1.04,-0.96,14.7,17.7,21.63,-210,1.7,0.4,0.41,0.37,0.63,NA,-0.04,0.05,0.64,NA,NA,0.49,NA
1917,12,129.3,97.43,-0.6,-0.26,-1.08,-1.1,-1.03,19.7,22.7,21.87,-124,-1.8,0.62,0.85,0.98,1.94,NA,0.68,0.82,0.47,NA,NA,2.65,NA
1918,1,96,96.87,-1.13,-0.1,-1.05,-1.1,-0.98,17.7,20.7,22.1,43,-4.5,2.57,3.29,1.92,1.82,NA,2.67,3.3,4.09,NA,NA,3.51,NA
1918,2,65.3,95.48,-0.66,-0.17,-0.81,-0.78,-0.76,21.3,24.3,21.6,87,2.5,0.35,0.6,0.76,0.82,NA,0.04,0.14,0.23,NA,NA,0.69,NA
1918,3,72.2,89.74,-1.15,-0.12,-0.42,-0.3,-0.44,19.6,22.6,22.63,45,0.8,2.28,2.57,2.36,3.71,NA,0.7,2.59,2.29,NA,NA,4.38,NA
1918,4,80.5,86.32,-0.32,-0.18,-0.09,0.1,-0.11,20.5,23.5,23.14,-41,-0.4,4.17,3.04,3.47,5.8,NA,0.52,7.32,2.64,NA,NA,6.74,NA
1918,5,76.7,87.18,-0.33,-0.24,0.18,0.56,0.17,18.7,21.7,23.83,-1,0.4,1.99,2.19,3.12,3.95,NA,-0.3,2.65,0.61,NA,NA,1.35,NA
1918,6,59.4,84.32,0.07,-0.42,0.42,0.84,0.42,15.5,18.5,24.53,84,1.5,7.06,6.11,5.7,6.77,NA,-0.58,4.02,5.95,NA,NA,6.3,NA
1918,7,107.6,78.08,0.98,-0.37,0.65,1.06,0.58,17.3,20.3,25.36,84,-3,5.34,5.3,5.28,5.14,NA,0.17,8.16,5.77,NA,NA,8.21,NA
1918,8,101.7,76.81,-0.31,-0.39,0.68,1.17,0.77,22.1,25.1,25.78,174,1.2,6.76,6.4,5.35,3.05,NA,-0.68,5.15,9.5,NA,NA,2.74,NA
1918,9,79.9,76.9,-0.59,-0.36,0.99,1.42,1,28.3,31.3,26.7,135,0.8,7.28,7.83,7.87,9.38,NA,-1.05,6.56,8.11,NA,NA,14.22,NA
1918,10,85,75.33,0.61,-0.26,1.34,1.76,1.24,26.3,29.3,26.76,-32,2,6.43,4.75,5.35,7.88,NA,-0.79,4.1,3.82,NA,NA,6.02,NA
1918,11,83.4,75.92,0.34,-0.3,1.4,1.93,1.39,23,26,27.48,-79,0.3,2.56,2.77,1.05,1.17,NA,0.88,3.8,2.01,NA,NA,0.89,NA
1918,12,59.2,78.57,0.86,-0.22,1.44,1.8,1.44,28,31,27.34,-41,0.7,1.42,1.99,1.5,2.35,NA,-0.59,2.29,1.16,NA,NA,1.31,NA
1919,1,48.1,78.98,-1.07,-0.22,1.48,1.73,1.44,27.7,30.7,27.13,40,0,1.66,2.12,1.38,1.62,NA,-0.62,2.84,2.44,NA,NA,2.16,NA
1919,2,79.5,76.01,1.31,-0.06,1.42,1.56,1.39,26.4,29.4,27.18,-3,-2.7,3.74,4.5,2.95,2.82,NA,0.38,5.14,4.22,NA,NA,4.3,NA
1919,3,66.5,72.39,-0.5,-0.19,1.28,1.31,1.25,30.6,33.6,26.92,-87,-0.4,4.06,3.94,4.75,7.47,NA,-0.51,4.61,1.62,NA,NA,5.64,NA
1919,4,51.8,70.31,0.08,-0.05,1.06,1.16,1.02,21.2,24.2,26.96,77,1,1.48,1.01,1.75,3.3,NA,-0.46,1.89,0.87,NA,NA,2.15,NA
1919,5,88.1,67,0.17,-0.16,0.72,0.89,0.8,27.4,30.4,26.23,164,-0.7,6.1,4.89,6.92,7.91,NA,0.9,8.23,6.04,NA,NA,2.94,NA
1919,6,111.2,63.27,-0.71,-0.22,0.62,0.6,0.64,13.8,16.8,25.42,135,3.3,8.98,6.74,8.95,7.78,NA,-1.57,7.79,8.46,NA,NA,4.13,NA
1919,7,64.7,62.65,-0.47,-0.28,0.59,0.39,0.58,14.8,17.8,24.49,221,-1.2,7.62,10.97,6.43,5.37,NA,-0.44,5.76,18.71,NA,NA,9.43,NA
1919,8,69,63.09,0.38,-0.19,0.52,0.61,0.58,22.6,25.6,23.46,232,1,5.86,6.33,6.06,7.09,NA,0.06,8.58,6.5,NA,NA,5.33,NA
1919,9,54.7,62.38,0.06,-0.19,0.63,0.6,0.52,25.2,28.2,23.28,145,0.8,5.13,5.66,4.68,5.11,NA,-0.1,3.64,7.01,NA,NA,2.82,NA
1919,10,52.8,58.4,-0.42,-0.14,0.42,0.49,0.54,26.8,29.8,22.98,56,-1.2,1.98,1.24,1.82,2.94,NA,0.45,0.76,0.85,NA,NA,0.6,NA
1919,11,42,56.98,-0.8,-0.23,0.57,0.59,0.62,14.2,17.2,22.17,105,-1.6,2.95,2.97,3.03,3.32,NA,1.27,2.53,1.46,NA,NA,7.32,NA
1919,12,34.9,53.18,0.76,-0.29,0.86,0.95,0.77,18.3,21.3,22.04,13,2.3,1.68,2.27,1.19,1.41,NA,-0.03,4.37,1.51,NA,NA,2.14,NA
1920,1,51.1,46.74,-1.18,-0.46,0.87,1.11,0.88,16.6,19.6,21.97,73,2.3,1.79,1.72,1.58,1.92,NA,-1.05,1.71,1.73,NA,NA,7.38,NA
1920,2,53.9,43.24,0.06,-0.4,0.91,1.14,0.87,14,17,21.31,25,1,3.43,3.21,2.36,2.33,NA,-1.3,4.24,2.44,NA,NA,1.97,NA
1920,3,70.2,40.72,-0.78,-0.45,0.82,0.95,0.89,28.4,31.4,21.34,23,3.6,0.53,0.68,0.54,0.67,NA,-1.1,0.44,0.76,NA,NA,2.13,NA
1920,4,14.8,40.33,-1.29,-0.33,0.94,0.96,0.88,17.7,20.7,20.54,-23,-1.8,5.74,7.11,5.06,4.5,NA,-0.12,6.89,7.57,NA,NA,4.22,NA
1920,5,33.3,38.36,-0.97,-0.25,0.89,1.02,0.95,17.6,20.6,20.61,65,2.3,4.96,2.54,5.43,7.59,NA,-0.46,4.53,1.58,NA,NA,4.5,NA
1920,6,38.7,37.43,-1.3,-0.28,1.03,0.74,0.93,12.3,15.3,20.49,157,-0.3,6.31,6.45,5.21,4.16,NA,-0.2,7.74,7.4,NA,NA,2.83,NA
1920,7,27.5,37.17,-0.9,-0.27,0.87,0.28,0.83,13.9,16.9,20.08,165,3.1,8.58,9.21,10.36,6.77,NA,-2.33,7.73,13.65,NA,NA,5.91,NA
1920,8,19.2,35.42,-2.21,-0.3,0.59,0.16,0.59,14.7,17.7,19.78,171,-1,5.54,6.75,4.62,4.13,NA,-1.31,7.25,2.03,NA,NA,5.32,NA
1920,9,36.3,33.32,-1.28,-0.27,0.32,0.14,0.34,25.6,28.6,18.71,59,1.3,8.21,8.1,6.87,8.8,NA,-0.48,10.34,8.01,NA,NA,9.67,NA
1920,10,49.6,30.42,-1.06,-0.27,0.11,-0.11,0.08,17.2,20.2,18.66,199,-0.2,2.68,1.9,3.74,4.91,NA,0.04,0.17,2.36,NA,NA,4.14,NA
1920,11,27.2,30.98,-0.26,-0.43,-0.18,-0.14,-0.19,15,18,20.57,62,2.1,3.82,3.85,4.16,5.04,NA,-0.82,3.11,3.67,NA,NA,3.5,NA
1920,12,29.9,31.02,0.29,-0.3,-0.51,-0.06,-0.36,16.9,19.9,20.57,-50,-1.8,1.8,1.7,1.25,1.35,NA,0.07,1.96,2.25,NA,NA,0.78,NA
1921,1,31.5,31.26,-0.66,-0.29,-0.39,-0.19,-0.62,11.6,14.6,20.51,-11,1.6,0.48,0.76,0.52,0.68,NA,-1.56,0.78,0.65,NA,NA,0.43,NA
1921,2,28.3,30.9,-0.61,-0.27,-0.98,-0.57,-1.08,10.5,13.5,20.49,-63,0.3,1.93,2.73,1.92,2.22,NA,-0.85,2.09,2.65,NA,NA,1.99,NA
1921,3,26.7,30.79,-0.01,-0.32,-1.87,-1.29,-1.19,15.5,18.5,19.38,-68,3.1,1.64,1.36,2.32,3.53,NA,-1.82,0.93,0.22,NA,NA,1.56,NA
1921,4,32.4,29.4,-0.93,-0.26,-0.71,-0.56,-0.99,17.1,20.1,19.3,-26,-0.5,1.1,1.21,0.83,1.08,NA,-1.34,2.03,1.12,NA,NA,1.36,NA
1921,5,22.2,26.95,-0.42,-0.25,-0.37,-0.25,-0.43,40.5,43.5,19.39,63,2.8,6.48,6.68,5.7,5.17,NA,-1.18,8.23,5.66,NA,NA,6.26,NA
1921,6,33.7,26.42,0.4,-0.25,-0.21,-0.12,-0.22,12.3,15.3,19.46,17,-1,3.93,3.94,3.07,2.06,NA,-0.3,5.23,3.12,NA,NA,1.96,NA
1921,7,41.9,25.03,-0.58,-0.11,-0.08,-0.11,-0.05,13.2,16.2,19.98,-77,-1.2,7.51,8.38,6.23,5.06,NA,-0.18,7.88,6.84,NA,NA,6.9,NA
1921,8,22.8,24.64,-0.69,-0.24,0.14,-0.19,0.05,14.5,17.5,20.65,-79,0.8,4.51,4.2,4.68,4.08,NA,-1.41,4.03,5.46,NA,NA,1.63,NA
1921,9,17.8,26.67,-0.78,-0.22,0.09,-0.07,0.08,12.3,15.3,21.36,-78,-0.2,2.7,3.31,3.27,2.25,NA,-0.31,1.28,3.52,NA,NA,0.75,NA
1921,10,18.2,25.46,-0.23,-0.05,0.02,-0.09,-0.05,16.2,19.2,21.88,54,-1.2,11.96,8.84,13.53,19.37,NA,0.43,7.56,7.19,NA,NA,11.31,NA
1921,11,17.8,23.58,1.92,-0.26,-0.26,-0.17,-0.11,16.1,19.1,20.03,146,-0.6,2.12,2.23,2.46,2.14,NA,0.19,0.97,3.63,NA,NA,0.98,NA
1921,12,20.3,22.32,1.42,-0.12,-0.09,-0.34,-0.17,17.7,20.7,20.54,57,2.7,1.15,2.01,0.75,0.69,NA,0.05,2.8,0.92,NA,NA,1.02,NA
1922,1,11.8,20.57,1.05,-0.2,-0.17,-0.43,0.01,17.9,20.9,21.11,-37,0.6,1,1.68,1.56,2.65,NA,-0.92,0.73,2.17,NA,NA,2.18,NA
1922,2,26.4,17.85,-0.85,-0.24,0.28,0.22,0.14,18.5,21.5,21.62,-210,2.6,1.41,1.82,1.64,1.52,NA,-1.14,1.28,2.62,NA,NA,3.19,NA
1922,3,54.7,16.45,0.08,-0.34,0.3,0.35,0.2,24,27,22.23,-87,0.5,0.41,0.91,0.46,0.37,NA,-0.89,0.57,0.83,NA,NA,0.6,NA
1922,4,11,15.56,0.43,-0.41,0.01,0.21,0.19,23.4,26.4,22.54,-127,-0.1,0.66,0.33,0.99,1.56,NA,-0.7,0.31,0.14,NA,NA,0.65,NA
1922,5,8,14.73,-0.19,-0.32,0.25,0.18,0.11,18.2,21.2,22.28,114,1.4,7.29,5.98,7.79,7.62,NA,-0.84,7.98,8.56,NA,NA,2.54,NA
1922,6,5.8,14.71,-1.04,-0.33,0.08,-0.1,0.03,18.5,21.5,21.67,49,2.9,8.08,6.18,9.23,7.72,NA,-2.08,6.74,6.87,NA,NA,2.94,NA
1922,7,10.9,13.49,-0.82,-0.37,-0.25,-0.62,-0.3,20,23,21.02,176,2,8,8.46,7.67,6.85,NA,-3.3,5.39,6.67,NA,NA,4.34,NA
1922,8,6.5,12.7,-0.93,-0.31,-0.73,-1.32,-0.43,20.6,23.6,20.61,307,1.6,9.92,9.34,9.56,7.96,NA,-1.89,9.47,7.47,NA,NA,5.88,NA
1922,9,4.7,10.92,-0.81,-0.37,-0.3,-0.95,-0.47,19.6,22.6,19.61,1059,1.7,10.91,10.29,13.14,11.54,NA,-1.85,7.21,7.54,NA,NA,8.44,NA
1922,10,6.2,7.18,0.84,-0.28,-0.37,-0.64,-0.28,20,23,18.48,580,-3.7,10.98,9.69,13.72,16.05,NA,0.15,6.09,9.35,NA,NA,10.46,NA
1922,11,7.4,6.58,-0.6,-0.35,-0.17,-0.54,-0.29,13,16,17.8,72,-0.3,1.8,1.28,2.69,4.56,NA,0.67,0.69,1.52,NA,NA,2.1,NA
1922,12,17.5,6.67,0.48,-0.32,-0.31,-0.49,-0.35,10.3,13.3,17.18,67,0.8,0.91,1.43,1.15,1.64,NA,-0.35,1.32,1.37,NA,NA,0.67,NA
1923,1,4.5,6.49,0.75,-0.36,-0.56,-0.41,-0.45,10.1,13.1,16.2,-9,1.5,0.72,1.06,0.43,0.46,NA,-0.2,0.69,0.92,NA,NA,1.28,NA
1923,2,1.5,5.69,-0.04,-0.46,-0.47,-0.21,-0.36,13.6,16.6,15.08,77,0.8,0.8,0.9,0.67,0.74,NA,0.47,0.29,1.37,NA,NA,0.3,NA
1923,3,3.3,6.21,0.49,-0.4,-0.05,0.02,-0.1,12,15,14.34,-229,0,0.68,1.02,0.7,1.14,NA,-0.1,1.98,1.09,NA,NA,0.79,NA
1923,4,6.1,6.74,0.99,-0.43,0.21,0.33,0.18,9.9,12.9,13.72,-184,0.5,2.52,2.33,3.38,4.87,NA,-0.7,1.31,2.44,NA,NA,4.84,NA
1923,5,3.2,7.03,-0.2,-0.28,0.38,0.68,0.32,10,13,13.28,92,-0.8,10.26,8.86,8.61,7.02,NA,0.62,9.5,11.61,NA,NA,7.72,NA
1923,6,9.1,6.68,0.68,-0.31,0.38,0.76,0.35,11,14,13.22,233,0.8,9,8.67,9.84,9.22,NA,0.25,7.42,9.04,NA,NA,8.4,NA
1923,7,3.5,5.37,1.16,-0.32,0.3,0.57,0.54,8.3,11.3,13.5,191,2.4,7.31,7.04,7.08,6.13,NA,-0.17,7.14,7.63,NA,NA,5.39,NA
1923,8,0.5,5.42,0.84,-0.42,0.93,0.85,0.68,7.2,10.2,13.28,196,0.2,7.4,7.07,7.93,7.42,NA,-0.62,6.19,12.68,NA,NA,1.09,NA
1923,9,13.2,5.44,-0.24,-0.37,0.8,0.77,0.81,10.7,13.7,13.34,203,1.8,6.09,6.39,5.84,6.44,NA,-1.52,3.78,4.63,NA,NA,8.5,NA
1923,10,11.6,6.05,1.1,-0.26,0.69,0.58,0.77,12.5,15.5,13.12,-174,1.3,3.1,2.58,2.75,3.39,NA,-0.57,3.36,2.28,NA,NA,2.93,NA
1923,11,10,7.18,0.62,-0.21,0.81,0.95,0.8,7.8,10.8,13.13,-178,0.2,0.34,0.29,0.4,0.74,NA,-0.45,0.05,0.41,NA,NA,0.46,NA
1923,12,2.8,8.78,-0.36,-0.06,0.89,1.03,0.83,9.5,12.5,13.23,7,1.2,0.55,0.75,0.35,0.67,NA,0.24,1.41,0.44,NA,NA,1.12,NA
1924,1,0.5,10.25,1.29,-0.13,0.8,0.76,0.86,13.5,16.5,13.34,7,0.4,3.65,3.57,4.13,5.55,NA,-0.53,2.65,3.53,NA,NA,5.16,NA
1924,2,5.1,11.46,0.73,-0.2,0.89,0.69,0.76,10.9,13.9,13.31,21,-0.8,3.09,4.26,2.25,2.12,NA,-0.18,4.15,3.48,NA,NA,1.47,NA
1924,3,1.8,13.35,1.13,-0.1,0.61,0.67,0.58,12.8,15.8,13.46,-137,-3.5,3.46,5.49,2.31,2.03,NA,1.86,7.23,4.18,NA,NA,3.63,NA
1924,4,11.3,14.31,-0.02,-0.05,0.25,0.15,0.19,7.2,10.2,13.14,-102,-2.2,3.07,2.51,2.87,4.59,NA,1.2,2.99,1.32,NA,NA,2.22,NA
1924,5,20.8,15.15,0.36,0.05,-0.29,-0.5,-0.08,10.1,13.1,13.27,-207,-0.3,3.42,2.57,2.94,4.09,NA,0.45,3.83,1.71,NA,NA,4.42,NA
1924,6,24,15.65,0.75,-0.09,-0.2,-0.74,-0.24,12.3,15.3,13.13,21,-0.1,6.51,6.71,5.45,3.64,NA,0.41,7.93,7.47,NA,NA,0.69,NA
1924,7,28.1,15.85,-0.55,-0.12,-0.23,-0.77,-0.27,9.6,12.6,12.78,183,1.5,10.34,11.53,9.92,7.27,NA,0.04,9.04,12.17,NA,NA,7.38,NA
1924,8,19.3,17.6,-0.67,-0.13,-0.37,-0.85,-0.38,6.8,9.8,12.58,-96,1.8,5.07,5.36,4.92,4.19,NA,-0.3,4.37,7.94,NA,NA,1.41,NA
1924,9,25.1,18.59,-0.48,-0.2,-0.54,-0.84,-0.57,12.5,15.5,12.22,321,1.2,6.74,6.19,7.29,8.14,NA,-0.74,6.88,3.4,NA,NA,7.19,NA
1924,10,25.6,20.89,-1.25,-0.23,-0.79,-0.67,-0.85,8.7,11.7,12.51,954,0.7,14.84,11.41,15.59,20.22,NA,0.43,8.39,6.52,NA,NA,19.31,NA
1924,11,22.5,23.32,0.24,-0.31,-1.23,-0.8,-0.95,9.3,12.3,12.58,425,0.6,0.35,0.3,0.36,0.54,NA,-0.14,0.17,0.17,NA,NA,0.38,NA
1924,12,16.5,25.37,0.11,-0.28,-0.83,-0.69,-1.11,7.8,10.8,13.02,287,2.8,0.73,0.92,0.44,0.99,NA,-0.19,0.57,0.11,NA,NA,1.28,NA
1925,1,5.5,26.48,-0.05,-0.32,-1.27,-1.08,-1,9.3,12.3,13.19,278,1,4.05,4.37,3.76,5.96,NA,-0.08,4.4,3.17,NA,NA,4.99,NA
1925,2,23.2,27.24,-0.14,-0.31,-0.89,-0.45,-0.91,8.5,11.5,13.75,256,2,1.58,1.81,1.7,1.64,NA,-1.25,1.67,3.22,NA,NA,2.15,NA
1925,3,18,30.38,0.2,-0.24,-0.56,0.13,-0.54,8.5,11.5,14.2,98,-1.1,2.02,1.67,2.69,4.38,NA,-0.44,1.47,1.08,NA,NA,3.31,NA
1925,4,31.7,33.78,0.86,-0.18,-0.17,0.47,-0.34,10.7,13.7,15.28,116,2.1,2.03,1.48,2.68,3.19,NA,-0.51,0.45,0.45,NA,NA,1.75,NA
1925,5,42.8,36.32,0.79,-0.07,-0.29,0.32,-0.2,10.9,13.9,15.59,43,1.8,8.08,6.24,8.8,9.48,NA,-0.6,3.8,4.79,NA,NA,7.16,NA
1925,6,47.5,42.17,-1.08,-0.19,-0.13,0.57,-0.04,17.6,20.6,16.01,130,1.1,8.83,7.87,7.5,6.71,NA,-0.81,6.46,8.37,NA,NA,5.21,NA
1925,7,38.5,46.42,-0.06,-0.14,0.31,0.83,0.3,11.7,14.7,17.48,185,2.7,8.15,9.2,5.93,4.96,NA,-1.27,6.84,5.71,NA,NA,6.44,NA
1925,8,37.9,51.38,-0.86,-0.13,0.73,0.92,0.56,13.5,16.5,18.95,386,1.1,8.95,9.45,10.03,9.47,NA,-0.84,8.29,13.29,NA,NA,5.49,NA
1925,9,60.2,54.4,0.52,-0.12,0.63,0.9,0.69,17.9,20.9,20.53,52,-0.1,2.88,2.8,2.74,3.18,NA,-0.36,2.81,7.02,NA,NA,1.91,NA
1925,10,69.2,55.98,0.04,-0.08,0.69,0.82,0.86,21.6,24.6,21.9,116,-1.6,2.7,2.56,2.16,2.19,NA,0.86,1.74,2.63,NA,NA,1.79,NA
1925,11,58.6,58.48,0.88,-0.17,1.26,1.44,1.19,13.1,16.1,22.63,57,-1.6,3.19,3.99,2.49,5.21,NA,0.48,4.59,2.35,NA,NA,10.65,NA
1925,12,98.6,60.85,1.19,0.05,1.61,1.62,1.43,12.8,15.8,22.5,246,-4.3,4.84,5.08,4.49,5.49,NA,1.64,5.17,4.98,NA,NA,6.77,NA
1926,1,71.8,61.22,0.3,0.04,1.42,1.5,1.38,27,30,22.47,383,0.3,4.92,5.23,5.09,7.17,NA,0.94,5.17,2.98,NA,NA,7.48,NA
1926,2,69.9,62.99,0.98,0.11,1.12,1.12,1.22,26.1,29.1,22.43,182,0.4,1.16,1.26,0.72,0.87,NA,0.98,1.61,0.71,NA,NA,1.84,NA
1926,3,62.5,64.75,-0.5,0.05,1.11,1.22,1.03,27.5,30.5,22.83,32,0.2,2.03,3.88,1.32,1.13,NA,0.24,4.97,2.75,NA,NA,2.4,NA
1926,4,38.5,65.62,2.1,0.11,0.86,1.2,0.84,27.1,30.1,22.96,162,0.9,4.7,5.22,3.32,3.44,NA,-0.04,5.68,5.92,NA,NA,4.75,NA
1926,5,64.3,64.95,1.43,0.13,0.54,0.88,0.63,19.6,22.6,22.85,10,-1.4,2.83,3.14,3.31,3.35,NA,1.01,0.85,4.83,NA,NA,0.72,NA
1926,6,73.5,66.55,2.03,0.07,0.48,0.52,0.58,16.1,19.1,22.88,290,-1.8,8.63,9.39,11,9.92,NA,0.31,10.51,10.31,NA,NA,9.52,NA
1926,7,52.3,65.25,1.05,0.14,0.71,0.61,0.57,11.3,14.3,21.92,407,0.7,9.84,10.29,9.97,11.1,NA,0.47,0.27,9.3,NA,NA,12.74,NA
1926,8,61.6,66.88,1.64,0.06,0.53,0.33,0.44,13.1,16.1,21,334,0.8,8,8.37,10.86,11.72,NA,-0.26,8.62,9.14,NA,NA,7.74,NA
1926,9,60.8,66.85,1.18,0.04,0.08,-0.12,0.17,22.6,25.6,20.43,738,-1.1,9.52,9.2,11.75,14.01,NA,0,4,9.43,NA,NA,11.07,NA
1926,10,71.5,69.24,1.65,0.18,-0.12,-0.11,-0.02,23.2,26.2,19.46,420,-2.8,2.72,1.69,3.68,5.23,NA,1.1,1.03,1.32,NA,NA,1.88,NA
1926,11,60.5,72.36,1,0.03,-0.01,0.04,-0.12,11.8,14.8,19.22,238,2.1,2.32,2.57,1.72,2.33,NA,-0.52,3.34,2.55,NA,NA,0.71,NA
1926,12,79.4,71.96,1.06,0.09,-0.22,-0.01,-0.19,13.2,16.2,18.8,210,-0.9,0.29,0.48,0.24,0.54,NA,0.66,0.38,0.2,NA,NA,1.03,NA
1927,1,81.6,70.53,1.07,0.08,-0.35,-0.06,-0.16,15.4,18.4,19.23,-36,1.9,0.36,0.21,0.44,0.82,NA,-0.05,0.12,0.1,NA,0.11,0.65,NA
1927,2,93,70.65,1.73,0.08,0.1,0.5,-0.16,15.1,18.1,19.68,50,0.3,2.3,2.61,2.25,3.28,NA,0.58,2.5,2.11,NA,2.09,0.78,NA
1927,3,69.6,71.17,0.15,0.04,-0.24,0.15,-0.13,20.6,23.6,19.53,-210,1.9,2.08,2.28,1.65,1.42,NA,0.29,3.09,2.05,NA,1.7,1.56,NA
1927,4,93.5,71.35,-0.18,0.07,-0.24,-0.09,-0.23,15.5,18.5,19.64,-201,0.9,1.98,1.41,2.23,3.84,NA,0.52,0.84,1.05,NA,2.02,1.21,NA
1927,5,79.1,71.02,0.3,0.19,-0.22,0.17,-0.13,16.7,19.7,19.32,62,-2.3,1.47,0.87,1.54,1.39,NA,0.9,1.46,0.4,NA,1.94,0.92,NA
1927,6,59.1,69.84,0.69,0.16,0.06,0.13,-0.09,11.1,14.1,19.53,14,-0.2,6.38,6.41,5.89,4.48,NA,0.22,3.82,8.32,NA,10.79,2,NA
1927,7,54.9,70.15,-0.31,0.16,-0.11,-0.3,0.03,16.5,19.5,19.08,-83,-0.3,7.3,7.36,7.33,5.44,NA,-0.43,7.2,6.42,NA,5.79,4.93,NA
1927,8,53.8,69.53,-0.73,0.16,0.12,-0.15,0.07,18.4,21.4,18.94,0,0.2,7.02,7.61,6.58,5.52,NA,0.08,8.47,6.27,NA,8.61,5.13,NA
1927,9,68.4,68.95,-0.41,0.11,0.2,0.17,0.23,20.8,23.8,18.16,83,0,5.83,4.46,6.43,8.13,NA,0.29,3.3,5.37,NA,6.99,11.81,NA
1927,10,63.1,69.8,-0.62,0.18,0.36,0.38,0.27,24.6,27.6,17.93,0,-3.2,4.76,3.24,4.99,7.74,NA,1.02,2.37,3.13,NA,4.12,10.27,NA
1927,11,67.2,68.53,-0.07,0.14,0.25,0.34,0.27,7.9,10.9,18.5,-166,0.5,0.77,0.7,0.87,1.54,NA,-0.34,0.8,0.46,NA,0.38,1.95,NA
1927,12,45.2,69.48,0.07,-0.02,0.19,0.18,0.2,15.7,18.7,19.26,41,-3.5,0.85,1.41,0.64,0.84,NA,1.2,1.15,1.79,NA,0.39,0.56,NA
1928,1,83.5,72.47,0.96,-0.04,0.16,-0.02,0.14,10.1,13.1,20.19,-81,3,0.37,0.56,0.47,0.76,NA,-0.32,0.8,0.2,NA,0.42,1.04,NA
1928,2,73.5,74.69,0.79,-0.09,0.09,-0.05,-0.02,13.4,16.4,19.98,-38,1.7,1.21,1.48,1.78,1.95,NA,-0.73,1.23,1.04,NA,2.31,1.27,NA
1928,3,85.5,77.45,0.52,-0.09,-0.3,-0.01,-0.02,11.2,14.2,19.87,-154,-1,2.69,3.35,2.22,2.81,NA,0.26,3.62,3.21,NA,2.46,3.56,NA
1928,4,80.6,76.92,0.81,-0.1,0.15,0.16,0.07,12.8,15.8,19.76,-114,0.8,3.32,4.16,1.85,1.62,NA,0.01,8.75,3.61,NA,1.52,0.25,NA
1928,5,77,75.93,0.66,0.02,0.37,0.42,0.25,23.5,26.5,20.61,0,-3.1,3.97,3.33,3.93,4.89,NA,1.41,3.45,3,NA,4.19,3.88,NA
1928,6,91.4,75.3,0.15,0.07,0.23,0,0.33,20.2,23.2,20.59,78,-2.9,8.11,7.22,7.88,6.2,NA,1.69,6.12,6.86,NA,8.12,3.98,NA
1928,7,98,77.12,0.3,0.09,0.39,0.03,0.29,27.7,30.7,20.83,601,0.8,8.32,9.91,8.33,5.66,NA,0.48,6.26,13.5,NA,5.43,2.84,NA
1928,8,83.8,75.53,-0.72,0.1,0.25,0.04,0.3,15.8,18.8,21.7,1190,-1.5,12.12,12.46,12.38,11.74,NA,0.3,9.45,9.09,NA,11.82,14.57,NA
1928,9,89.7,73.74,-1.41,0.09,0.26,0.07,0.16,19.5,22.5,22.94,930,-1,12.77,13.19,13.25,14.39,NA,0,8.32,12.54,NA,14.6,4.72,NA
1928,10,61.4,71.22,-1.31,0.04,-0.02,-0.18,0.05,23.3,26.3,23.03,284,2,3.02,2.26,2.98,3.82,NA,0.03,0.66,1.68,NA,0.47,3.5,NA
1928,11,50.3,69.5,0.14,-0.05,-0.1,-0.24,-0.08,18.1,21.1,22.42,170,1.7,0.52,0.45,0.79,1.36,NA,-0.03,0.08,0.54,NA,0.97,1.7,NA
1928,12,59,69.11,0.98,-0.09,-0.12,-0.19,-0.13,15.5,18.5,21.96,41,0.6,0.6,0.55,0.79,1.16,NA,-0.34,0.62,0.18,NA,0.31,0.35,NA
1929,1,68.9,67.48,0.97,-0.09,-0.16,-0.28,-0.08,12.9,15.9,21.19,18,-4.1,1.49,1.89,1.07,1.23,NA,1.23,1.81,1.43,NA,0.82,1.89,NA
1929,2,62.8,65,0.52,-0.1,0.05,0.09,-0.06,23.9,26.9,21.19,-41,-0.3,0.65,1.14,0.48,0.74,NA,0.75,0.64,0,NA,0.14,0.59,NA
1929,3,50.2,61.2,0.5,-0.09,-0.07,0.08,0.04,26.1,29.1,21.35,94,-1.4,1.37,1.39,1.47,2.49,NA,1.35,0.97,1.34,NA,0.52,2.32,NA
1929,4,52.8,58.45,0.55,-0.01,0.15,0.35,0.04,13.8,16.8,21.53,-69,-3,2.15,2.21,1.68,2.4,NA,0.97,1.58,2.48,NA,1.55,1.46,NA
1929,5,58.2,59.97,1.07,-0.11,0.04,0.36,0.16,16.2,19.2,21.9,-60,2.3,5.44,5.03,5.26,5.42,NA,-1.23,5.31,4.83,NA,2.73,11.09,NA
1929,6,71.9,64.41,0.5,-0.19,0.29,0.41,0.24,14.7,17.7,22.35,52,-0.7,9.13,8.78,9.04,8.07,NA,-0.36,9.65,8.69,NA,9.35,6.85,NA
1929,7,70.2,64.89,-0.06,-0.18,0.39,0.3,0.38,18.5,21.5,23.01,172,-0.1,7.9,8.82,7.7,7.72,NA,-0.46,8.49,8.17,NA,8.44,5.45,NA
1929,8,65.8,63.43,-0.69,-0.15,0.47,0.45,0.47,15.8,18.8,23.33,91,0.3,6.67,7.19,5.91,4.71,NA,0.19,4.39,8.78,NA,4.93,3.04,NA
1929,9,34.4,61.29,0.45,-0.06,0.53,0.56,0.51,21.4,24.4,23.73,717,1.3,13.58,13.08,13.93,13.43,NA,-0.27,8.94,12.58,NA,13.45,6.97,NA
1929,10,54,60.37,-0.21,-0.05,0.54,0.53,0.61,25.4,28.4,25.75,634,1.9,5.42,3.68,6.35,11.3,NA,-0.42,2.88,2.4,NA,1.71,8.76,NA
1929,11,81.1,59.14,1.24,-0.11,0.77,0.78,0.72,22.6,25.6,27.43,166,1.9,1.43,1.08,1.66,3.1,NA,-0.28,1.14,0.56,NA,1.27,1.6,NA
1929,12,108,56.88,-0.03,-0.18,0.85,0.54,0.72,20.9,23.9,28.97,94,2.6,1.56,1.79,1.6,2.74,NA,-1.01,1.69,2.29,NA,1.39,2.51,NA
1930,1,65.3,53.03,0.97,-0.12,0.55,0.15,0.6,20.8,23.8,29.78,97,1.4,2.08,2.68,1.97,2.75,NA,-1.99,1.05,3.28,NA,0.49,1.78,NA
1930,2,49.9,49.55,-1.06,-0.17,0.41,0,0.48,27.8,30.8,31.23,174,-0.2,3.24,4.03,2.65,2.77,NA,-1.27,3.13,3.62,NA,3.23,5.28,NA
1930,3,35,46.95,-0.43,-0.09,0.47,0.19,0.52,30.8,33.8,31.83,63,-1.1,5.75,7.07,5.33,5.77,NA,-0.12,12.26,6.94,NA,4.76,5.43,NA
1930,4,38.2,46.95,-0.7,-0.21,0.66,0.69,0.49,38.1,41.1,32.15,145,-0.3,5.03,4.67,5.19,5.8,NA,-0.22,3.52,4.34,NA,4.12,7.72,NA
1930,5,36.8,45.54,0.06,-0.11,0.33,0.38,0.49,36.3,39.3,31.83,310,2.5,7.3,6.97,6.04,4.97,NA,-0.28,5.02,8.73,NA,11.33,7.41,NA
1930,6,28.8,41.28,0.58,-0.08,0.49,0.44,0.61,33.2,36.2,31.51,1944,2.8,12.74,10.55,14.84,18.04,NA,-0.48,10.95,3.87,NA,17.85,11.88,NA
1930,7,21.9,34.1,-0.45,0.06,1,1.2,0.81,28.2,31.2,30.85,651,-0.5,4.27,3.99,5.41,4.02,NA,0.04,2.92,3.43,NA,4.72,2.78,NA
1930,8,24.9,32.39,-0.53,0.07,0.94,1.2,1.06,33.2,36.2,29.81,273,0,5.88,4.64,5.47,4.09,NA,-0.48,4.72,6.38,NA,11.61,3.84,NA
1930,9,32.1,30.86,-0.2,0.29,1.25,1.3,1.17,28.7,31.7,28.31,538,-2.8,9.4,10.29,8.08,5.55,NA,0.65,5.55,15.4,NA,11.26,7.34,NA
1930,10,34.4,30.57,-0.38,0.21,1.31,1.55,1.49,29.2,32.2,25.96,432,0.6,3.97,2.33,4.59,6.44,NA,0.01,2.13,1.96,NA,6.33,4.78,NA
1930,11,35.6,29.52,-0.31,0.16,1.91,2.14,1.62,18.7,21.7,23.93,75,1,0.99,1.14,0.72,1.68,NA,0.14,1.76,1.25,NA,0.45,2.9,NA
1930,12,25.8,27.87,1.2,0.15,1.62,1.92,1.71,17.1,20.1,22.38,212,2.1,3.16,4.41,2.19,2.44,NA,0.04,4.2,2.97,NA,2.33,3.49,NA
1931,1,14.6,26.99,0.08,0.12,1.58,1.94,1.54,12.9,15.9,21.11,190,-0.1,3.37,3.37,3.8,3.79,NA,0.36,2.72,3.92,NA,2.58,3.27,NA
1931,2,43.1,26.31,1.56,0.07,1.4,1.57,1.38,15.3,18.3,19.81,117,1.8,1.69,1.79,2.01,1.99,NA,-0.08,1.04,2.42,NA,0.76,0.79,NA
1931,3,30,25.85,1.13,0.15,1.17,1.21,1.24,12.8,15.8,19.18,316,-3.4,5,5.54,5.12,5.29,NA,1.34,4.51,4.91,NA,5.9,3.76,NA
1931,4,31.2,24.15,1.28,0.15,1.15,1.13,1.08,9.9,12.9,19.01,239,1.1,5.98,5.82,5.53,8.08,NA,0.32,4.47,6.12,NA,3.44,11.16,NA
1931,5,24.6,22.95,1.66,0.23,0.91,0.72,0.93,11.9,14.9,19.42,29,-0.7,3.42,3.52,3.04,2.74,NA,0.7,2.42,4.45,NA,1.59,1.8,NA
1931,6,15.3,21.58,0.39,0.27,0.72,0.24,0.69,14.6,17.6,19.74,-195,-1.9,2.58,2.38,2.22,1.61,NA,0.86,2.52,2.89,NA,1.2,1.17,NA
1931,7,17.4,20.52,1.49,0.2,0.44,0.01,0.45,13,16,20.34,-89,2.1,5.22,6.64,4.83,3.66,NA,0.34,6.27,7.46,NA,2.68,6.39,NA
1931,8,13,20.22,0.02,0.16,0.19,-0.31,0.08,17.6,20.6,20.84,110,-1.9,5.94,5.66,5.22,4.04,NA,0.36,6.78,6.37,NA,10.34,4.12,NA
1931,9,19,17.76,-0.01,0.27,-0.4,-0.6,-0.31,21.1,24.1,22.09,331,-1.4,7.61,6.42,7.61,10.18,NA,1.47,3.41,8.22,NA,5.06,6.89,NA
1931,10,10,16.32,-0.17,0.32,-0.71,-0.67,-0.48,27.2,30.2,23.61,61,-0.9,3.75,2.45,3.66,7.6,NA,1.2,1.5,2.97,NA,1.94,6.37,NA
1931,11,18.7,15.29,0.34,0.06,-0.34,-0.6,-0.5,23.6,26.6,24.46,-110,2.4,0.61,0.21,0.59,1.26,NA,0.78,0.26,0.14,NA,0.08,1.48,NA
1931,12,17.8,15.11,1.09,0.18,-0.44,-0.43,-0.47,21,24,24.22,-38,0,1.58,1.64,1.07,0.84,NA,0.62,3.35,1.35,NA,0.35,1.37,NA
1932,1,12.1,14.67,-0.26,0.18,-0.62,-0.22,-0.48,20.1,23.1,24.17,0,1.1,1.39,1.2,1.65,2.53,NA,0.46,1.35,0.62,NA,0.85,1.45,NA
1932,2,10.6,13.85,-0.58,0.23,-0.36,0.04,-0.23,21.3,24.3,24.28,-20,-3.5,0.87,0.52,0.93,1.45,NA,1.61,0.26,0.09,NA,1.47,1.44,NA
1932,3,11.2,13.16,0.51,0.25,0.28,0.44,0.05,27.8,30.8,24.11,-70,-1.3,2.21,3.03,2.25,2.69,NA,1.71,2.98,2.77,NA,3.38,3.04,NA
1932,4,11.2,12.38,1.15,0.22,0.22,0.5,0.26,28.1,31.1,23.27,-129,0.7,1.71,1.3,2.04,1.92,NA,0.65,0.34,2.31,NA,3.69,1.74,NA
1932,5,17.9,12.25,0.64,0.16,0.26,0.7,0.23,22.1,25.1,22.44,-11,-1.5,7.91,6.04,8.82,9.54,NA,0.93,8.56,7.92,NA,6.21,4.16,NA
1932,6,22.2,11.65,0.1,0.25,0.21,0.59,0.16,11.7,14.7,21.96,282,-1.3,8.88,8.78,8.86,11.91,NA,1.06,8.55,8.35,NA,5.29,12.9,NA
1932,7,9.6,11.23,-0.12,0.28,0.02,0.21,0.09,12.4,15.4,21.6,-51,1.8,3.27,3.6,4.32,3.35,NA,0.95,4.95,4.33,NA,4.41,1.48,NA
1932,8,6.8,12.01,-0.14,0.39,0.04,-0.09,0.04,19,22,21.35,465,1.6,11.9,8.53,12.03,9.76,NA,1.62,9.14,7.33,NA,14.36,6.41,NA
1932,9,4,11.97,-0.4,0.34,0.05,0.03,0.02,19,22,20.63,198,0.3,5.56,5.64,6.4,5.9,NA,1.58,2.4,6.15,NA,6.63,5.44,NA
1932,10,8.9,11.33,-0.29,0.24,-0.02,0.01,0.01,17.1,20.1,20.03,-50,1.8,4.74,3.49,5.29,6.07,NA,0.74,0.8,4.87,NA,3.39,4.05,NA
1932,11,8.2,10.72,-0.88,0.14,0.02,0.08,-0.09,13.7,16.7,19.64,267,0.5,4.07,3.27,3.39,5.86,NA,0.39,7.57,2.08,NA,2.68,6.86,NA
1932,12,11,9.74,0.02,0.1,-0.26,-0.12,-0.25,15.2,18.2,19.79,-80,0.1,0.21,0.26,0.35,0.65,NA,0.73,0.03,0.59,NA,0.03,0.94,NA
1933,1,12.3,8.25,0.29,0.09,-0.5,-0.27,-0.35,15.8,18.8,19.78,-25,1.5,1.1,1.66,1.07,1.53,NA,0.16,1.62,2.13,NA,0.91,1.98,NA
1933,2,22.2,7.52,0.02,0.16,-0.3,0.15,-0.37,18.3,21.3,19.37,-150,-2.1,1.47,2.42,0.84,0.4,NA,1.17,3.62,2.04,NA,1.82,1.18,NA
1933,3,10.1,7.39,0.15,0.09,-0.32,0.19,-0.31,19.1,22.1,19.31,60,0.7,3.05,3.17,3.9,4.19,NA,0.89,3.54,2.4,NA,3.53,4.23,NA
1933,4,2.9,7.32,-0.05,0.22,-0.3,0.19,-0.38,21,24,19.28,114,-1.9,6.48,6.12,6.2,7.03,NA,1.47,3.99,6.05,NA,6.68,9.86,NA
1933,5,3.2,6.68,-0.5,0.3,-0.52,-0.29,-0.53,17.4,20.4,19.46,-62,0.3,3.12,3.02,4.89,4.99,NA,1.08,4.74,3.41,NA,2.94,1.65,NA
1933,6,5.2,6.07,-0.68,0.25,-0.76,-0.52,-0.62,13.5,16.5,19.27,80,2.2,5.88,6.88,5.67,5.02,NA,0.7,8.07,4.74,NA,4.93,5.45,NA
1933,7,2.8,5.48,-1.81,0.28,-0.56,-0.56,-0.77,12.2,15.2,18.9,88,2.3,11.5,11.15,8.88,7.89,NA,0.46,12.43,13.85,NA,9.2,2.98,NA
1933,8,0.2,5.14,-1.56,0.29,-0.99,-0.88,-0.81,14.1,17.1,18.61,391,1.8,6.69,5.86,8.21,11,NA,0.17,6.72,6.29,NA,4.35,8.87,NA
1933,9,5.1,3.76,-2.28,0.25,-0.89,-0.84,-1.03,18.3,21.3,18.68,833,-0.4,8.63,10.72,5.98,6.6,NA,0.82,14.06,11.82,NA,4.56,6.36,NA
1933,10,3,3.85,-1.19,0.34,-1.19,-0.9,-1.1,16.7,19.7,17.86,565,-2.1,6.81,4.6,7.43,13.82,NA,1.34,2.78,2.3,NA,3.86,12.97,NA
1933,11,0.6,5.15,0.55,0.08,-1.21,-1.06,-1.23,15.9,18.9,17.36,195,0.3,1.96,1.93,2.09,3.89,NA,1.48,1.96,2.56,NA,1.43,3.62,NA
1933,12,0.3,5.42,-1.1,0.01,-1.3,-0.89,-1.14,12.9,15.9,17.06,21,-0.6,0.2,0.22,0.25,0.59,NA,1.02,0.41,0.15,NA,0.33,0.75,NA
1934,1,3.4,5.73,0.17,-0.11,-0.9,-0.47,-1.08,11.4,14.4,16.89,25,1.7,1.1,1.31,1.01,1.09,NA,0.33,1.31,1.58,NA,1.5,1.49,NA
1934,2,7.8,6.15,0.68,-0.19,-1.05,-0.43,-0.94,14.8,17.8,17.16,52,0.6,3.26,3.55,2.65,2.9,NA,-0.44,3.4,2.71,NA,3.46,5.54,NA
1934,3,4.3,6.45,1.34,-0.21,-0.88,-0.51,-0.76,19.9,22.9,17.1,145,2.2,3.07,2.75,1.99,2.4,NA,-0.31,4.87,3.27,NA,2.06,2.12,NA
1934,4,11.3,6.49,1.63,-0.09,-0.35,0.19,-0.43,11.2,14.2,16.67,-4,-2,4,4.61,2.82,4.85,NA,0.24,5.78,3.34,NA,2.25,5.44,NA
1934,5,19.7,6.93,1.23,-0.11,-0.05,0.15,-0.16,11.4,14.4,16.13,96,2.8,9.83,6.32,10.45,11.47,NA,-0.61,8.59,8.08,NA,8.98,5.72,NA
1934,6,6.7,8.07,0.51,0.04,-0.07,0.32,-0.11,9.9,12.9,16.33,415,-2,9.96,12.84,7.66,7.83,NA,1.28,15.77,10.05,NA,3.6,4.97,NA
1934,7,9.3,9.48,0.44,0.18,-0.21,0.12,-0.1,10.2,13.2,16.68,628,0.4,6.37,7.18,7.09,6.25,NA,1.12,7.3,6.08,NA,5.68,2.89,NA
1934,8,8.3,10.79,1.54,0.08,-0.02,0.21,-0.17,17.3,20.3,16.82,545,2.4,6.02,4.69,5.76,4.85,NA,-0.34,3.85,5.23,NA,6.15,4,NA
1934,9,4,11.97,1.25,0.15,-0.28,0.12,-0.24,17.6,20.6,16.63,498,2.1,7.5,6.48,8.42,8.45,NA,-0.9,4.18,3.17,NA,5.92,3.68,NA
1934,10,5.7,12.58,2.1,0.18,-0.42,-0.13,-0.24,11.5,14.5,16.83,202,0.9,2.94,3.07,3.36,3.93,NA,-0.24,2.72,0.11,NA,3.45,3.09,NA
1934,11,8.7,13.81,1.63,0.02,-0.02,0.09,-0.08,9.4,12.4,16.83,58,-0.5,0.81,0.69,0.71,1.29,NA,0.89,0.41,0.67,NA,1.62,1.06,NA
1934,12,15.4,15.81,1.67,0,0.19,-0.21,-0.02,15.4,18.4,17.37,-10,-1.1,0.63,0.7,0.5,1.03,NA,1.67,0.64,0.75,NA,0.24,1.32,NA
1935,1,18.6,17.9,1.01,0.05,-0.25,-0.51,-0.03,15.6,18.6,17.55,-24,-0.1,0.51,0.54,0.42,0.73,NA,0.97,1.4,0.49,NA,1.83,0.22,NA
1935,2,20.5,19.5,0.79,-0.13,-0.04,-0.57,-0.27,16.4,19.4,16.93,-30,2.2,1.55,1.54,1.12,1.17,NA,0.33,2.57,1.5,NA,0.92,1.61,NA
1935,3,23.1,22.1,-0.11,-0.15,-0.5,-0.37,-0.38,17.7,20.7,17.18,-150,0.2,0.29,0.55,0.22,0.48,NA,0.78,1.42,1.48,NA,0.01,0.27,NA
1935,4,12.2,25.88,1.1,0.06,-0.6,-0.24,-0.56,13.5,16.5,17.9,144,-2,4.87,4.55,4.72,6.36,NA,1.64,2.87,6.03,NA,4.07,5.31,NA
1935,5,27.3,30.38,0.99,0.15,-0.57,-0.22,-0.44,11.5,14.5,18.41,-102,-1.8,2.81,3.31,3.04,3.5,NA,1.55,2.96,2.72,NA,2.66,3.44,NA
1935,6,45.7,34.45,1.39,0.11,-0.15,-0.1,-0.36,16.3,19.3,18.59,99,0.8,7.41,7.25,7.11,8.97,NA,0.1,4.04,6.76,NA,6.29,9.15,NA
1935,7,33.9,38.09,0.68,0.07,-0.36,-0.18,-0.08,12.4,15.4,18.74,1,3.8,7.48,7.84,7.23,6,NA,-0.52,7.69,5.47,NA,6.1,4,NA
1935,8,30.1,42.38,0.63,0.01,0.26,0.35,0.02,9.8,12.8,19.02,92,2,6.68,7.07,6.16,4.24,NA,0.38,4.2,9.82,NA,6.94,3.57,NA
1935,9,42.1,46.73,0.98,-0.03,0.16,0.28,0.27,20.7,23.7,18.83,529,0.4,12.3,11.52,12.88,12.15,NA,0.4,10.05,11.35,NA,11.44,6.53,NA
1935,10,53.2,50.72,0.21,-0.01,0.37,0.29,0.18,20.1,23.1,19.53,332,3.6,4.68,3.82,3.98,8.32,NA,-1.03,1.16,2.99,NA,1.15,10.63,NA
1935,11,64.2,53.98,0.13,0.02,0.02,0.18,0.06,15.5,18.5,20.03,-20,1.7,1.27,0.93,1.49,2.33,NA,-0.3,0.78,1.05,NA,1.11,0.77,NA
1935,12,61.5,57.26,1.78,0.11,-0.21,0.05,0.09,17.6,20.6,20.31,36,-1.7,1.82,2.86,1.4,1.22,NA,0.89,3.32,2.39,NA,1.19,0.99,NA
1936,1,62.8,57.77,1.79,0.14,0.45,0.31,0.18,17.4,20.4,20.77,50,-3,2.73,4.07,2.41,2.73,NA,1.65,2.31,4.83,NA,1.9,1.85,NA
1936,2,74.3,61.85,1.75,0.15,0.3,0.3,0.27,19.7,22.7,20.79,281,-2.6,5.89,8.11,4.84,4.08,NA,1.89,6.77,8.35,NA,5.34,5.18,NA
1936,3,77.1,65.38,1.36,0.2,0.06,0.03,0.19,15.4,18.4,19.88,137,-0.9,3.52,3.65,2.81,3.75,NA,1.48,4.17,4.66,NA,2.41,3.82,NA
1936,4,74.9,68.99,1.32,0.2,0.23,0.22,0.17,22,25,19.48,-10,-0.9,1.58,1.72,1.67,2.2,NA,0.78,1.44,1.67,NA,1.11,2.41,NA
1936,5,54.6,73.78,1.83,0.17,0.23,0.14,0.1,17.4,20.4,19.68,48,0.9,5.29,3.81,6.25,6.19,NA,0.33,6.67,3.41,NA,3.75,5.73,NA
1936,6,70,78.33,2.37,0.2,-0.15,-0.26,0.03,19.7,22.7,19.2,758,0.5,15.15,8.92,17.52,16.4,NA,0.94,7.51,10.7,NA,18.17,9.49,NA
1936,7,52.3,83.79,2.57,0.2,0.01,-0.15,-0.05,17.9,20.9,18.76,133,1.1,6.6,6.14,6.77,6.17,NA,0.88,4.23,7.81,NA,5.01,4.7,NA
1936,8,87,88.85,1.71,0.22,-0.01,-0.08,0.05,10.1,13.1,18.97,156,2.1,6.44,6.04,6.79,7.86,NA,0.58,4.87,7.35,NA,5.91,3.46,NA
1936,9,76,89.58,0.04,0.18,0.14,0.01,0.17,9.7,12.7,19.23,362,-2.3,6.26,6.92,6.5,6.81,NA,1.42,2.93,8.49,NA,5.2,8.24,NA
1936,10,89,92.06,2.1,0.11,0.39,0.4,0.25,15.3,18.3,19.58,74,2.4,4.42,4.82,4.19,5.62,NA,0.6,3.44,3.87,NA,3.1,7.62,NA
1936,11,115.4,95.28,2.65,0.02,0.23,0.21,0.28,17.9,20.9,19.67,108,1.9,2.41,2.01,2.59,4.14,NA,-0.43,1.28,1.07,NA,1.26,4.67,NA
1936,12,123.4,101.1,1.28,0.05,0.24,0.13,0.04,11.9,14.9,19.59,25,1.3,1.58,2.05,1.44,2.36,NA,-0.17,1.11,2.14,NA,1.37,4.49,NA
1937,1,132.5,106.88,0,0.06,-0.34,0.12,-0.01,12.1,15.1,19.66,120,0.6,1.41,1.04,1.46,1.48,NA,0.08,0.51,2.63,NA,1.2,1.63,NA
1937,2,128.5,113.45,-0.49,0.09,0.06,0.16,-0.04,22.2,25.2,20.04,23,0.1,3.12,5.87,2.5,2.39,NA,0.94,4.84,5.13,NA,1.55,3.13,NA
1937,3,83.9,114.5,0.38,0.1,0.16,0.23,0.12,18.5,21.5,20.45,164,-2,4.52,3.99,4.37,5.29,NA,0.73,4.39,3.31,NA,4.49,7.26,NA
1937,4,109.3,118.26,0.2,0.07,0.12,0.46,0.03,26.2,29.2,21.48,126,1,3.86,4.25,3.22,4.81,NA,0.34,3.47,2.03,NA,3.13,6.77,NA
1937,5,116.7,117.14,0.53,0.14,-0.2,-0.18,-0.1,18.5,21.5,21.6,-48,1.7,4.15,3.38,3.97,5.09,NA,0.07,2.18,0.88,NA,2.17,6.21,NA
1937,6,130.3,115.09,1.75,0.45,-0.23,-0.35,-0.14,18.8,21.8,21.98,108,-0.6,7.47,6.14,7.7,7.12,NA,0.65,4.14,6.35,NA,8.93,3.9,NA
1937,7,145.1,113.17,0.11,0.62,0.01,-0.29,-0.16,18.7,21.7,24.84,262,-0.1,7.22,7.97,7.39,4.67,NA,1.48,8.22,6.14,NA,7.4,3.66,NA
1937,8,137.7,112.15,-0.35,0.6,-0.26,-0.41,-0.04,14.7,17.7,25.15,-14,1.3,7.21,7.42,7.28,6.33,NA,0.37,11.17,5.14,NA,6.44,3.82,NA
1937,9,100.7,108.92,0.63,0.51,0.12,0.02,-0.11,14.6,17.6,25.31,234,1.4,6.58,5.25,6.99,9.91,NA,-0.09,3.49,4.8,NA,4.64,8.64,NA
1937,10,124.9,110.23,0.76,0.3,-0.2,-0.22,-0.03,27.7,30.7,25.29,351,-0.6,6.34,6.07,6.15,8.96,NA,0.13,7.85,4.18,NA,4.49,15.83,NA
1937,11,74.4,111.62,-0.18,0.26,0,-0.26,-0.15,19.3,22.3,25.73,313,-3.1,3.98,4.41,2.31,3.02,NA,1.51,3.73,5.75,NA,3.01,6.4,NA
1937,12,88.8,110.15,0.55,0.36,-0.25,-0.39,-0.24,16.4,19.4,25.38,145,-1.1,0.62,1.03,0.53,0.71,NA,1.15,0.77,0.59,NA,0.4,1,NA
1938,1,98.4,112.84,0.5,0.22,-0.46,-0.49,-0.38,46.5,49.5,25.46,-31,2.2,1.31,1.71,1.26,1.66,NA,0.56,0.7,0.77,0.83,0.9,0.75,NA
1938,2,119.2,110.58,0.02,0.16,-0.44,-0.47,-0.42,25.9,28.9,25.88,-28,-0.8,0.89,1.07,0.84,1.32,NA,0.17,1.09,1.11,0.9,0.6,1.22,NA
1938,3,86.5,106.88,0.24,0.2,-0.37,-0.41,-0.39,20.4,23.4,26.73,-40,2.4,1.09,1.28,0.86,0.87,NA,0.02,2.05,1.09,1.55,0.67,0.43,NA
1938,4,101,106.75,0.27,0.24,-0.37,-0.32,-0.4,26,29,26.42,-146,-1.9,0.46,0.57,0.36,0.36,NA,1,0.3,1.67,0.23,0.41,0.23,NA
1938,5,127.4,106.55,-0.25,0.21,-0.48,-0.47,-0.5,23.7,26.7,26.28,-45,1.1,4.17,3.51,4.67,4.43,NA,0.55,6.17,2.91,1.66,3.79,2.56,NA
1938,6,97.5,107.95,-0.2,0.17,-0.67,-0.83,-0.79,14.7,17.7,26.53,51,1.3,7.2,6.39,6.56,6.26,NA,-0.3,3.89,5.6,4.83,7.74,6.74,NA
1938,7,165.3,107.3,-0.21,0.21,-1.23,-1.14,-0.9,19.6,22.6,23.78,177,2.2,9.7,9.03,10.38,6.6,NA,-0.82,8.63,10.45,6.19,11.16,4.85,NA
1938,8,115.7,105.68,-0.45,0.3,-0.8,-0.89,-0.88,19.8,22.8,23.42,-52,1.3,2.97,3.3,3.08,1.57,NA,0.18,3.46,2.55,0.75,4.41,1.57,NA
1938,9,89.6,101.48,-0.01,0.31,-0.61,-0.72,-0.73,24.7,27.7,23.96,211,1.6,6.34,6.41,5.43,5.71,NA,0.11,2.38,3.5,5.86,3.84,7.49,NA
1938,10,99.1,103.22,0.07,0.36,-0.78,-0.61,-0.79,24,27,24.79,30,3.8,5.11,6.75,4.37,4.81,NA,0.09,4.22,5.37,3.72,4.5,8.94,NA
1938,11,122.2,104.55,0.48,0.32,-0.99,-0.88,-0.88,17.7,20.7,25.13,22,2.1,2.11,1.54,2.15,2.97,NA,0.03,0.78,2.2,2.77,1.32,3.52,NA
1938,12,92.7,102.52,1.4,0.22,-0.85,-0.81,-0.96,19.4,22.4,25.79,-70,0.7,0.36,0.34,0.43,1.23,NA,-0.29,0.11,0.14,0.12,0.09,1.68,NA
1939,1,80.3,102.53,1.36,0.14,-1.02,-0.77,-0.98,13.4,16.4,26.33,-60,-2.1,0.67,0.95,0.83,1.05,NA,0.56,1.01,1.14,0.2,0.49,0.41,NA
1939,2,77.4,97.95,0.07,0.08,-1.08,-0.82,-0.97,21.6,24.6,26.59,-138,2.2,0.49,0.75,0.67,0.93,NA,-0.18,0.4,1.16,0.04,0.59,0.31,NA
1939,3,64.6,97.72,-0.39,-0.03,-0.8,-0.6,-0.66,26.9,29.9,26.13,-115,0.7,1.06,1.22,0.7,1,NA,-0.17,1.66,1.37,4.37,0.81,1.23,NA
1939,4,109.1,97.6,0.45,0.1,-0.1,-0.09,-0.31,36,39,26.48,-23,-0.4,4.3,4.5,3.95,2.37,NA,-0.36,5.84,5,5.6,6.58,5.16,NA
1939,5,118.3,95.22,0.98,0.11,-0.02,0.06,0.04,27.7,30.7,26.22,-14,0.3,5.22,5.28,4.6,5.68,NA,0,3.39,7,7.1,4.31,6.93,NA
1939,6,101,89.05,1.04,0.18,0.24,0.14,0.13,22.7,25.7,26.14,52,-0.4,11.56,10.76,9.01,6.25,NA,0.39,13.86,6.32,5.24,6.23,4.54,NA
1939,7,97.6,85.81,-0.21,0.33,0.16,0.09,0.2,26.1,29.1,27.08,312,-0.6,8.23,8.31,8.61,6.16,NA,0.34,10.11,8.22,5.04,7.8,5.54,NA
1939,8,105.8,84.2,-0.74,0.33,0.19,0.24,0.16,22.9,25.9,26.95,525,1.3,11.13,11.54,8.26,7.55,NA,0.21,11.49,14.17,9.63,6.68,7.94,NA
1939,9,112.6,84.65,-1.1,0.3,0.13,0,0.03,19.1,22.1,28.36,400,-4,6.82,5.96,6.65,6,NA,1.34,4.67,7.03,4.42,4.9,6.22,NA
1939,10,88.1,84.35,-1.31,0.02,-0.23,-0.1,0.02,28.3,31.3,27.22,376,-0.6,6.3,3.42,6.83,10.04,NA,0.78,1.19,3.43,4.55,2.72,10.75,NA
1939,11,68.1,80.15,-0.88,-0.15,0.17,0.25,0.21,14.5,17.5,26.58,45,1.5,1.25,0.94,1.32,1.55,NA,0.72,0.48,0.94,1.27,1.96,1.2,NA
1939,12,42.1,77.5,1.51,-0.08,0.69,0.61,0.71,18.5,21.5,26.64,53,-1.7,1.35,1.09,1.42,1.87,NA,0.21,0.9,0.68,0.78,1.66,1.41,NA
1940,1,50.5,74.92,2.03,0.07,1.26,0.93,1.12,24.7,27.7,26,47,-2.6,2.87,3.54,2.63,2.3,NA,0.9,2.26,3.33,3.24,2.47,2.57,NA
1940,2,59.4,75.53,1.74,-0.19,1.4,1.16,1.46,20,23,25.62,93,-2.1,3.25,3.94,2.99,2.77,NA,1.78,3.32,3.57,2.05,3.25,3.03,NA
1940,3,83.3,72.51,1.89,-0.14,1.73,1.63,1.56,43.8,46.8,25.69,180,-1.5,3.92,4.23,4.08,5.69,NA,1.26,4.69,3.94,4.9,4.8,5.94,NA
1940,4,60.7,68.08,2.37,-0.03,1.56,1.51,1.58,22.3,25.3,25.15,-46,-0.5,1.74,2.01,1.71,1.42,NA,0.29,2.19,1.54,1.26,2.04,1.09,NA
1940,5,54.4,65.79,2.32,0.01,1.44,1.35,1.37,20,23,26.03,-90,-0.2,2.82,1.96,2.42,2.86,NA,0.66,1.17,5.3,4.33,1.36,3.09,NA
1940,6,83.9,65.81,2.43,0.02,1.12,0.94,1.16,23.5,26.5,26.45,201,1.8,7.95,6.82,7.88,7.46,NA,0.49,4.84,7.43,5.36,5.15,5.94,NA
1940,7,67.5,66.08,2.12,0.1,0.91,0.77,0.92,18.4,21.4,26.21,36,0.6,5.67,7.59,5.5,4.72,NA,0.61,11.53,9.99,3.1,6.4,4.23,NA
1940,8,105.5,65.62,1.4,0.11,0.73,0.66,0.75,18.3,21.3,26.83,303,0.7,7.96,6.91,7.99,7.61,NA,0.36,8.66,5.8,4.75,8.16,6.62,NA
1940,9,66.5,64.62,1.1,0.03,0.61,0.55,0.71,20,23,26.75,728,0.1,11.95,8.8,13.53,14.23,NA,0.7,5.33,9.44,9.41,14.17,14.52,NA
1940,10,55,60.73,1.19,-0.05,0.8,0.56,0.91,21.8,24.8,26.68,17,-0.2,1.5,0.55,1.6,3.67,NA,0.76,0.65,0.55,0.76,1,2.67,NA
1940,11,58.4,58.33,0.68,-0.13,1.33,0.99,1.28,25,28,26.6,-51,1.5,0.27,0.13,0.35,0.66,NA,0.02,0.11,0.05,0.01,0.28,0.19,NA
1940,12,68.3,58.75,1.96,-0.13,1.7,1.37,1.64,23.6,26.6,26.08,110,-0.1,4.35,4.56,4.68,5.31,NA,0.61,4.27,4.74,3.87,3.36,5.01,NA
1941,1,45.6,57.44,2.14,-0.06,1.88,1.95,1.85,21.8,24.8,26.88,282,-2.9,4.42,4.61,4.38,5.19,NA,1.29,4.88,4.01,5.48,4.44,6.04,NA
1941,2,44.5,56.86,2.07,0.1,1.96,2.05,1.93,27.5,30.5,27.2,315,-0.9,4.2,3.79,4,4.54,NA,1.52,3.83,3.02,3.03,3.28,5.15,NA
1941,3,46.4,53.82,2.41,0.14,1.95,2.08,1.9,42.8,45.8,28.71,96,-0.9,3.78,3,4.26,3.84,NA,1.07,3.78,2.92,2.85,4.37,2.88,NA
1941,4,32.8,52.26,1.89,0.07,1.79,2.1,1.86,21.5,24.5,28.34,275,-1.7,6.15,5.44,7.04,6.95,NA,1.44,5.24,5.02,5.37,7.55,7.18,NA
1941,5,29.5,50.98,2.25,0.04,1.85,1.88,1.86,19,22,28.23,35,0.3,1.88,1.04,1.7,2.16,NA,1.72,2.59,1.4,1.35,3.83,3.32,NA
1941,6,59.8,49.08,3.01,-0.01,1.93,1.59,1.71,17.3,20.3,27.86,110,0.3,7.45,8.21,5.97,5.8,NA,0.81,11.37,10.82,4.74,7.04,10.37,NA
1941,7,66.9,46.57,2.33,0.09,1.35,0.66,1.4,27.9,30.9,27.25,638,1.7,10.88,10.43,10.99,10.85,NA,-0.46,13.96,13.37,10.78,8.88,8.28,NA
1941,8,60,47.12,3.31,0.28,0.92,0.46,1.04,22.2,25.2,26.52,151,0.2,4.82,5.11,5.19,4.38,NA,0.38,3.74,3.45,5.33,5.76,4.37,NA
1941,9,65.9,47.87,1.99,0.31,0.84,0.61,0.92,38.1,41.1,25.64,473,-1.2,7.2,6.2,7.83,10.19,NA,2.03,4.45,4.89,4.99,7.38,11.04,NA
1941,10,46.3,48.97,1.22,0.42,0.98,0.96,1.2,17.4,20.4,25.88,316,-1.1,4.35,4.25,4.57,4.73,NA,1.19,2.93,3.71,5.8,2.12,4.84,NA
1941,11,38.4,48.37,0.4,0.4,1.77,1.71,1.48,23.6,26.6,25.48,141,-0.2,2.93,3.71,2.88,4.15,NA,1.91,3.47,2.82,2.47,1.9,4.2,NA
1941,12,33.7,46.98,0.91,0.33,1.7,1.84,1.45,19.2,22.2,25.24,127,0.8,1.75,3.46,1.39,1.58,NA,0.7,2.65,1.98,2.59,0.95,2.62,NA
1942,1,35.6,43.74,1.01,0.14,0.88,0.91,1.06,14.5,17.5,24.83,140,1.6,2.1,2.97,2.15,2.54,NA,0.89,2.38,3.39,2.32,2.68,1.86,NA
1942,2,52.8,40.15,0.79,0.2,0.59,0.4,0.67,18.7,21.7,24.79,191,-2.7,3.06,4.2,2.68,2.51,NA,2.39,2.65,5.1,4.4,3.21,3.71,NA
1942,3,54.2,36.85,0.29,0.2,0.53,0.19,0.65,32.3,35.3,23.76,385,-2,3.64,4.96,3.36,3.86,NA,1.9,7.24,3.24,3.32,3.42,5.07,NA
1942,4,60.7,33.26,0.79,0.21,0.82,0.29,0.53,24.4,27.4,24.83,118,-0.4,4.53,3.16,5.57,10.24,NA,2.11,2.57,2.23,1.36,4.56,2,NA
1942,5,25,32.06,0.84,0.21,0.25,0.11,0.28,14.1,17.1,24.75,50,-0.1,3.93,3.65,3.43,4.7,NA,1.85,1.39,4.01,2.07,1.7,6.71,NA
1942,6,11.4,30.84,1.19,0.27,-0.22,-0.54,-0.17,14.5,17.5,24.68,671,-2,12.22,10.6,12.1,12.2,NA,1.07,14.33,7.22,6.66,11.3,9.87,NA
1942,7,17.7,29.21,0.12,0.11,-0.53,-0.92,-0.6,22.9,25.9,24.98,102,1.5,4.59,5.82,4.76,2.26,NA,0.26,2.34,5.97,2.18,4.6,2.01,NA
1942,8,20.2,28.69,0.44,0.15,-1.03,-1.45,-1.01,21.8,24.8,24.83,35,1.8,5.32,5.77,4.85,3.74,NA,0.39,5.57,5.43,3.71,4.68,2.9,NA
1942,9,17.2,26.74,0.68,0.23,-1.46,-1.47,-1.39,25.7,28.7,23.88,265,2.1,6.49,5.62,5.7,6.7,NA,0.81,4.46,5.67,4.19,4.54,8.93,NA
1942,10,19.2,24.58,0.54,0.21,-1.68,-1.7,-1.58,30.2,33.2,23.67,-118,1,1.36,0.59,1.62,5.23,NA,0.57,0.36,0.2,0.25,0.25,2.64,NA
1942,11,30.7,20.99,-0.1,0.2,-1.59,-1.7,-1.55,22.7,25.7,24.53,-51,-1.5,0.78,0.46,1.03,1.46,NA,1.78,0.12,0.29,1.7,0.31,1.15,NA
1942,12,22.5,19.65,-1,0.1,-1.36,-1.44,-1.53,18.4,21.4,25.08,48,0.3,2.29,3.11,2.32,2.86,NA,1.42,2.35,3.12,1.57,3.73,4.07,NA
1943,1,12.5,19.79,-0.18,0.14,-1.63,-1.31,-1.53,18,21,25.19,-29,-0.7,0.89,1.13,1.13,1.25,NA,1.69,1.54,1.54,0.47,0.29,0.5,NA
1943,2,28.9,19.92,0.02,0.1,-1.59,-1.3,-1.45,17,20,26.78,-130,2.7,0.61,0.79,0.51,0.7,NA,0.13,0.52,0.45,0.27,0.46,1.14,NA
1943,3,27.4,19.14,0.26,-0.1,-1.12,-0.83,-1.13,20.9,23.9,27.58,-1,0.7,2.51,4.48,2.08,3.37,NA,0.31,5.06,4.39,5.24,2.02,5.66,NA
1943,4,26.1,18.42,1.08,-0.13,-0.67,-0.37,-0.62,21.8,24.8,27.78,-92,3.4,2.74,1.98,2.84,1.99,NA,0.22,2.3,2.17,1.16,3.59,2.01,NA
1943,5,14.1,17.72,0.43,-0.12,-0.07,0.37,-0.24,24.4,27.4,28.35,-133,0.6,5.38,4.91,4.39,4.71,NA,-0.81,4.72,5.25,2.85,5.91,5.64,NA
1943,6,7.6,16.81,0.68,-0.07,0.01,0.38,0.04,21.1,24.1,28.75,-16,0.7,8.06,9.8,8.57,4.83,NA,0.11,4.48,5.57,3.34,6.41,5.01,NA
1943,7,13.2,15.36,-0.36,0.02,0.18,0.27,0.09,24.3,27.3,29.01,228,0.4,8.37,10.67,8.55,7.34,NA,-0.1,10.31,8.23,6.72,6.74,6.08,NA
1943,8,19.4,14.44,-0.9,0.02,0.08,0.02,-0.01,40.9,43.9,29.08,154,-1.6,7.08,8.58,7.18,8.49,NA,0.69,7.81,9.06,4.76,7.16,5.78,NA
1943,9,10,13.06,-0.49,0.08,-0.3,-0.44,-0.34,35.2,38.2,29.54,231,2.6,5.99,5.87,5.24,6.59,NA,-0.54,5.36,6.37,2.87,4.14,7.67,NA
1943,10,7.8,10.98,-0.04,0.09,-0.78,-0.41,-0.56,32.7,35.7,29.53,219,0.8,3.75,3.77,4.35,6.38,NA,0.51,2.02,4.51,3.14,1.87,4.23,NA
1943,11,10.2,9.16,0.29,0.15,-0.6,-0.35,-0.67,29.5,32.5,28.83,105,1.6,1.96,1.27,2.09,3.56,NA,-0.22,0.8,1.01,1.7,1.6,3.6,NA
1943,12,18.8,8.46,0.58,0.23,-0.62,-0.4,-0.61,23.2,26.2,28.3,-37,1.1,0.42,0.53,0.44,0.95,NA,-0.07,0.79,0.4,0.23,0.25,0.45,NA
1944,1,3.7,8.26,0.18,0.31,-0.61,-0.54,-0.45,21.1,24.1,27.19,24,1,1.16,1.23,1.29,1.61,NA,0.21,1.27,0.91,0.59,0.98,1.74,NA
1944,2,0.5,8.53,0.17,0.32,-0.13,0.2,-0.3,17.8,20.8,25.15,-53,-0.2,0.11,0.34,0.07,0.1,NA,-0.38,0.2,0.14,0.01,0.12,0.26,NA
1944,3,11,8.14,0.08,0.43,-0.15,0.01,-0.13,26.5,29.5,23.67,-65,-1.8,2.49,4.35,2.11,2.92,NA,0.51,6.49,2.7,3.32,2.35,1.09,NA
1944,4,0.3,8.67,0.72,0.32,-0.1,0.03,-0.04,21.6,24.6,22.37,-42,-0.4,2.84,2.91,2.24,1.77,NA,1.01,2.53,3.92,2.43,5.41,4.32,NA
1944,5,2.5,8.9,-0.35,0.3,0.13,0.18,0.1,16,19,20.84,-77,0.7,4.05,2.6,4.38,4.52,NA,0.03,1.17,1.35,2.2,1.52,2.44,NA
1944,6,5,10.3,-0.98,0.35,0.25,0.33,0.21,14.8,17.8,20.72,-122,-0.4,5.16,7.21,4.68,2.87,NA,0.54,7.18,6.15,3.41,5.5,5.72,NA
1944,7,5,10.28,-0.4,0.37,0.24,0.18,0.14,11,14,20.29,52,-3,7.84,8.8,7.72,7.67,NA,0.65,8.9,12.17,3.21,8.36,7.93,NA
1944,8,16.7,10.97,-0.51,0.45,-0.07,0.07,-0.19,16.4,19.4,20.18,185,1.7,6.57,6.99,6.74,6.08,NA,0.96,6.29,9.26,4.61,5.42,4.27,NA
1944,9,14.3,12.58,-0.56,0.42,-0.74,-0.43,-0.49,17.4,20.4,20.05,57,1.1,5.05,4.75,4.81,4.88,NA,0.6,5.55,4.16,3.02,9.23,6.63,NA
1944,10,16.9,14.2,-0.4,0.37,-0.64,-0.47,-0.69,17.1,20.1,19.84,221,2,6.27,5.81,6.04,9.39,NA,0.78,7.51,4.05,7.6,3.47,10.79,NA
1944,11,10.8,16.53,0.33,0.28,-0.67,-0.78,-0.62,11.2,14.2,19.78,1,0.5,0.34,0.52,0.24,0.31,NA,1.38,0.35,0.38,0.2,0.07,1,NA
1944,12,28.4,19.12,0.2,0.28,-0.53,-0.59,-0.67,21.7,24.7,19.47,4,1.2,0.39,0.47,0.54,0.91,NA,0.02,0.16,0.72,0.12,0.27,0.73,NA
1945,1,18.5,22.02,-1.02,0.27,-0.79,-0.63,-0.72,16,19,19.82,88,-2.2,2.03,2.78,2.43,2.71,NA,0.64,3.45,2.23,1.08,1.82,1.16,NA
1945,2,12.7,23.62,0.72,0.36,-0.83,-0.31,-0.81,16.4,19.4,19.45,-48,2.5,0.52,0.25,0.62,1.03,NA,1.11,0.19,0.12,0.06,0.27,0.37,NA
1945,3,21.5,25.02,-0.42,0.37,-0.8,-0.43,-0.74,25,28,19.3,-145,0.8,0.35,0.44,0.37,0.53,NA,0.94,0.43,0.36,0.14,0.17,1.51,NA
1945,4,32,29.22,-0.4,0.42,-0.58,-0.06,-0.58,19.1,22.1,19.36,-109,-2.2,1.87,1.98,2.48,1.35,NA,1.2,2.2,3.37,4.52,3.2,1.69,NA
1945,5,30.6,31.45,-0.07,0.32,-0.35,0.2,-0.33,15.3,18.3,19.42,-134,-0.3,1.88,1.27,1.38,1.19,NA,1.35,1.01,2.39,1.09,2.22,0.98,NA
1945,6,36.2,32.73,0.56,0.18,-0.07,0.06,-0.32,11,14,19.28,94,0.5,8.68,13.23,6.54,5.72,NA,0.62,17.01,11.69,5.07,7.07,4.23,NA
1945,7,42.6,34.21,1.02,0.09,-0.52,-0.37,-0.39,15.2,18.2,19.54,383,0.2,9.98,11.44,9.63,7.36,NA,0.72,7.6,9.58,3.49,9.47,4.32,NA
1945,8,25.9,39.42,0.18,0.12,-0.57,-0.22,-0.56,12,15,20.68,252,1.4,7.01,6.62,8.1,6.57,NA,1.48,4.24,2.98,5.06,6.86,5.38,NA
1945,9,34.9,44.33,-0.27,0.09,-0.6,-0.19,-0.55,15.6,18.6,22.22,1019,0.5,10.57,9.28,10.05,11.41,NA,0.43,10.08,9.55,11.05,8.38,17.05,NA
1945,10,68.8,48.5,0.1,0.11,-0.48,-0.17,-0.44,17.8,20.8,22.7,528,-1.9,5.51,4.51,5.76,8.46,NA,0.95,3.01,5.36,4.58,4.92,6.74,NA
1945,11,46,52.57,-1.94,0.19,-0.25,-0.12,-0.26,11.9,14.9,23.43,122,-2.9,1.35,1.37,0.91,1.72,NA,1.01,0.89,1.34,1.19,0.53,4.28,NA
1945,12,27.4,55.87,-0.74,0.15,-0.07,0.04,-0.15,20.1,23.1,24.37,126,-2.1,1.61,2.46,1.6,2.03,NA,1.1,2.38,2.04,1.04,0.57,4.17,NA
1946,1,47.6,62.02,-0.91,0.29,-0.14,-0.07,-0.16,19.1,22.1,25.48,81,1.4,1.17,1.65,1.03,1.56,NA,0.04,1.69,1.29,1.14,0.41,1.63,NA
1946,2,86.2,66.99,-0.32,0.2,-0.26,-0.26,-0.24,30.1,33.1,25.86,-46,-0.2,1.61,3,1.39,1.14,NA,0.16,3.11,1.91,1.51,1.86,0.87,NA
1946,3,76.6,72.26,-0.41,0.14,-0.31,-0.45,-0.35,43.4,46.4,28.03,109,0.2,2.04,1.59,2,2.41,NA,0.34,1.6,0.97,1.51,1,1.99,NA
1946,4,75.7,77.45,-0.78,0.07,-0.48,-0.37,-0.32,24.9,27.9,28.17,-236,3,0.49,0.32,0.6,0.82,NA,-0.36,0.59,0.17,0.12,0.3,0.27,NA
1946,5,84.9,81.68,0.5,0.1,-0.17,-0.15,-0.18,24,27,28.78,104,-2.5,8.23,6.01,8.25,8.81,NA,0.08,5.99,5.92,5.35,5.06,9.29,NA
1946,6,73.5,87.5,-0.86,-0.09,0.11,-0.3,0.06,22.3,25.3,28.29,145,2.7,7.78,7.12,7.8,6.48,NA,-1.34,5.33,5.95,5.81,5.85,4.54,NA
1946,7,116.2,94.29,-0.84,-0.2,0.24,-0.2,-0.08,28.5,31.5,28.41,175,2.3,7.98,8.35,8.68,7.84,NA,-1.39,9.95,6.25,4.19,3.43,7.74,NA
1946,8,107.2,100.89,-0.36,-0.16,-0.58,-1.17,-0.23,16.6,19.6,27.32,92,2,6.55,6.65,6.84,5.68,NA,-1.2,7.85,5.12,3.82,5.96,5.97,NA
1946,9,94.4,104.25,-0.22,-0.01,-0.35,-0.53,-0.32,41.6,44.6,26.85,239,1.3,7.48,6.13,7.77,6.92,NA,-0.77,7.38,5.71,5.42,6.7,3.61,NA
1946,10,102.3,109.88,-0.36,-0.01,-0.03,-0.24,-0.08,19.5,22.5,26.71,-53,-2.7,2.23,2.75,2.31,3.47,NA,0.72,2.88,2.94,1.62,0.75,2.91,NA
1946,11,123.8,119.54,-1.48,-0.06,0.13,0.01,0.02,19.2,22.2,26.3,152,-0.9,3.12,1.62,3.67,5.24,NA,0.43,1.66,1.98,1.89,2.32,5.38,NA
1946,12,121.7,125.62,-0.96,-0.03,-0.06,-0.04,0.06,14.3,17.3,26.19,26,1.6,1.69,0.89,1.94,2.43,NA,-0.68,1.15,0.8,1.29,1.38,4.21,NA
1947,1,115.7,132.11,-0.73,-0.17,0.12,0.09,0.01,20.5,23.5,25.59,-43,-0.2,1.08,1.21,1.13,2.09,NA,-0.07,1.22,1.11,0.8,0.7,1.35,NA
1947,2,133.4,137.69,-0.29,-0.12,-0.02,0.01,0.1,17,20,26.94,-16,-4.2,2.67,4.22,2.22,2.7,NA,0.75,4.65,4.2,3.03,1.64,2.93,NA
1947,3,129.8,142.48,1.17,-0.08,0.2,0.1,0.1,37.8,40.8,26.73,434,-2.8,6.2,6.86,6.53,4.65,NA,0.69,4.7,6.88,8.48,8.73,4.77,NA
1947,4,149.8,147.8,0.7,-0.09,0.11,0.07,0.11,23.2,26.2,27.7,-66,3.3,3.91,4.18,3.92,4.42,NA,-1.35,6.13,4.76,2.38,0.55,5.68,NA
1947,5,201.3,149.78,0.37,-0.15,0.03,0.14,0.18,19.1,22.1,27.82,32,-0.2,4.93,4.42,4.41,4.98,NA,-0.95,5.47,4.27,4.06,4.8,4.12,NA
1947,6,163.9,149.22,1.36,-0.14,0.4,0.18,0.3,21,24,28.11,516,-0.1,12.26,10.85,14.12,13.6,NA,-0.43,9.22,12.51,11.51,15.02,7.41,NA
1947,7,157.9,148.2,0.16,-0.15,0.46,0.05,0.34,21.3,24.3,28.13,642,0.5,10.24,9.63,10.64,11.28,NA,-1.18,8.1,9.64,5.3,6.43,8.96,NA
1947,8,188.8,145.92,0.3,-0.09,0.16,-0.25,0.1,32.8,35.8,28.46,534,-0.2,7.63,8.1,8.93,6.81,NA,-0.66,4.49,6.48,4.69,10.74,5.78,NA
1947,9,169.4,142.95,0.58,-0.04,-0.32,-0.45,-0.24,39,42,27.32,1370,2.4,13.01,13.44,12.38,13.33,NA,-1.52,11.45,12.89,13.75,10.57,16.29,NA
1947,10,163.6,147.56,0.85,-0.08,-0.55,-0.42,-0.43,31.2,34.2,26.86,1032,-0.2,8.59,4.55,8.65,15.73,NA,0.05,2.97,4.68,5.55,6.18,12.09,NA
1947,11,128,149.42,-0.14,0.06,-0.42,-0.32,-0.37,20.6,23.6,27.23,545,-1.9,3.49,3.28,3.47,4.37,NA,0.95,3.26,3.02,2.04,4.33,4.66,NA
1947,12,116.5,146.85,1.67,0.04,-0.13,-0.12,-0.2,17.8,20.8,26.73,229,-2.1,1.48,1.59,1.68,2.03,NA,0.84,1.06,1.27,0.57,1.51,1.29,NA
1948,1,108.5,145.18,-0.11,-0.01,-0.06,-0.19,0.02,20.7,23.7,26.29,393,0.6,3.8,5.68,3.8,4.41,NA,0.61,6.6,5.01,4.46,3.65,4.06,NA
1948,2,86.1,145.18,-0.74,-0.02,0.26,0.26,0.21,21,24,25.91,152,-0.5,0.4,0.75,0.35,0.53,NA,-0.19,0.65,0.55,0.25,0.06,0.44,NA
1948,3,94.8,141.68,-0.03,0.04,0.42,0.43,0.33,24.1,27.1,24.48,39,2,1.27,2.51,0.88,1.94,NA,-0.56,3.83,1.42,0.67,0.55,2.07,NA
1948,4,189.7,139.13,-1.33,-0.06,0.31,0.13,0.39,17.7,20.7,24.88,80,1.6,4.15,4.37,4.23,5.15,NA,-1.03,1.45,4.25,3.39,1.89,4.81,NA
1948,5,174,133.92,-0.23,0.01,0.44,0.13,0.35,23.6,26.6,25.08,-15,-0.4,3.3,2.55,3.96,3.76,NA,-0.6,2.45,3.62,1.8,5.51,4.34,NA
1948,6,167.8,134.68,0.08,0.06,0.29,-0.04,0.3,14.9,17.9,25.51,-91,-0.4,3.72,3.21,3.77,3.77,NA,-0.66,3.84,4.01,1.47,2.38,3.51,NA
1948,7,142.2,134.88,-0.92,-0.03,0.17,-0.36,0.13,16.1,19.1,26.26,134,-0.6,9.33,10.93,8.9,6.94,NA,0.58,7.24,12.3,4.81,3.99,4.58,NA
1948,8,157.9,140.56,-1.56,-0.01,-0.07,-0.3,-0.09,28.2,31.2,26.2,308,-0.2,8.01,8.53,7.15,8.41,NA,0.48,9.25,6.53,5.39,5.62,7.5,NA
1948,9,143.3,146.05,-1.74,-0.04,-0.37,-0.52,-0.4,21.9,24.9,26.24,1273,0.1,16.11,12.74,17.36,15.27,NA,0.28,11.92,15.21,12.98,18.72,14.87,NA
1948,10,136.3,150.07,-1.32,0.02,-0.75,-0.79,-0.53,36,39,26.23,1079,1.5,5.14,3.3,5.71,11.8,NA,-0.05,2.57,4.47,1.53,3.73,3.85,NA
1948,11,95.8,143.65,-0.89,0.14,-0.46,-0.34,-0.39,23,26,26.12,357,-1.6,0.69,1.18,0.89,0.84,NA,0.42,0.88,1.34,0.44,0.35,0.99,NA
1948,12,138,139.62,-1.7,0.07,0.05,-0.15,-0.25,22.9,25.9,26.37,174,-0.5,0.85,1.42,0.9,1.55,NA,0.18,1.79,1.16,0.4,0.31,0.95,NA
1949,1,119.1,136.39,-2.01,0.16,-0.34,-0.38,-0.13,29.7,32.7,26,66,0.9,0.15,0.3,0.11,0.34,NA,-0.82,0.32,0.22,0.05,0.02,0.74,NA
1949,2,182.3,134.98,-3.6,0.17,-0.08,0.12,-0.36,20.3,23.3,25.24,-54,1.9,0.47,0.62,0.31,0.6,NA,-1.08,0.95,0.33,0.03,0.23,1.41,NA
1949,3,157.5,134.01,-1,0.05,-0.64,-0.42,-0.23,24.6,27.6,24.89,-155,-0.2,0.75,0.83,1.01,2.05,NA,-0.72,1.73,0.92,0.2,0.7,0.51,NA
1949,4,147,133.11,-0.53,0.11,0.04,0.37,-0.11,17.5,20.5,24.62,-47,2.5,2.92,2.65,2.97,3.7,NA,-0.62,3.06,3.89,3.96,3.76,2,NA
1949,5,106.2,133.66,-1.07,-0.02,0.28,0.3,-0.03,22.3,25.3,24.75,-142,-0.1,3.52,1.96,3.89,4.46,NA,-0.84,0.83,1.94,4.81,1.8,4.38,NA
1949,6,121.7,135.34,-0.7,0.01,-0.41,-0.48,-0.14,17.9,20.9,24.09,280,-1.7,9.51,8.87,9.28,8.41,NA,-0.52,10.28,8.96,8.88,8.11,7.91,NA
1949,7,125.8,132.54,-0.56,0.08,-0.3,-0.81,-0.32,11.7,14.7,23.23,187,-0.8,8.62,7.33,9.18,5.92,NA,-0.16,7.5,8.7,8.98,10.67,4.53,NA
1949,8,123.8,130.67,-1.3,0.11,-0.24,-0.65,-0.29,19.1,22.1,23.47,520,-1.1,10.22,14.9,9.9,9.58,NA,-0.28,13.37,14.3,9.16,13.01,12.58,NA
1949,9,145.3,125.08,-0.93,0.08,-0.34,-0.93,-0.45,17.7,20.7,23.13,680,-0.8,9.51,8.97,10.35,9.48,NA,-0.27,7.84,8.78,8.94,9.22,7.85,NA
1949,10,131.6,121.69,-1.41,0.11,-0.78,-1.08,-0.79,32.7,35.7,23.64,432,0.1,3.65,2.25,3.92,6.01,NA,-0.2,1.77,1.38,1.36,0.89,4.59,NA
1949,11,143.5,118.55,-0.83,0.12,-1.24,-1.51,-1.09,24.6,27.6,23.58,92,1.6,1.32,1.38,1.59,1.88,NA,-0.3,1.07,1.19,0.89,1.3,0.65,NA
1949,12,117.6,116.82,-0.8,0.13,-1.23,-1.29,-1.17,15,18,23.67,290,0.4,2.96,2,3.35,6.37,NA,-0.61,6.38,1.49,2.08,0.68,6.32,NA
1950,1,101.6,114.45,-2.13,0.12,-1.04,-1.26,-1.26,19.4,22.4,24.31,-40,0,0.22,0.13,0.24,0.62,-0.06,-0.56,0.07,0.04,0.1,0.02,0.96,-1.41
1950,2,94.8,111.33,-2.91,-0.02,-1.49,-1.4,-1.2,23.1,26.1,25.23,-41,1.5,0.73,0.5,0.95,1.34,-0.12,-0.71,0.34,0.65,0.54,1.35,1.06,-1.25
1950,3,109.7,105.75,-1.13,-0.1,-1.06,-0.59,-1.14,20.5,23.5,26.18,-41,0,1.83,2.68,1.08,1.8,0.09,-0.49,4.17,1.88,2.77,1.06,3.67,-0.97
1950,4,113.4,99.3,-1.2,-0.12,-0.85,-0.66,-1.04,23.7,26.7,26.33,-170,1.6,2.44,2.05,1.73,2.47,0,-0.64,4.76,2.22,1.91,1.52,3.02,-1.1
1950,5,106.2,93.39,-2.23,-0.05,-1.2,-1.08,-0.87,21.6,24.6,26.6,-91,-2.2,3.33,2.93,3.74,3.43,0.94,0.6,1.46,2.76,1.17,1.89,4.82,-1.4
1950,6,83.6,86.52,-1.77,-0.03,-0.57,-0.56,-0.74,18.9,21.9,27.34,-102,-0.1,4.1,4.46,3.64,2.68,0.59,0.3,4.19,3.24,3.69,7.13,3.75,-0.82
1950,7,91,82.08,-2.93,-0.05,-0.45,-0.43,-0.48,19.4,22.4,27.64,36,-0.1,6.49,6.91,7.22,5.47,0.65,0.69,4.22,3.63,2.98,7.47,3.71,-0.53
1950,8,85.2,78.87,-0.7,0.03,-0.43,-0.35,-0.59,30.1,33.1,28.14,93,1.4,7.39,6.34,7.74,10.15,0.16,0.05,5.57,5.67,7.09,6.07,9.62,-0.58
1950,9,51.3,75.88,-2.14,0.02,-0.88,-0.92,-0.65,29.2,32.2,28.8,2,3,5.99,7.12,5.28,6.45,-0.52,-0.81,8.28,4.44,3.04,3.87,8.08,-0.62
1950,10,61.4,74.58,-1.36,-0.08,-0.65,-0.66,-0.8,34.4,37.4,29.49,459,1.2,8.34,7.44,7.77,12.05,-0.35,-0.83,8.69,7.92,5.71,5.57,12.41,-0.42
1950,11,54.8,74.21,-2.46,0.09,-0.86,-0.7,-0.73,27.9,30.9,29.81,-9,-0.6,1.07,0.69,1.38,2.74,0.32,0.16,0.14,1.02,0.74,1.27,1.96,-0.64
1950,12,54.1,73.78,-0.76,0.1,-0.69,-0.46,-0.76,23.9,26.9,30.16,-29,-1,1.71,2.89,1.86,1.35,-0.15,-0.43,4.21,1.21,0.81,1.55,0.84,-0.89
1951,1,59.9,72.08,-1.54,0.11,-0.74,-0.2,-0.66,23,26,30.63,-42,1,0.24,0.32,0.24,0.25,-0.04,-0.49,0.47,0.15,0.01,0.22,0.49,-0.91
1951,2,59.9,69.77,-1.06,0.01,-0.56,-0.11,-0.52,29.1,32.1,30.59,26,1.4,1.92,2.27,1.78,2.19,-0.06,-0.83,2.46,2.46,2.18,1.82,2.09,-0.72
1951,3,55.9,69.61,-1.9,0.02,-0.25,-0.08,-0.27,28.4,31.4,31.85,-93,-2.1,0.86,1.37,0.81,0.73,0.71,0.14,1.08,0.8,0.58,1.25,0.41,-0.03
1951,4,92.9,69.63,-0.36,0.18,0,0.13,-0.05,32,35,31.5,72,-1.6,5.14,7.3,4.59,4.74,0.74,0.38,4.33,7.3,6.66,3.99,4.76,0.14
1951,5,108.5,68.94,-0.25,0.18,0.1,0.35,0.16,25.4,28.4,31.31,-36,-1.8,2.45,1.66,2.77,3.71,1.03,0.78,2.97,1.4,1.99,1.24,5.53,0.33
1951,6,100.6,68.25,-1.09,0.3,0.37,0.65,0.33,23.1,26.1,31.66,45,-2.8,4.6,4.46,4.62,4.39,1.8,1.62,6.24,3.89,4.01,4.72,4.17,0.1
1951,7,61.5,67.22,0.7,0.43,0.51,0.94,0.46,25.1,28.1,32.11,244,-0.3,9.14,9.64,9.7,7.73,0.92,1.05,10.12,9.12,5.47,10.31,6.2,0.66
1951,8,61,64.35,-1.37,0.31,0.49,0.95,0.56,29.6,32.6,32.53,215,2.2,6.63,6.34,6.69,5.34,0.16,0.16,3.87,5.05,7.87,4.99,6.81,0.59
1951,9,83.1,61.44,-0.08,0.26,0.69,0.88,0.57,44.3,47.3,33.51,114,0.2,6.02,7.65,5.91,5.78,0.7,0.65,11.24,6.7,4.58,7.12,3.84,0.93
1951,10,51.6,59.38,-0.32,0.27,0.53,0.94,0.62,30.2,33.2,34,1329,1.5,8.55,4.55,9.53,10.47,0.13,0.23,3.26,9.74,12.97,10.01,11.56,0.85
1951,11,52.4,54.03,-0.28,0.18,0.64,1.06,0.52,25.6,28.6,34.63,133,-0.1,1.82,3.66,1.3,1.07,0.04,-0.61,6.14,3.05,1.8,1.94,2.07,0.79
1951,12,45.8,48.48,-1.68,0.18,0.4,0.78,0.47,28.1,31.1,34.69,37,2.4,0.45,1.12,0.29,0.56,-0.2,-0.71,1.44,0.51,0.12,0.08,1,0.57
1952,1,40.7,43.77,-2.01,0.18,0.38,0.61,0.35,28.4,31.4,34.33,-12,2,1.02,1.11,0.93,1.15,-0.45,-1.31,0.58,0.99,1,0.96,1.92,0.44
1952,2,22.7,43.26,-0.46,0.19,0.28,0.44,0.21,34.2,37.2,33.43,198,-1.2,4.36,4.45,4.22,3.47,0.6,0.13,4.97,4.15,4.47,4.41,6.67,0.36
1952,3,22,40.74,-0.63,0.24,-0.02,0.22,0.25,40.1,43.1,32.11,-14,-2.1,2.69,4.71,2.33,2.58,1.31,0.64,4.28,4.32,2.36,1.39,2.99,0.31
1952,4,29.1,36.18,-1.05,0.2,0.5,0.42,0.24,37.9,40.9,31.78,-110,2.2,1.44,1.3,1.54,1.72,0.32,-0.68,1.9,1.29,1.19,1.26,1.97,0.52
1952,5,23.4,33.91,-1,0.19,0.24,0.14,0.16,33,36,31.22,3,-2,4.5,4.49,3.69,2.23,1.43,0.76,4.82,6.16,3.67,8.02,1.4,0.49
1952,6,36.4,32.52,-1.43,0.39,-0.28,-0.27,-0.06,23.8,26.8,30.82,37,-0.2,4.21,3.57,4.42,1.78,1.36,1.07,2.96,3.19,2.91,5.12,1.9,0.05
1952,7,39.3,31.03,-1.25,0.38,-0.14,-0.49,-0.18,20.7,23.7,30.3,127,0.9,7.51,7.71,7.31,5.99,0.81,0.38,6.33,9.18,7.42,6.66,6.69,-0.01
1952,8,54.9,28.2,-0.6,0.41,-0.12,-0.28,-0.08,18.9,21.9,29.21,261,-0.5,7.83,7.59,7.81,8.13,1.26,1.43,5.78,8.08,7.78,10.16,6.75,0
1952,9,28.2,27.22,-0.89,0.37,0.03,-0.13,0,28.4,31.4,28.15,291,-1.8,6.78,5.66,8.36,6.55,0.83,1.4,5.33,4.11,2.92,7.25,5.67,0.18
1952,10,23.8,27.67,-0.35,0.36,0.08,-0.07,-0.06,26.3,29.3,26.88,1051,-0.2,10.09,8.96,11.24,14.8,1.09,1.06,4.23,8.28,10.86,11.23,12.55,0.27
1952,11,22.1,26.39,-0.76,0.26,-0.29,-0.46,-0.15,18.8,21.8,25.91,175,-1.8,0.65,1.55,0.7,0.55,1.21,0.96,1.46,0.85,0.27,0.48,0.33,0.05
1952,12,34.3,26.27,0.04,0.35,-0.26,-0.23,-0.07,23.3,26.3,25.45,26,-0.8,0.64,1.04,0.85,1.36,1.35,1.56,1.08,0.83,0.39,0.75,0.87,0.24
1953,1,26.5,24.13,-0.57,0.28,0.32,0.15,0.1,22.2,25.2,25.59,53,-1.2,2.71,2.7,2.93,4.05,0.98,0.94,1.93,2.3,2.33,1.72,2.08,0.62
1953,2,3.9,22.92,-0.07,0.2,0.23,0.37,0.19,21.1,24.1,26.18,38,0.6,2.16,2.82,2.05,2.2,0.96,0.64,2.89,2.31,1.87,2.11,1.8,0.73
1953,3,10,20.18,-1.12,0.15,0.02,0.23,0.25,27.4,30.4,26.23,-45,0.5,2.17,3.63,1.88,1.85,0.73,0.23,4.85,4.16,2.23,1.49,6.1,0.58
1953,4,27.8,18.64,0.05,0.32,0.51,0.61,0.34,22.6,25.6,25.89,46,-2.7,4.19,4.58,3.42,3.92,1.65,1.59,7.23,4.47,3.61,2.33,4.13,0.71
1953,5,12.5,16.93,0.43,0.35,0.49,0.49,0.52,21.4,24.4,26,-127,-1.2,2.08,0.95,1.93,2.62,1.93,1.71,1.77,1.47,1.87,1.41,0.83,0.67
1953,6,21.8,15.42,0.29,0.29,0.55,0.6,0.49,18.3,21.3,25.1,259,1.5,9.36,9.4,8.51,8.24,0.45,0.61,8.85,15.44,13.87,11.58,8.58,0.76
1953,7,8.6,12.8,0.74,0.35,0.42,0.4,0.45,22.4,25.4,24.4,315,2.2,8.12,7.21,7.94,8,0.19,0.23,9.88,6.59,7.81,6.98,7.33,0.68
1953,8,23.5,10.8,0.05,0.27,0.37,0.42,0.52,26,29,24.68,557,2.1,9.41,10.85,9.11,8.06,0.05,-0.41,12.77,10.82,11.38,11.84,6.23,0.65
1953,9,19.3,11.34,-0.63,0.29,0.78,1.03,0.55,28.9,31.9,24.51,1337,1.4,11.72,11.27,12.08,11.76,0.32,0.24,11.84,10.43,9.95,12.2,9.17,0.77
1953,10,8.2,10.71,-1.09,0.16,0.49,0.54,0.55,22.3,25.3,24.33,1405,1.6,8.36,7.14,8.09,13.21,-0.13,-0.34,4.48,7.69,7.29,8.13,9.87,0.87
1953,11,1.6,8.63,-0.03,0.25,0.37,0.37,0.41,20.1,23.1,23.54,458,2.1,2.18,4.79,1.53,3.28,-0.42,-0.94,4.94,3.95,1.09,0.58,2.99,0.66
1953,12,2.5,7.68,0.07,0.27,0.36,0.43,0.43,12.5,15.5,22.82,374,0.9,1.73,3.11,1.6,2.17,0.14,0.02,3.96,1.78,1.06,1.25,1.86,0.76
1954,1,0.2,6.38,-1.32,0.24,0.54,0.2,0.43,13.8,16.8,22.03,221,0.3,0.61,1.21,0.56,0.98,0.13,-0.49,1.15,0.65,0.06,0.2,1.31,0.67
1954,2,0.5,6.36,-1.61,0.11,0.37,-0.03,0.39,24.4,27.4,21.23,120,1.6,2.08,1.88,2.18,2.43,0.25,-0.23,1.61,1.67,2.39,2.53,2.42,0.6
1954,3,10.9,4.67,-0.52,0.11,0.25,-0.12,0.16,25.4,28.4,20.93,124,0.7,2.57,1.68,2.81,3.07,0.69,0.27,1.94,1.58,1.87,2.12,2.63,0
1954,4,1.8,3.72,-1.33,0,-0.15,-0.77,-0.01,20.5,23.5,20.83,108,0.9,5.58,4.14,6.12,6.87,-0.4,-1.15,3.5,3.84,4.98,6.18,6.94,-0.6
1954,5,0.8,3.8,0.01,0.08,-0.14,-0.77,-0.18,11.9,14.9,20.35,134,-1.6,7.39,5.88,7.84,9.23,0.87,0.89,6.25,5.32,4.46,5.01,5.66,-0.54
1954,6,0.2,4.26,0.97,0.11,-0.25,-0.68,-0.31,9.6,12.6,20.21,752,1.1,10.24,8.34,9.78,11.24,0.47,0.51,8.86,12.48,9.2,12.45,11.24,-0.38
1954,7,4.8,5.85,0.43,-0.04,-0.54,-0.78,-0.44,13,16,20.66,512,3.3,8.77,7.83,9.3,9.59,0.42,0.94,8.67,7.51,7,12.27,6.28,-0.5
1954,8,8.4,7.43,0.08,0,-0.54,-0.75,-0.6,16.4,19.4,20.13,335,0,5.93,5.65,5.97,4.76,0.83,0.8,4.65,6.06,6.42,3.38,6.95,-0.74
1954,9,1.5,7.77,-0.94,0,-0.71,-0.94,-0.59,25.3,28.3,19.98,457,2.4,8.53,7.12,8.92,9.99,-0.34,-0.34,5.49,5.49,7.47,6.87,10.41,-0.83
1954,10,7,7.8,0.52,-0.02,-0.51,-0.81,-0.57,21,24,20.02,224,1,3.07,2.91,3.12,5,0.16,-0.3,4.02,2.47,2.59,2.69,6.26,-0.59
1954,11,9.2,9.88,0.72,-0.02,-0.49,-0.58,-0.58,14.4,17.4,20.41,63,2.1,2.43,3.1,2.51,4.76,-0.04,-0.41,3.48,3.25,2.08,1.87,4.76,-0.41
1954,12,7.6,12.26,-0.5,-0.04,-0.75,-0.82,-0.56,10.8,13.8,20.86,53,1.6,1.23,1.6,1.2,0.64,-0.09,-0.41,0.7,1.4,1.57,1.94,0.83,-0.63
1955,1,23.1,14.3,0.2,0.09,-0.44,-0.45,-0.54,19.2,22.2,20.79,50,-2,1.62,2.32,1.48,1.18,1.29,1.55,1.61,2.53,2.06,3.25,1.6,-0.44
1955,2,20.8,17.06,-1.52,0.05,-0.44,-0.39,-0.42,18.1,21.1,20.61,13,-2.2,1.01,1.51,0.98,1.19,0.77,0.73,0.83,1.14,0.9,1.87,2.23,-0.58
1955,3,4.9,19.7,-1.26,0.05,-0.37,-0.37,-0.38,23.5,26.5,20.08,-102,-2.6,1.48,2.13,1.04,1.55,1.12,1.05,1.41,1.48,1.54,0.91,1.93,-0.64
1955,4,11.3,24.08,-1.97,0.11,-0.33,-0.41,-0.46,21,24,19.81,-59,0.8,1.96,1.76,1.77,2.13,1.17,1.27,2.29,1.28,2.47,1.31,3.38,-0.79
1955,5,28.9,30.41,-1.21,0.19,-0.68,-0.96,-0.5,16.6,19.6,20.26,-116,0,3.73,2.26,4.23,3.04,1.12,0.78,2.91,2.93,2.55,7.5,3.22,-0.69
1955,6,31.7,35.62,-2.44,0.2,-0.48,-0.81,-0.53,15,18,20.53,342,-0.2,10.05,6.64,10.64,9.54,1.18,0.97,8.41,7.85,8.08,11.49,9.02,-0.6
1955,7,26.7,40.69,-2.35,0.28,-0.43,-0.51,-0.48,12.2,15.2,21.31,177,1.4,6.91,6.85,7.42,4.86,0.82,0.85,7.88,5.43,8.77,5.59,3.53,-0.5
1955,8,40.7,48.45,-2.25,0.19,-0.53,-0.52,-0.54,14.2,17.2,21.73,91,1.3,5.38,5.81,5.25,4.31,0.6,0.83,3.87,4.14,5.38,4.81,5.48,-0.61
1955,9,42.7,55.96,-1.95,0.21,-0.65,-0.94,-0.79,19,22,22.07,57,3.7,6.53,7.01,6.98,5.14,-0.13,-0.12,4.5,7.04,5.96,6.35,3.57,-0.71
1955,10,58.5,64.1,-2.8,0.29,-1.2,-1.26,-1.17,17.7,20.7,22.95,-46,-1.3,2.75,2.74,2.9,4.7,0.57,0.67,2.67,2.3,1.96,2.83,5.5,-1.57
1955,11,89.2,73.74,-3.08,0.4,-1.67,-1.73,-1.41,19.8,22.8,24,-71,-3.1,0.73,1.09,0.68,0.67,1.73,2.22,1.99,0.41,0.22,0.33,0.07,-1.82
1955,12,76.9,80.48,-2.75,0.27,-1.38,-1.36,-1.32,14,17,24.7,-4,-0.8,2.13,1.67,2.2,3.55,1.3,1.44,1.8,1.81,1.99,2.44,5.13,-1.52
1956,1,73.6,87.98,-2.48,0.2,-0.9,-0.88,-0.94,28.6,31.6,25.33,-61,-0.8,0.97,1.02,1.13,1.31,1.29,1.42,2.08,0.44,0.6,0.83,0.86,-0.75
1956,2,124,98.97,-2.74,0.11,-0.54,-0.3,-0.69,23.2,26.2,25.86,-37,-2.2,1.07,1.29,1.07,0.93,1.13,1.07,0.79,0.9,0.86,1.18,1.83,-0.48
1956,3,118.4,109.16,-2.56,0.02,-0.63,-0.34,-0.6,27.5,30.5,26.13,-158,0.6,0.55,0.39,0.28,0.37,1.02,0.69,0.39,1.26,0.42,1.82,0.48,-0.46
1956,4,110.7,117.82,-2.17,0.07,-0.62,-0.39,-0.56,31.6,34.6,26.26,-90,-1.6,2.64,2.64,2.27,2.28,1.39,1.36,2.88,2.98,2.37,2.26,2.74,-0.72
1956,5,136.6,128.81,-1.41,-0.05,-0.43,-0.26,-0.55,29.2,32.2,27.29,-92,4.9,3.6,3.21,4.68,3.56,-0.05,-0.68,3.78,3.21,2.32,2.04,2.84,-0.35
1956,6,116.6,136.72,-1.7,-0.25,-0.59,-0.31,-0.52,23.4,26.4,27.63,-60,1,4.29,4.42,3.76,3.38,-0.48,-1.14,4.19,6.58,4.98,3.87,3.47,-0.42
1956,7,129.1,143.5,-1.03,-0.08,-0.52,-0.39,-0.57,19.7,22.7,27.38,-35,-0.8,5.16,5.98,4.88,3.92,0.39,0.04,4.13,4.73,6.54,6.36,5.38,-0.49
1956,8,169.6,147.86,-1.16,-0.09,-0.59,-0.46,-0.57,20.6,23.6,27.43,-7,-1.2,6.67,7.89,6.49,6.19,0.1,0.09,7.13,7.8,6.01,5.25,5.14,-0.56
1956,9,173.2,150.43,-0.71,-0.08,-0.59,-0.53,-0.58,22.3,25.3,27.93,128,-0.7,6.7,6.98,6.78,7.87,0.22,0.2,7.16,6.52,4.35,5.44,6.18,-0.35
1956,10,155.3,154.8,-2.3,-0.03,-0.56,-0.61,-0.66,19.2,22.2,27.44,683,0.9,7.02,8.2,5.43,5.98,-0.2,0.11,12.55,10.79,7.52,5.05,7.96,-0.4
1956,11,201.3,158.95,-2.11,-0.08,-0.81,-0.92,-0.62,32.2,35.2,26.26,29,1.7,0.51,0.51,0.71,0.94,0.15,0.22,0.37,0.31,0.41,0.31,0.42,-0.57
1956,12,192.1,163.88,-1.28,0.03,-0.49,-0.59,-0.6,18.1,21.1,26.48,6,1.7,0.45,0.39,0.55,0.78,-0.03,-0.22,0.21,0.29,0.1,0.76,1.71,-0.41
1957,1,165,169.31,-1.82,-0.07,-0.48,-0.55,-0.35,28.6,28.6,26.38,139,1.8,1.72,1.95,1.43,1.87,-0.2,-0.65,0.66,1.63,1.79,1.62,1.81,-0.33
1957,2,130.3,171.53,-0.68,-0.1,-0.08,0.13,-0.07,26.7,26.7,26.14,60,-1,4.16,3.88,4.53,5.52,0.48,-0.17,4.72,3.74,3.3,5.34,3.58,-0.07
1957,3,157.4,176.62,0.03,-0.01,0.36,0.58,0.28,36.6,36.6,28.78,107,-1.7,3.83,4.79,4.23,3,1.33,1.07,2.1,4.91,4.16,6.6,4.07,0.35
1957,4,175.2,182.82,-0.58,-0.06,0.56,0.69,0.52,28.7,28.7,28.93,61,1,5.17,5.76,4.4,7.32,0.43,-0.16,4.36,5.31,4.12,4.08,5.26,0.58
1957,5,164.6,187.1,0.57,-0.11,0.64,0.78,0.54,18,18,28.44,243,0.3,7.27,7.3,7.48,5.91,0.84,-0.03,7.86,8.11,6.24,7.05,5.22,0.72
1957,6,200.7,190.03,1.76,0,0.43,0.94,0.61,29,29,29.32,151,-3.1,6.13,6.3,5.74,5.33,1.06,0.7,8.15,5.94,7.9,5.52,5.38,0.78
1957,7,187.2,190.83,0.72,0.05,0.77,1.17,0.74,21.6,21.6,29.05,249,-1.6,7.98,8.74,8.03,7.41,0.98,0.76,7.58,8.51,7.32,7.17,9.99,1.14
1957,8,158,190.82,0.51,0.21,1.04,1.39,0.82,20.7,20.7,30.42,469,0.8,8.57,8.55,8.37,9.79,0.36,0.45,9.68,7.36,7.51,6.09,8.35,1.21
1957,9,235.8,195.47,1.59,0.23,0.66,0.82,0.82,56.9,56.9,30.37,892,-1.9,8.19,8.4,8.26,5.78,0.92,0.71,7.72,7.81,9.18,11.21,5.85,1.1
1957,10,253.8,198.44,1.5,0.16,0.77,0.87,0.87,24,24,30.27,289,2.5,4.27,3.04,4.63,6.19,0.23,0.36,4.11,2.02,1.7,2.16,8.47,1.12
1957,11,210.9,198.45,-0.32,0.09,1.19,1.3,1.05,29.4,29.4,30.86,76,-1.9,1.2,1.44,1.32,2.17,0.42,0.08,3.08,0.76,0.97,0.67,1.55,1.37
1957,12,239.4,198.98,-0.55,0.09,1.19,1.25,1.33,31.6,31.6,30.91,333,1.3,4.64,2.79,4.55,4.65,-0.28,-0.72,2.82,3.38,4.41,5.35,3.21,1.54
1958,1,202.5,198.26,0.25,0.06,1.62,1.45,1.41,25.4,25.4,32.1,692,-0.6,6.88,6.85,6.65,7.78,0.69,0.47,6.51,7.04,6.15,5.57,8.92,1.8
1958,2,164.9,199.26,0.62,0.2,1.41,1.12,1.37,43.1,43.1,32.46,163,-2.4,1.42,3.03,1.15,0.84,1.4,1.47,1.41,2.52,0.86,1.18,0.78,1.65
1958,3,190.7,202.58,0.25,0.35,1.07,0.6,1.04,36,36,29.92,465,-2.5,6.45,6.03,6.8,5.82,1.68,1.62,7.51,5.68,5.82,6.5,4.33,1.12
1958,4,196,198.41,1.06,0.36,0.63,0.39,0.79,27.5,27.5,29.98,284,1.5,2.41,3.32,2.19,1.56,0.67,0.45,3.71,2.66,3.04,4.46,2.41,0.71
1958,5,175.3,190.6,1.28,0.21,0.67,0.56,0.62,25.1,25.1,28.77,136,-0.6,7.94,3.81,9.28,11.8,0.71,0.14,10.31,4.06,6.12,5.97,7.18,0.64
1958,6,171.5,188.81,1.33,0.23,0.55,0.33,0.51,29.6,29.6,28.4,80,-2,5.95,6.03,6.53,4.11,1.4,1.03,6.49,5.03,4.87,7.22,4.53,0.67
1958,7,191.4,187.12,0.89,0.18,0.31,0.23,0.42,35.9,35.9,28.3,245,-2.1,6.56,5.61,7.37,6.35,1.4,0.96,3.38,6.91,4.52,7.32,3.28,0.38
1958,8,200.2,182.55,1.06,0.17,0.39,0.16,0.23,25,25,27.69,211,-0.5,5.57,5.43,6.66,5.22,1.21,1.11,6.98,4.57,6.11,6.33,4.15,0.36
1958,9,201.2,184.15,0.29,0.22,0,0,0.21,26.4,26.4,27.18,187,-1.3,5.46,4.35,5.91,5.35,1.11,1.1,3.7,4.17,4.33,4.37,4.73,0.31
1958,10,181.5,182.04,0.01,0.16,0.22,-0.02,0.15,24.7,24.7,26.9,55,1.6,4.31,4.41,4.62,5.88,-0.1,-0.76,6.01,3.4,3.13,3.98,8.34,0.52
1958,11,152.3,180.19,-0.18,0.2,0.23,0.15,0.32,14.9,14.9,26.94,-39,1.7,1.16,1.6,1.37,2.64,0.24,0.01,1.01,0.97,0.19,1.01,1.27,0.68
1958,12,187.6,179.68,0.86,0.23,0.51,0.17,0.42,27.2,27.2,26.28,126,-1,4.42,3.74,4.98,6.81,0.6,0.11,6.09,3.04,3.61,4.62,5.01,0.52
1959,1,217.4,178,0.69,0.11,0.53,-0.01,0.48,24.2,24.2,26.82,12,-3,2.05,3.16,1.74,2.41,0.83,0.77,3.17,2.47,1.51,1.67,3.59,0.62
1959,2,143.1,178.63,-0.43,0.13,0.39,-0.03,0.34,35.8,35.8,27.33,-51,1.6,1.56,2.73,1.28,1.39,0.18,-0.16,2.5,2.21,1.2,1.72,0.64,0.61
1959,3,185.7,174.4,-0.95,-0.02,0.11,-0.1,0.3,29.8,29.8,28.13,298,1.7,6.25,8.77,5.35,6.03,0.19,0.01,5.26,7.25,5.22,6.86,7.66,0.35
1959,4,163.3,167.49,-0.02,0.01,0.41,0.36,0.28,24.2,24.2,28.41,75,0.8,2.37,3.38,1.77,2.8,0.56,0.12,1.78,2.77,1.48,0.95,3.26,0.3
1959,5,172,163.07,0.23,0.02,0.31,0.36,0.2,25.6,25.6,29.83,183,-0.4,6.83,5.98,6.94,5.27,0.9,0.55,5.36,5.38,6.53,5.48,6.69,0.05
1959,6,168.7,160.97,0.44,-0.05,-0.11,-0.04,-0.04,21.6,21.6,30.13,982,1.4,12.64,10.46,12.68,14.1,0.53,0.03,6.32,9.64,11.28,11.96,12.93,-0.15
1959,7,149.6,157.79,-0.5,-0.02,-0.31,-0.39,-0.29,42.4,42.4,30.21,585,1.9,8.05,7.74,8.39,7.92,-0.31,-0.7,8.93,6.62,5.23,8.48,5.48,-0.43
1959,8,199.6,149.22,-0.62,0.02,-0.44,-0.53,-0.43,31.1,31.1,29.18,441,-0.2,7.48,8.75,8.07,7.61,0.84,0.79,17.14,6.85,4.75,7.82,6.81,-0.22
1959,9,145.2,146.08,-0.85,0.14,-0.52,-0.26,-0.32,36,36,28.99,761,-0.2,8.98,8.75,9.76,10.78,0.48,0.55,10.02,8.02,7.83,7.8,10.28,-0.22
1959,10,111.4,141.18,0.52,0.12,0.01,0.05,-0.22,28.1,28.1,31.26,1100,1.5,9.26,8.82,10.09,11.25,-0.03,-0.04,8.59,11.32,9.48,8.14,10.15,0.04
1959,11,124,137.82,1.11,0.06,-0.14,0,-0.07,32,32,31.75,495,1.2,3.44,1.68,4.18,8.06,-0.36,-1.06,8.35,1.49,1.7,1.29,4.8,-0.15
1959,12,125,133.06,0.06,0.12,-0.09,-0.04,-0.12,30.7,30.7,32.24,289,2,1.41,1.9,1.33,2.04,-0.11,-0.86,0.51,1.76,1.52,1.08,3.36,-0.03
1960,1,146.3,129.45,0.3,0.19,-0.13,0.07,-0.16,25.2,25.2,31.05,96,-2,0.35,0.86,0.34,0.22,0.58,0.53,0.89,0.43,0.35,0.3,0.22,-0.11
1960,2,106,128.25,0.52,0.23,-0.27,-0.12,-0.07,23.4,23.4,30.73,319,-3.3,3.37,4.91,2.8,2.95,0.92,0.69,4.18,5.18,5.23,4.25,5.65,-0.2
1960,3,102.2,122.68,-0.21,0.1,0.2,0.23,0.05,27.6,27.6,29.92,213,-0.8,3.28,7.61,2.1,1.38,0.73,0.57,8.66,5.45,3.85,1.43,2.73,-0.14
1960,4,122,117.88,0.09,0.11,0.23,0.06,0.2,51.4,51.4,31.38,317,1.5,4.78,3.18,5.08,6.56,0.5,-0.13,5.1,3.19,2.78,4.62,6.43,0.05
1960,5,119.6,116.21,0.91,0.31,0.17,-0.04,0.13,31.5,31.5,32.53,62,0,3.99,2.57,4.54,4.17,1.11,0.79,3.49,2.86,3.33,3.24,4.22,-0.04
1960,6,110.2,113.25,0.64,0.33,-0.02,-0.29,0.03,27.5,27.5,32.83,356,0.6,7.57,6.82,7.72,7.35,0.33,-0.31,9.77,7.89,7.63,5.32,8.13,-0.28
1960,7,121.7,108.09,-0.27,0.28,-0.06,-0.18,0.08,28.1,28.1,32.45,393,2,10.84,13.54,11.12,7.34,0.57,0.07,7,11.42,8.15,8.3,7.79,-0.14
1960,8,134.1,100.38,-0.38,0.35,0.31,0.19,0.17,27.2,27.2,32.58,713,-3.5,7.13,6.09,7.09,6.37,0.7,0.43,7.15,5.96,6.25,9.06,6.2,0.29
1960,9,127.2,96.31,-0.94,0.22,0.24,0.14,0.1,26.3,26.3,32.11,1683,1.4,15.16,14.54,14.94,20.3,-0.2,-0.48,21.16,13.13,11.81,16.43,18.05,0.15
1960,10,82.8,93.17,0.09,0.31,-0.25,-0.52,-0.05,45.6,45.6,29.64,1155,-2.9,4.75,3.52,5.45,7.52,0.88,0.77,7.43,3.54,3.49,5.43,4.08,0.04
1960,11,89.6,87.71,-0.23,0.26,-0.14,-0.44,-0.17,45.8,45.8,28.87,331,0.5,1.67,0.57,2.29,2.32,0.45,0.06,1.31,0.89,0.83,1,1.09,0.06
1960,12,85.6,84.46,0.17,0.15,-0.11,-0.35,-0.14,34.4,34.4,28.24,81,2.1,0.73,1.16,0.76,0.54,-0.34,-0.88,1.19,0.88,0.82,0.78,0.84,-0.06
1961,1,57.9,81.38,1.18,0.07,-0.17,-0.35,-0.07,20.6,20.6,28.89,199,0.9,2.9,2.85,3.44,4.51,-0.21,-0.6,2.52,2.69,2.27,3.21,3.57,0
1961,2,46.1,76.32,0.43,0.09,0.08,0.12,-0.03,25,25,28.16,123,1,1.18,2.22,1.16,0.62,-0.13,-0.81,2.27,1.51,0.9,1.12,0.68,-0.03
1961,3,53,70.89,0.09,0.16,0.01,0.03,0.13,21.9,21.9,27.69,8,0.3,1.96,2.51,1.8,2.1,0.24,-0.07,2.45,2.42,2.73,4.79,3.08,-0.09
1961,4,61.4,64.01,0.34,0.24,0.31,0.53,0.21,21.8,21.8,25.83,-83,-1.3,1.5,2.26,1.39,1.28,1.34,1.43,1.6,2.47,1.45,1.05,1.36,-0.11
1961,5,51,60.15,-0.06,0.2,0.3,0.35,0.46,22.2,22.2,23.44,47,-1.2,6.4,4.15,6.42,7.65,0.33,0.02,3.18,4.17,5.26,7.06,8.37,0.14
1961,6,77.4,56.32,-0.61,0.04,0.77,0.63,0.44,20,20,22.33,-29,3.5,5.97,4.98,6.12,5.58,-0.29,-0.72,3.14,5.16,2.98,4.04,4.75,0.33
1961,7,70.2,52.72,-1.22,-0.01,0.25,-0.29,0.25,35.9,35.9,21.7,-35,0.3,5.14,5.15,5.07,2.35,0.28,-0.06,3.69,4.51,4.06,5.07,1.37,0.13
1961,8,55.8,52.13,-1.13,0.05,-0.27,-0.65,-0.16,18.4,18.4,21.21,104,1.3,6.75,7.85,6.54,5.87,-0.23,-0.62,5.87,7.2,6.14,7.36,7.4,-0.18
1961,9,63.6,52.09,-2.01,0.01,-0.46,-0.97,-0.42,20.7,20.7,20.67,-3,2.1,2.91,2.41,3.49,2.93,-0.06,-0.43,4.19,2.13,1.61,3.3,2.68,-0.36
1961,10,37.7,51.58,-2.28,0.04,-0.52,-0.68,-0.41,23.2,23.2,20.73,-78,1.8,2.82,1.75,2.75,5.48,-0.59,-1.13,2.86,2.65,2.24,1.66,4.42,-0.4
1961,11,32.6,50.22,-1.85,0.08,-0.26,-0.29,-0.32,17.2,17.2,19.98,-93,-0.2,0.92,0.98,0.99,1.51,0.38,0.22,0.65,1.06,0.62,1.14,1.86,-0.16
1961,12,39.9,49.53,-2.69,0.22,-0.17,-0.09,-0.27,21,21,19.82,-97,-4.5,0.38,1.16,0.35,0.44,0.94,1.09,0.58,0.23,0.12,0.36,0.15,-0.09
1962,1,38.7,45.25,-1.29,0.16,-0.37,-0.24,-0.27,13.1,13.1,18.57,-7,2.1,1.12,1.15,1.25,1.39,-0.33,-0.67,0.94,0.84,0.93,0.88,1.06,-0.2
1962,2,50.3,41.53,-1.15,0.16,-0.27,-0.08,-0.29,19.1,19.1,19.21,-47,0.9,0.72,1.14,0.68,0.74,-0.35,-1.03,1.38,0.88,0.55,0.64,0.73,-0.25
1962,3,45.6,41.18,-1.42,0.18,-0.23,-0.43,-0.24,15.4,15.4,19.96,-36,-4.2,2.96,3.51,2.99,3.22,1.19,1.16,3.08,4.22,4.03,5.5,3.15,-0.18
1962,4,46.4,39.33,-0.8,0.1,-0.21,-0.66,-0.23,22.5,22.5,20.79,-49,0.4,2.1,2.39,2.17,3.19,0.12,-0.51,1.66,2.15,2.25,1.48,4.75,-0.25
1962,5,43.7,38.5,-1.22,0.03,-0.25,-0.47,-0.16,13.3,13.3,21.23,-86,-0.3,2.82,3.05,2.36,1.77,0.67,0.24,2.76,4.2,3.31,6.6,1.4,-0.37
1962,6,42,37.78,-1.62,-0.06,-0.01,-0.24,-0.05,18,18,21.43,268,-0.4,11.11,10.13,11.55,9.69,0.15,-0.66,8.2,11.23,9.21,16.39,6.25,-0.19
1962,7,21.8,36.23,-1.46,0,0.12,-0.15,0.05,20.9,20.9,21.93,355,-2.4,6.92,5.71,7.02,7.52,0.38,0.03,7.03,5.34,5.63,6.09,9.44,-0.07
1962,8,21.8,35.13,-0.48,-0.05,0.04,-0.08,-0.05,26.1,26.1,21.61,364,0.9,8.11,8.77,8.31,7.39,-0.38,-0.99,7.64,8,7,4.01,11.78,-0.07
1962,9,51.3,32.58,-1.58,0.01,-0.29,-0.41,-0.21,29.7,29.7,21.56,860,-0.6,10,9.14,11.35,8.7,-0.06,-0.62,7,5.97,8.84,10.57,9.6,-0.3
1962,10,39.5,31.32,-1.55,0.08,-0.37,-0.43,-0.37,33.2,33.2,21.19,16,0,2.24,1.23,2.73,2.16,-0.06,-0.34,1.28,1.35,1.48,1.82,0.84,-0.15
1962,11,26.9,31.06,-0.37,0.06,-0.43,-0.6,-0.45,22.4,22.4,21.78,-15,-0.4,2.25,2.84,2.46,2.13,-0.03,-0.39,2.81,2.8,2.86,3.09,2.94,-0.43
1962,12,23.2,30.46,-0.96,0.2,-0.54,-0.74,-0.49,23.4,23.4,21.98,-106,-1.2,0.43,0.51,0.46,0.53,0.28,0.17,1,0.59,0.25,0.31,0.29,-0.42
1963,1,19.8,28.74,-0.33,0.17,-0.49,-0.47,-0.44,19.2,19.2,21.97,-51,-5.1,1.21,2,0.93,1.03,0.76,0.76,2.59,1.38,0.94,0.8,0.67,-0.41
1963,2,24.4,29.62,-0.16,0.18,-0.28,-0.33,-0.25,15.2,15.2,21.66,75,-1.2,4.5,6.43,3.82,3.89,0.75,0.51,7.07,5,4.04,3.95,4.42,-0.23
1963,3,17.1,30.92,-0.54,0.14,0.02,0.06,-0.04,14.8,14.8,22.53,-81,0.9,0.86,1.75,0.45,0.98,0.45,0.18,2.16,1.15,0.98,0.49,1.68,0.16
1963,4,29.3,29.69,-0.41,0.11,0.14,0.29,0.15,18.1,18.1,21.72,-227,-0.9,0.53,0.46,0.36,0.44,1.53,1.41,1,0.97,0.6,0.27,0.37,0.28
1963,5,43,28.45,-0.65,-0.08,0.29,0.45,0.3,20.3,20.3,21.57,-43,5.2,6.54,5.98,6.56,5.58,-0.72,-1.78,6.79,6.92,6.49,8.68,5.12,0.01
1963,6,35.9,27.53,-0.88,-0.04,0.47,0.59,0.6,20.5,20.5,21.18,-17,-1.8,6.7,6.53,7.39,6.61,0.51,-0.19,6.83,6.88,5.12,8.09,6.07,0.23
1963,7,19.6,26.92,-1,-0.03,1.02,0.96,0.85,20.7,20.7,21.25,-164,-2.3,3.82,6.13,2.71,2.5,0.52,-0.18,4.42,4.71,5.07,2.67,4.91,0.84
1963,8,33.2,26.76,-1.03,-0.06,1.07,1.03,1.07,22.4,22.4,21.65,-71,0.3,5.78,5.76,6.1,4.84,-0.38,-1.07,5.39,4.62,4.26,5.96,2.8,1.01
1963,9,38.8,26.15,0.45,-0.19,1.11,0.9,1.07,40.2,40.2,22.16,-8,2,8.75,8.21,9.58,11.53,-1.02,-1.58,4.96,8.05,7.22,3.81,9.02,1.12
1963,10,35.3,25.5,-0.52,-0.06,1.05,1.03,1.06,23.4,23.4,22.45,-96,2.1,2.12,1.12,2.32,7.3,-0.24,-0.7,1.4,0.79,0.72,0.93,7.05,1.2
1963,11,23.4,23.98,-2.08,-0.05,1.03,0.81,1.1,20.6,20.6,22.21,-30,-1.2,3.23,5.31,2.48,2.26,0.25,0.06,8.72,3.95,3.31,3.32,3.72,1.13
1963,12,14.9,21.37,-1.08,-0.05,1.23,1.15,1.04,18.8,18.8,21.76,132,-2.5,3.57,2.94,3.39,4.25,0.17,0.16,2.57,3.04,3.84,3.53,8.47,1.31
1964,1,15.3,18.85,0.01,-0.07,0.86,0.5,0.84,20,20,21.43,181,-1.5,2.16,3.79,1.79,1.29,0.52,0.57,4.79,2.66,2.12,2.49,2.74,0.98
1964,2,17.7,18.05,-0.21,0.03,0.42,0.17,0.33,20,20,20.79,196,-1.5,3.06,4.65,2.85,3.21,1.27,1.51,3.75,3.9,3.83,4.99,4.42,0.66
1964,3,16.5,15.86,-0.87,0.05,-0.29,-0.37,-0.06,20.9,20.9,18.95,-7,-1.3,1.65,2.92,1.36,1.16,0.82,1.02,3.47,1.75,0.75,0.66,0.82,0.05
1964,4,8.6,13.35,-1.03,-0.14,-0.33,-0.66,-0.4,21.6,21.6,18.4,3,1.2,3.05,1.72,3.23,5.19,-0.37,-0.93,1.86,2.73,2.39,1.91,4.11,-0.42
1964,5,9.5,11.2,-1.91,0.05,-0.59,-1.07,-0.55,17.4,17.4,17.83,-11,1.6,3.45,3.36,3.28,3.87,0.57,0.17,2.74,3.44,3.19,2.24,2.7,-0.56
1964,6,9.1,10.56,-0.32,0.01,-0.75,-1.14,-0.7,15.1,15.1,17.12,77,-0.3,7.69,4.45,8.05,8.75,0.85,0.75,5.82,5,5.62,8.06,3.43,-0.7
1964,7,3.1,10.76,-0.51,-0.13,-0.76,-0.84,-0.7,16.8,16.8,16.43,75,1.6,6.01,7.09,5.77,4.72,-0.26,-0.47,7.77,6.48,7.24,6.82,7.85,-0.64
1964,8,9.3,10.68,-1.03,-0.22,-0.6,-1.02,-0.74,14.7,14.7,16.11,196,-3,8.52,8.01,7.19,8.79,0.14,0.23,7.88,7.89,7.53,10.13,12.91,-0.74
1964,9,4.7,10.22,-0.68,-0.21,-0.84,-0.8,-0.78,18.1,18.1,15.55,305,-0.9,6.14,6.72,5.39,6.05,-0.31,-0.12,6.72,6.76,5.62,3.75,6.86,-0.81
1964,10,6.1,9.48,-0.37,-0.26,-0.88,-0.63,-0.93,16.8,16.8,14.79,165,1.2,5.54,2.51,5.54,11.28,-0.73,-1.1,3.06,2,3.14,1.37,9.21,-0.73
1964,11,7.4,10.67,-0.8,-0.16,-1.07,-0.82,-1.01,13.7,13.7,14.21,-75,0.5,1.05,0.9,1.28,2.71,0.11,0.21,1.08,0.65,0.33,0.41,1.02,-0.87
1964,12,15.1,11.16,-1.52,-0.11,-1.07,-1.12,-0.95,10.3,10.3,14.26,-50,0,1.82,1.94,1.82,2.98,0.06,0.11,1.35,1.73,1.08,0.75,1.09,-0.82
1965,1,17.5,11.38,-1.24,-0.19,-0.7,-0.64,-0.71,11.7,11.7,14.08,-86,-0.2,0.76,1.19,0.79,1.07,0.47,0.45,1.55,1.13,0.25,0.65,0.5,-0.57
1965,2,14.3,11.82,-1.16,-0.17,-0.35,-0.2,-0.47,16.2,16.2,14.25,108,-3.7,3.56,3.6,3.74,4.15,0.8,0.8,4.98,4.25,3.81,3.24,6.03,-0.21
1965,3,11.7,12.4,0.04,-0.07,-0.36,-0.16,-0.26,14.2,14.2,14.19,99,-1.2,2.41,2.86,2.01,1.39,1.02,1.22,2.05,2.81,3.51,3.66,1.69,-0.01
1965,4,6.8,13.58,0.62,-0.09,-0.07,0.21,0.04,12.5,12.5,13.88,-145,3,1.46,1.79,1.85,1.16,0.57,0.36,1.06,2.36,1.44,2.66,1.42,0.02
1965,5,24.1,14.33,-0.66,-0.09,0.55,0.96,0.41,10.4,10.4,13.7,-251,-0.7,1.13,0.53,1.65,0.76,1.13,0.94,0.6,0.09,1.88,1.14,0.95,0.4
1965,6,15.9,15.07,-0.8,-0.12,0.74,0.92,0.75,15.7,15.7,13.98,171,1.1,8.67,8.31,9.29,8.31,0.26,-0.12,9.11,6.92,9.19,15.97,7.56,0.72
1965,7,11.9,16.08,-0.47,-0.18,0.95,1.03,1,14.7,14.7,14.18,143,-0.9,8.54,10.08,8.22,8.32,-0.05,-0.14,9.56,4.56,7.08,8.82,7.1,1
1965,8,8.9,16.61,0.2,-0.2,1.29,1.26,1.25,16.7,16.7,14.07,212,0.6,6.21,6.26,6.18,4.01,0.21,0.11,6.23,4.65,7.02,7.93,3.31,1.41
1965,9,16.8,17.45,0.59,-0.21,1.51,1.47,1.49,17.4,17.4,14.43,161,-0.2,6.88,5.95,7.24,7.76,-0.2,-0.38,7.37,1.97,4.84,6.02,7.42,1.59
1965,10,20.1,20.3,-0.36,-0.24,1.67,1.46,1.63,13,13,14.38,397,-0.6,7.47,4.3,8.73,15.37,0.16,0.06,5.99,3.76,7.25,5.85,10.6,1.87
1965,11,15.8,23.26,-0.59,-0.27,1.71,1.62,1.66,11.6,11.6,14.73,55,-1.9,0.95,0.88,1.01,2.12,-0.13,-0.34,1.15,0.48,0.26,0.39,1.87,1.76
1965,12,17,25.08,0.06,-0.11,1.6,1.51,1.56,13.7,13.7,14.46,-22,0.7,1.19,2.05,0.94,0.83,0.36,-0.01,1.99,0.84,1.01,1.27,0.91,1.65
1966,1,28.2,28.22,-0.82,-0.07,1.37,1.33,1.32,14.1,14.1,14.65,170,-3.5,4.21,5.02,4.2,4.95,1.52,1.58,5.14,3.86,3.55,2.86,5.75,1.2
1966,2,24.4,31.24,-0.03,0.02,0.97,0.78,1.1,14.8,14.8,14.92,214,-2.5,3.19,4.33,2.81,4.14,1.6,1.59,6.31,3.52,3.1,2.93,5.11,0.9
1966,3,25.3,34.42,-1.29,0,0.95,0.22,0.87,18.5,18.5,15.91,224,0.4,1.22,1.44,1.23,2.66,0.79,0.63,1.41,0.82,0.76,0.8,2.42,1.01
1966,4,48.7,37.52,0.06,0.05,0.67,0.24,0.63,11.9,11.9,16.28,1,-1.1,2.56,2.19,2.88,2.7,1.55,1.64,1.44,1.74,3,3.4,4.18,0.64
1966,5,45.3,40.38,-0.53,0.01,0.28,-0.44,0.49,14.7,14.7,16.71,43,2.3,5.08,4.43,5.22,5.47,-0.02,-0.75,5.56,4.76,4.47,6.34,5.35,0.02
1966,6,47.7,44.58,0.16,-0.04,0.51,0.03,0.45,12.4,12.4,17.27,307,0.9,13.75,8.88,14.95,16.87,0.1,-0.41,9.66,8.42,11.15,11.99,12.77,0.3
1966,7,56.7,51.8,0.26,-0.05,0.55,0.25,0.39,17,17,17.66,562,0.8,7.33,6.32,8.51,7.55,-0.07,-0.04,5.73,6.45,7.92,6.88,5.31,0.25
1966,8,51.2,56.83,-0.35,-0.03,0.13,-0.15,0.29,19.9,19.9,18.07,711,-2.9,6.96,7.83,7.19,7.33,0.71,1.31,7.3,7.65,7.51,8.33,4.18,-0.01
1966,9,50.2,63.55,-0.33,0.01,0.21,-0.25,0.15,29.3,29.3,17.67,399,-1.2,6.87,6.56,6.54,7.05,0.68,0.94,7.43,5.18,7.77,11.82,6.64,-0.02
1966,10,57.2,66.95,-1.17,0.02,0.11,-0.11,0.12,17.4,17.4,17.96,356,-3.4,4.4,2.83,4.95,8.94,0.82,1.14,1.96,3.18,4.27,2.6,6.63,-0.04
1966,11,57.2,69.86,-1.15,0.01,0.04,-0.33,0,16.8,16.8,19.48,-99,0.7,0.47,0.48,0.49,1.33,-0.13,-0.12,0.49,0.17,0.2,0.13,2.12,-0.09
1966,12,70.4,71.55,-0.32,0.09,-0.15,-0.49,-0.17,20.4,20.4,19.99,-96,1.8,0.74,1.01,0.72,1.01,0.37,0.31,1.17,0.48,0.68,0.78,1.45,-0.29
1967,1,110.9,74.92,-0.2,0.09,-0.4,-0.29,-0.29,18.8,18.8,19.77,-57,-1.6,1.46,0.89,1.67,2.57,0.67,0.81,1.64,0.6,0.91,2.21,1.47,-0.41
1967,2,93.6,78.81,-0.18,0.1,-0.33,-0.1,-0.36,19.7,19.7,19.57,-50,1.4,2.8,3.58,2.56,2.28,0.62,0.41,4.02,2.96,3.02,2.7,2.91,-0.42
1967,3,111.8,80.78,-1.2,-0.02,-0.35,-0.29,-0.42,13.7,13.7,19.18,-114,2.4,1.1,0.79,1.16,2.25,-0.01,-0.62,0.85,0.32,0.69,0.18,1.63,-0.57
1967,4,69.5,83.7,-0.89,-0.01,-0.59,-0.59,-0.42,15.4,15.4,19.2,-225,0.7,0.08,0.08,0.1,0.12,0.43,0.43,0.06,0.08,0.16,0.1,0.39,-0.64
1967,5,86.5,86.55,-1.24,-0.18,-0.3,-0.21,-0.25,33,33,19.37,-233,-0.4,1.36,1.1,1.38,1.02,-0.21,-0.54,0.79,0.57,1.64,1.91,0.86,-0.21
1967,6,67.3,91.88,-1.16,-0.25,0.14,0.1,0,18.5,18.5,19.7,22,2.1,11.37,8.42,11.67,14,-0.58,-0.94,9.42,6.04,10.75,11.02,8.83,0.12
1967,7,91.5,95.83,-0.89,-0.22,0.17,-0.24,0.01,14.3,14.3,19.88,232,-0.5,7.01,8.09,6.95,5.99,-0.67,-0.82,10.17,7.01,7.14,8.07,6.72,-0.02
1967,8,107.2,95.91,-1.24,-0.15,-0.28,-0.76,-0.22,17.5,17.5,20.45,172,0.2,6.9,9.8,6.62,5.68,-0.83,-1.04,9.15,5.77,6.5,7.13,7.3,-0.1
1967,9,76.8,95.8,-0.72,-0.09,-0.56,-1,-0.44,24.6,24.6,21.25,128,0.1,6.92,5.35,7.24,6.53,-0.43,-0.35,5.02,6.96,6.32,5.51,5.02,-0.5
1967,10,88.2,93.45,-0.64,-0.09,-0.48,-0.92,-0.47,17.7,17.7,21.82,288,2,5.03,2.3,5.77,11.03,-0.88,-1.54,1.04,1.76,4,4.53,9.66,-0.38
1967,11,94.3,97.88,-0.05,-0.22,-0.36,-0.92,-0.45,18.8,18.8,20.84,-119,1,0.88,0.4,1.05,1.96,-0.44,-0.93,0.23,0.26,0.19,0.31,1.04,-0.33
1967,12,126.4,99.72,-0.4,-0.14,-0.52,-0.87,-0.54,24.4,24.4,21.37,-94,-0.9,2.03,2.43,2.16,1.58,-0.08,-0.34,2.66,1.67,1.65,2.38,1.45,-0.46
1968,1,121.8,101.93,-0.95,-0.24,-0.73,-1.02,-0.69,21,21,21.67,-99,0.5,0.72,0.49,0.83,1.21,-0.16,-0.26,0.39,0.92,0.51,0.31,0.76,-0.72
1968,2,111.9,103.3,-0.4,-0.19,-0.81,-1.24,-0.74,26.5,26.5,21.88,-90,-1.7,2.37,1.99,2.64,2.98,0.76,0.78,2.24,1.96,1.83,1.66,2.06,-0.93
1968,3,92.2,104.07,-0.31,-0.2,-0.68,-1.09,-0.65,23.3,23.3,21.65,-136,1.7,1.09,1.17,1.28,1.49,-0.25,-0.78,1.07,1.01,0.73,1.33,0.77,-0.8
1968,4,81.2,106.45,-1.03,-0.15,-0.45,-0.62,-0.46,22.2,22.2,22.23,-212,-1.9,0.59,0.69,0.65,0.87,0.2,-0.29,0.39,0.59,0.44,0.8,0.49,-0.4
1968,5,127.2,106.28,-0.53,-0.11,-0.24,-0.57,-0.1,21.3,21.3,22.84,19,-0.8,9.14,5.98,10.07,12.69,-0.02,-0.37,4.96,5.48,7.99,7.76,6.05,-0.33
1968,6,110.3,107.47,-0.35,-0.25,0.39,0.09,0.27,24.8,24.8,22.49,1112,0.3,15.18,14.7,14.87,16.52,-0.1,-0.57,14.85,13.95,13.44,11.21,14.77,0.45
1968,7,96.1,105.78,0.53,-0.22,0.66,0.6,0.49,17.9,17.9,22.22,971,-3.6,8.4,8.32,8.34,6.59,-0.61,-0.98,5.19,6.92,7.31,9.76,7.08,0.52
1968,8,109.3,105.68,0.19,-0.2,0.43,0.43,0.4,20,20,22.15,116,-1.1,5.93,6.12,6.62,7.29,-0.24,-0.17,4.18,5.22,3.8,6.51,5.76,0.4
1968,9,117.2,107.52,0.06,-0.14,0.13,0.36,0.28,21.9,21.9,22.48,194,-1,7.61,5.69,9.21,10.33,-0.4,-0.32,4.44,5.63,5.73,4.27,7.48,0.28
1968,10,107.7,108.64,-0.34,-0.1,0.28,0.3,0.38,24.7,24.7,22.58,268,-3.1,6.63,5.14,7.32,9.65,0.32,0.15,3.1,5.38,6.13,4.8,7.67,0.28
1968,11,86,111.62,-0.44,-0.1,0.74,0.56,0.61,26.1,26.1,22.9,68,-1.7,2.11,2.82,2.03,1.9,0.78,0.92,2.67,2.27,2.34,2.67,2.3,0.71
1968,12,109.8,109.99,-1.27,-0.12,0.82,0.69,0.96,20.2,20.2,22.22,-108,-1.4,0.17,0.48,0.18,0.1,0.18,-0.17,0.24,0.3,0.13,0.13,0.03,0.75
1969,1,104.4,108.95,-1.26,-0.05,1.32,0.95,1.06,17.7,17.7,21.97,58,-3.3,2.42,2.42,2.63,3.97,0.71,0.79,3.49,1.66,1.72,1.79,1.86,0.95
1969,2,120.5,109.1,-0.95,0.12,1.05,0.52,0.97,25.7,25.7,21.58,-50,-3.2,1.8,1.73,1.91,1.78,0.98,0.91,1.72,1.47,1.69,1.42,1.31,1.12
1969,3,135.8,107.72,-0.5,0.22,0.54,0.53,0.65,27.2,27.2,21.73,528,-2.6,4.87,6.85,4.4,4.06,1.08,1.2,5.95,6.58,6.36,6.84,6.12,0.79
1969,4,106.8,106.06,-0.44,0.16,0.35,0.52,0.55,23.5,23.5,21.1,-52,1.5,2.24,1.54,1.89,2.51,-0.17,-0.8,1.94,2.45,1.38,0.69,1.07,0.7
1969,5,120,104.97,-0.2,0.02,0.76,1.13,0.55,25.1,25.1,20.48,83,-1.3,5.45,4.14,5.97,7.45,0.29,-0.11,2.58,3.49,5.52,5.28,12.11,0.68
1969,6,106,105.88,0.89,0.04,0.54,0.96,0.55,16.6,16.6,19.93,148,0,11.02,6.19,12.8,11.91,0.13,-0.07,5.84,7.6,8.91,9.28,3.74,0.45
1969,7,96.8,106.02,0.1,0.1,0.36,0.44,0.42,14.9,14.9,19.65,-44,1.2,6.69,6.41,6.85,6.86,-0.63,-0.94,7.23,5.37,5.85,4.73,5.09,0.23
1969,8,98,107.82,-0.81,-0.09,0.35,0.56,0.48,15.3,15.3,18.56,427,-0.6,7.99,8.84,7.96,6.43,-0.53,-0.49,8.76,7.45,7.62,6.8,6.65,0.57
1969,9,91.3,106.46,-0.66,-0.1,0.73,1.05,0.65,23.8,23.8,18.48,189,1.8,7.69,7.35,7.13,8.8,-1.07,-0.84,7.43,6.88,6.53,7.54,8.32,0.76
1969,10,95.7,104.44,1.12,-0.18,0.85,1.01,0.81,17.1,17.1,18.45,1333,0.5,9.7,6.65,9.14,12.47,-0.28,-0.43,6.89,11.41,9.07,7.62,10.26,0.95
1969,11,93.5,106.03,0.15,-0.11,0.84,1.07,0.87,18.6,18.6,17.73,464,-0.6,2.13,2.66,1.73,2.85,-0.59,-0.91,2.27,2.38,1.95,0.51,3.82,0.73
1969,12,97.9,105.02,1.38,-0.02,0.93,1.12,0.91,13.7,13.7,17.88,319,1.3,2.38,3.98,1.98,1.27,-0.44,-0.45,4.86,2.8,2.85,3.84,2.78,0.71
1970,1,111.5,105.52,0.61,0,0.97,1.11,0.9,14.3,14.3,18.99,589,-2.9,3.56,3.61,3.37,3.57,0.95,1.56,2.91,3.85,4.65,4.42,4.16,0.54
1970,2,127.8,105.22,0.43,-0.04,0.81,0.65,0.79,12.6,12.6,19.46,208,1.1,2.46,2.98,2.21,2.84,-0.47,-0.74,3.64,2.24,2.94,2.7,3.41,0.49
1970,3,102.9,105.34,1.33,0.03,0.58,0.31,0.67,26.3,26.3,19.11,907,-1.3,9.35,6.34,10.16,9.44,0.29,0.16,5.82,5.86,12.02,13.62,10.57,0.3
1970,4,109.5,104.98,0.43,0.03,0.61,0.25,0.52,23.1,23.1,19.39,324,0.9,0.26,0.44,0.23,0.46,0.28,0.02,1.08,0.17,0.09,0.75,0.13,0.4
1970,5,127.5,104.94,-0.49,-0.04,0.37,-0.22,0.25,16.5,16.5,19.64,-263,2,5.73,4.42,6.74,6.45,-0.38,-0.99,3.89,3.91,6.25,6.07,4.77,0.13
1970,6,106.8,104.17,0.06,-0.17,-0.24,-0.76,-0.25,18.3,18.3,19.88,178,0.6,7.45,5.04,7.3,7.96,-0.94,-1.65,4.6,4.21,7.01,4.8,6.46,-0.29
1970,7,112.5,103.66,-0.68,-0.19,-0.87,-1.69,-0.71,28.3,28.3,20.63,190,-0.5,6.91,6.2,6.21,4.28,-0.88,-1.28,7.57,8.12,7.33,7.1,4.43,-0.62
1970,8,93,101.16,-1.63,-0.13,-1.01,-1.71,-0.96,20.9,20.9,21.34,90,-0.6,5.52,5.69,5.96,4.85,-0.4,-0.3,3.75,3.69,5.51,6.53,4.04,-0.88
1970,9,99.5,96,-1.67,-0.13,-1,-1.24,-0.96,19.6,19.6,20.9,-40,0.3,5.91,5.23,5.46,6.85,-0.34,-0.59,3.31,4.03,3.96,3.62,8.27,-0.76
1970,10,86.6,93.61,-1.39,-0.19,-0.88,-1.11,-1.02,20.5,20.5,20.96,52,-0.6,3.97,2.83,4.19,5.9,-0.58,-0.96,2.01,3.51,4.61,1.88,7.53,-0.84
1970,11,95.2,89.61,-0.8,-0.23,-1.17,-1.27,-1.21,21.6,21.6,21.33,-137,0,0.22,0.56,0.28,0.34,-0.41,-0.83,0.91,0.27,0.07,0.17,1.13,-0.86
1970,12,83.5,83.63,-0.97,-0.2,-1.58,-1.65,-1.43,16.5,16.5,21.22,-115,-1.5,0.35,0.73,0.26,0.35,-0.2,-0.37,1.29,0.55,0.28,0.35,0.38,-1.07
1971,1,91.3,81.65,-1.9,-0.24,-1.53,-1.53,-1.47,23.4,23.4,20.12,-108,-1.2,0.56,0.48,0.64,0.75,0.55,0.83,0.44,0.11,0.29,0.38,0.51,-1.55
1971,2,79,77.72,-1.74,-0.28,-1.29,-1.32,-1.37,21.1,21.1,19.8,30,1,2.02,4.04,1.39,1.38,-0.17,-0.45,4.82,3.02,1.48,1.4,3.38,-1.34
1971,3,60.7,74.42,-1.68,-0.3,-1.28,-1.17,-1.12,21,21,19.94,-135,0.2,0.73,1.54,0.42,0.55,0.09,-0.25,2.36,0.94,0.96,0.34,1.56,-1.08
1971,4,71.8,70.75,-1.59,-0.4,-0.79,-0.46,-0.89,23.8,23.8,20.08,-144,-1.8,0.48,0.93,0.37,0.75,0.2,-0.05,0.99,0.26,0.74,0.96,0.86,-0.84
1971,5,57.5,68.95,-1.55,-0.32,-0.61,-0.67,-0.71,21,21,19.83,-98,2.4,4.32,3.61,3.87,3.97,-0.19,-0.57,4.3,2.4,3.46,4.22,5.94,-0.62
1971,6,49.8,67.95,-1.55,-0.35,-0.73,-0.57,-0.59,16.9,16.9,20,-54,-1.9,8.26,6.11,7.73,6.25,-0.14,-0.37,6.99,8.88,7.57,9.89,6.68,-0.82
1971,7,81,66.25,-2.2,-0.34,-0.42,-0.37,-0.5,15.1,15.1,19.87,162,-1.9,7.19,7.06,6.18,4.7,-0.11,0.15,7.77,6.51,7.29,7.46,7.87,-0.74
1971,8,61.4,66.03,-0.15,-0.42,-0.35,-0.6,-0.49,17.1,17.1,19.63,146,2.2,7.26,7.22,7.06,4.9,-0.67,-0.64,5.28,6.57,6.9,8.93,6.59,-0.68
1971,9,50.2,66.12,0.21,-0.36,-0.7,-0.57,-0.64,21.3,21.3,19.66,473,-1.8,7.62,6.51,7.6,7.22,-0.43,-0.31,3.41,5.63,6.41,6.18,5.69,-0.7
1971,10,51.7,66.31,-0.22,-0.22,-0.85,-0.78,-0.8,22.1,22.1,19.18,125,-0.4,6.29,5.68,5.87,6.74,-0.54,-0.56,7.61,4.82,5.91,5.73,5.85,-0.87
1971,11,63.2,66.98,-1.25,-0.23,-0.85,-0.85,-0.9,18.7,18.7,18.8,2,1.1,1.82,1.68,1.93,4.63,-0.62,-0.85,1.76,0.5,1.93,1,3.48,-0.75
1971,12,82.2,69.32,-1.87,-0.3,-0.98,-0.93,-0.78,18.5,18.5,19.18,-110,0.8,1.56,1.58,1.68,3.03,-0.53,-0.55,1.74,1.06,1.06,0.86,3.29,-0.99
1972,1,61.5,71.38,-1.99,-0.31,-0.51,-0.33,-0.59,21.8,21.8,19.08,-49,0.4,1.2,1.11,1.15,1.79,-0.39,-0.68,1.53,1.45,0.77,0.7,1.45,-0.73
1972,2,88.4,71.05,-1.83,-0.37,-0.29,-0.2,-0.31,18.2,18.2,20.49,-77,0.6,2.89,4.58,2.52,2.46,-0.58,-0.97,4.48,3.38,2.21,1.93,3.55,-0.35
1972,3,80.1,71.25,-2.09,-0.43,-0.13,-0.03,-0.06,21.4,21.4,20.41,-185,1.1,3.47,3.07,3.06,3.78,-0.61,-1.19,2.46,3.05,1.95,2.35,2.41,0.01
1972,4,63.2,72.11,-1.65,-0.32,0.24,0.42,0.18,18,18,20.26,-89,1.2,3.35,1.83,3.78,6.38,-0.45,-1.04,1.41,1.53,2.89,1.7,4.96,0.37
1972,5,80.5,71.33,-1.57,-0.46,0.42,0.83,0.48,16.5,16.5,20.51,113,2.7,5.84,4.19,6.03,8.18,-1.18,-2.06,3.8,4.35,4.61,1.9,9.92,0.62
1972,6,88,69.95,-1.87,-0.48,0.79,1.06,0.71,21.4,21.4,20.53,329,3.1,9.52,8.55,10.58,10.7,-1.62,-2.23,8.7,9.49,7.74,11.44,11.3,0.73
1972,7,76.5,66.97,-0.83,-0.36,0.92,1.46,1.02,13.9,13.9,20.88,-23,-0.8,5.39,4.48,6.45,9.37,-1.32,-1.85,6.86,3.7,3.93,5.53,5.94,1.1
1972,8,76.8,65.54,0.25,-0.37,1.35,1.94,1.21,34.1,34.1,22.08,-27,0.1,7.27,7.23,7.23,4.26,-1.23,-1.45,6.79,5.17,5.3,5.72,3.97,1.34
1972,9,64,62.28,0.17,-0.29,1.35,1.84,1.53,20.3,20.3,23.37,-123,-3.1,3.31,1.65,4.76,4.64,-0.68,-0.66,0.45,2.09,1.82,2.62,1.94,1.45
1972,10,61.3,60.55,0.11,-0.28,1.89,2.04,1.82,20.3,20.3,25.16,-210,-1.4,2.15,2.74,2.34,2.73,-0.79,-0.98,1.53,1.14,1.27,1.39,3.54,1.8
1972,11,41.6,58.95,0.57,-0.27,2.22,2.29,2.06,21.7,21.7,25.95,-68,1.3,4.06,3.99,4.34,4.69,-0.8,-1.44,3,4.05,3.14,5.08,2.95,2.02
1972,12,45.3,55.8,-0.33,-0.34,2.07,2.32,1.94,18.8,18.8,26.43,-48,1.7,1.7,2.42,1.79,2.52,-1.1,-2,2.06,1.74,1.61,1.35,1.75,2.03
1973,1,43.4,50.81,-0.46,-0.36,1.53,1.64,1.66,26,26,27.01,16,0.5,3.29,5.39,3,3.3,-0.94,-1.49,4.34,4.11,3.08,3.27,3.07,1.69
1973,2,42.9,46.89,-0.61,-0.38,1.38,1.27,1.23,32.6,32.6,25.88,64,2.3,2.1,2.25,2.07,2.84,-1.29,-2.02,2.72,1.61,1.9,2.43,2.47,1.23
1973,3,46,45.55,-0.5,-0.33,0.79,0.79,0.76,36.8,36.8,26.08,82,0.9,2.86,3.4,2.66,2.2,-0.69,-1.55,3.07,2.55,3.19,4.04,1.95,0.57
1973,4,57.7,42.98,-0.69,-0.25,0.11,0.1,0.02,39.5,39.5,26.73,30,-3.3,1.62,2.85,1.34,1.14,-0.03,-0.47,1.92,3.24,1.84,1.08,1.61,0.01
1973,5,42.4,40.11,-0.76,-0.16,-0.84,-0.89,-0.61,26,26,26.64,-44,-0.8,3.24,3.33,2.7,3.18,-0.46,-0.6,4.41,5.27,4.45,2.48,4.79,-0.51
1973,6,39.5,38.7,-0.97,-0.16,-1.1,-0.96,-0.95,27.2,27.2,26.73,8,1.9,7.6,5.41,7.43,6.81,-0.65,-0.7,4.27,6.17,6.16,6.24,7.78,-0.71
1973,7,23.1,37.34,-0.57,-0.09,-0.91,-1.04,-1.17,20.8,20.8,26.7,160,0.5,9.24,8.78,8.64,7.52,-0.89,-0.8,6.55,8.76,8.62,14.18,9.33,-1.05
1973,8,25.6,36,-1.14,-0.12,-1.5,-1.4,-1.23,20.5,20.5,26.18,318,0.8,9.31,7.13,10.26,10.81,-0.7,-0.67,6.27,6.82,6.6,6.19,6.96,-1.12
1973,9,59.3,34.34,-0.51,-0.12,-1.29,-1.24,-1.5,22.7,22.7,25.91,440,-0.3,7.27,7.41,6.66,6.69,-0.57,-0.72,8.51,6,5.99,5.69,8.24,-1.32
1973,10,30.7,33.9,-0.87,-0.2,-1.71,-1.42,-1.78,28.1,28.1,25.35,135,-1.1,3,2,2.24,5.21,-0.22,-0.28,2,2.38,3.93,2.52,5.42,-1.64
1973,11,23.9,32.5,-1.81,-0.2,-2.33,-1.56,-2.08,20.7,20.7,25.61,-163,-1.2,0.76,1.29,1,2.22,-0.04,-0.47,1.02,1.06,0.25,0.8,1.14,-2.01
1973,12,23.3,32.01,-0.76,-0.23,-2.21,-1.53,-2.16,19.8,19.8,25.77,-90,0,2.11,2.53,2.18,2.61,-0.68,-0.94,2.21,1.43,1.68,1.14,1.24,-1.94
1974,1,27.6,33.26,-1.22,-0.26,-1.93,-1.39,-1.96,25.7,25.7,26.69,-56,2.2,1.23,0.52,1.14,3.99,-0.67,-1,0.38,0.22,0.53,0.08,1.79,-1.8
1974,2,26,34.07,-1.65,-0.27,-1.74,-1.16,-1.62,26.3,26.3,27.49,-120,1.1,0.64,1.32,0.53,0.29,-0.56,-1.12,1.07,1.24,0.6,0.82,0.42,-1.45
1974,3,21.3,35.19,-0.9,-0.39,-1.2,-0.44,-1.31,33.6,33.6,28.4,-150,0.3,0.57,1.02,0.55,1.37,-0.61,-1.25,1.4,0.02,0.24,0.05,1.22,-1.17
1974,4,40.3,34.25,-0.52,-0.51,-1,-0.29,-0.94,32.8,32.8,29.16,-207,-0.4,1.37,1.11,1.41,1.26,-1.05,-1.71,0.98,1.38,1.48,0.92,2.5,-0.88
1974,5,39.5,33.82,-0.28,-0.49,-0.63,0.13,-0.67,29.1,29.1,29.66,-209,-0.3,4.32,3.73,4.08,3.36,-0.52,-1.05,3.19,5.64,3.16,6.28,3.19,-0.88
1974,6,36,33.55,-0.31,-0.44,-0.37,0.26,-0.62,29.1,29.1,30.29,140,-1,13.15,12.9,12.77,7.39,-0.36,-0.83,12.59,13.38,11.05,14.16,10.19,-0.84
1974,7,55.8,33.22,-0.08,-0.5,-0.88,-0.09,-0.53,31.9,31.9,30.44,1268,1.1,10.34,9.4,9.91,8.47,-1.13,-1.43,9.03,12.4,10.61,11,13.02,-0.57
1974,8,33.6,31.98,0.27,-0.46,-0.35,0.08,-0.51,30.1,30.1,30.83,969,0,7.51,6.72,7.1,5.49,-1.05,-1.12,5.95,7.03,7.75,6.6,4.76,-0.24
1974,9,40.2,30.86,0.44,-0.49,-0.32,-0.3,-0.42,33.6,33.6,30.69,223,1,6.2,5.64,6.26,5.95,-1.35,-1.87,9.03,4.38,5.9,7.74,4.26,-0.29
1974,10,47.1,29.62,-0.1,-0.5,-0.61,-0.22,-0.62,37.2,37.2,29.98,-63,-0.1,1.45,0.83,2.06,4.55,-1.64,-2.18,0.38,0.79,1.24,0.62,3.56,-0.62
1974,11,25,27.21,0.43,-0.41,-0.93,-0.55,-0.74,26.7,26.7,29.44,-133,0.8,1.89,0.61,1.88,3.55,-0.69,-0.97,0.28,0.81,1.45,1.72,2.19,-0.77
1974,12,20.5,25.05,-0.12,-0.35,-0.69,-0.41,-0.6,27.4,27.4,28.73,-41,1.8,1.48,2.28,1.55,1.78,-1.04,-1.4,1.81,2.14,1.65,1.35,1.66,-0.71
1975,1,18.9,24.45,-0.84,-0.26,-0.17,-0.2,-0.44,27.5,27.5,27.88,-99,1.3,0.39,0.73,0.37,0.69,-0.92,-1.25,0.91,0.33,0.29,0.15,0.44,-0.31
1975,2,11.5,23.21,-0.71,-0.33,-0.47,-0.4,-0.46,31,31,26.87,-84,-0.6,1.22,2.1,1.09,1.15,-0.56,-1.03,1.99,1.38,1.4,0.98,2.81,-0.51
1975,3,11.5,21.69,-0.51,-0.3,-0.75,-0.4,-0.58,31.9,31.9,25.47,-136,-0.3,0.87,1.27,0.76,0.62,-0.63,-1.05,1.04,1.35,1.14,0.67,1.19,-0.73
1975,4,5.1,19.3,-1.3,-0.33,-0.53,-0.04,-0.67,24.3,24.3,24.04,-149,0.1,1.17,1.06,1.42,0.69,-0.41,-0.7,2.26,1.16,1.18,2.67,1.42,-0.5
1975,5,9,17.17,-1.02,-0.38,-0.73,-0.45,-0.76,22.6,22.6,24.25,-18,-1,6.89,5.95,6.33,7.1,-0.04,-0.48,9.02,6.36,5.24,4.75,8.62,-0.6
1975,6,11.4,15.85,-1.16,-0.28,-1.04,-0.86,-0.96,20.6,20.6,23.72,102,-0.9,8.12,6.74,7.28,7.95,-0.17,-0.66,6.31,5.96,5.83,6.17,5.79,-1
1975,7,28.2,14.89,-0.4,-0.26,-1.11,-0.81,-1.06,21.6,21.6,23.36,93,-0.7,7.9,7.98,7.65,6.22,0.31,0.38,8.34,5.83,8.33,7.92,7.78,-0.9
1975,8,39.7,13.77,-1.07,-0.17,-1.03,-0.5,-1.03,18,18,23.14,62,-0.4,5.71,6.64,4.74,3.78,-0.09,0.02,6.08,6.03,4.57,5.31,4.15,-1.1
1975,9,13.9,14.57,-1.23,-0.32,-0.94,-0.84,-1.12,16.8,16.8,23.26,231,2,8.81,7.34,9.06,7.54,-1.03,-0.98,7.98,5.94,6.36,6.66,7.78,-1.29
1975,10,9.1,15.13,-1.29,-0.34,-1.38,-1.1,-1.27,20.1,20.1,23.34,168,-1,4.08,5.17,5,6.82,-0.62,-0.88,4.3,4,2.8,5.68,2.53,-1.48
1975,11,19.4,15.69,-2.08,-0.33,-1.47,-1.13,-1.51,29.2,29.2,23.43,-59,1.2,0.89,0.86,0.79,1.68,-0.94,-1.3,0.9,0.38,0.41,0.26,1.7,-1.36
1975,12,7.8,15.94,-1.61,-0.31,-1.66,-1.47,-1.65,21,21,23.16,-133,-0.6,0.56,0.7,0.56,1.11,-0.48,-0.48,0.5,0.65,0.49,0.46,1.29,-1.64
1976,1,8.1,15.21,-1.14,-0.37,-1.82,-1.74,-1.58,23.2,23.2,22.88,-113,0.7,0.5,0.57,0.65,1.28,-0.54,-0.55,0.3,0.27,0.28,0.13,0.54,-1.7
1976,2,4.3,14.3,-1.85,-0.43,-1.25,-1.04,-1.21,28.4,28.4,22.85,-42,1.2,2.04,0.77,2.32,3.87,-0.34,-0.79,0.68,1.08,1.61,1.71,1.83,-1.09
1976,3,21.9,12.28,-0.96,-0.48,-0.56,-0.25,-0.7,33.3,33.3,23.42,-27,2.3,1.1,1.16,0.92,0.68,-0.58,-1.23,1.91,1.16,1.2,2.11,0.82,-0.54
1976,4,18.8,12.8,-0.89,-0.41,-0.29,-0.05,-0.38,25.3,25.3,23.43,-119,0.4,1.8,1.93,1.95,2.1,-0.5,-1.02,1.98,1.41,1.48,0.68,2.53,-0.45
1976,5,12.4,12.5,-0.68,-0.48,-0.3,0.16,-0.18,23.6,23.6,22.4,62,2.6,9.47,8.1,7.87,10.29,-0.98,-1.63,8.52,7.69,7.2,6.24,11.02,-0.29
1976,6,12.2,12.18,-0.67,-0.47,0.04,0.75,-0.07,17.4,17.4,22.19,345,0.7,8.4,7.94,7.63,7.05,-0.73,-1.47,9.52,7.42,6.86,10.14,6.43,-0.09
1976,7,1.9,12.85,0.61,-0.29,0.06,0.67,0.2,18.3,18.3,21.82,615,-3,5.61,6.25,5.04,3.23,-0.86,-1.23,6.04,3.81,3.93,11.71,3.54,0.09
1976,8,16.4,14,1.28,-0.17,0.52,1.18,0.48,17.6,17.6,21.19,482,-2.6,8.1,6.34,7.61,8.75,-0.96,-0.96,7.9,5.82,7.62,4.49,5.8,0.27
1976,9,13.5,14.34,0.82,-0.18,0.87,1.21,0.76,23.6,23.6,20.07,197,-4.6,7.16,6.89,6.32,6.38,-0.53,-0.14,7.24,6.2,5.65,8.17,7.27,0.42
1976,10,20.6,13.65,1.11,-0.28,0.89,1.32,0.86,20.3,20.3,20.03,-85,1.6,1.84,1.52,2.54,3.11,-0.53,-0.61,1.16,1.03,2.6,1.73,1.61,0.91
1976,11,5.2,13.63,1.25,-0.4,0.82,1.12,0.81,16.8,16.8,19.73,-56,1.2,2.17,2.14,2.09,3.44,-0.92,-1.34,1.97,1.45,2.23,2.67,3.24,0.82
1976,12,15.3,15.64,1.22,-0.42,0.73,1.03,0.83,18.5,18.5,19.45,6,-2.6,1.91,2.3,1.87,2.19,-0.76,-1.16,2.67,1.72,1.51,1.43,4.28,0.71
1977,1,16.4,16.35,1.65,-0.38,0.93,1.21,0.69,18.7,18.7,19.83,152,-1.7,2.81,2.2,2.84,2.63,-0.09,-0.3,1.37,1.29,2.99,4.34,2.38,0.87
1977,2,23.1,18.52,1.11,-0.32,0.42,0.7,0.54,20.9,20.9,20.28,12,-1,1.14,1.78,1.17,1.42,-0.08,-0.44,2.95,0.9,0.68,0.68,0.97,0.55
1977,3,8.7,20.64,0.72,-0.17,0.26,0.58,0.2,19.8,19.8,20.23,25,-0.5,0.56,0.99,0.41,0.67,0,-0.16,1.21,0.91,0.99,0.34,0.47,0.44
1977,4,12.9,22.97,0.3,-0.2,-0.09,-0.24,0.2,24.8,24.8,20.27,-237,0.6,0.76,0.52,1.01,1.62,-0.34,-0.71,0.17,0.23,0.7,0.22,1.23,0.12
1977,5,18.6,23.62,0.31,-0.16,0.43,0.31,0.33,20,20,20.31,-131,-0.4,6.14,2.94,6.82,9.53,0.27,-0.02,1.39,3.1,4.45,5.42,3.01,0.31
1977,6,38.5,26.55,0.42,-0.09,0.65,0.33,0.52,14.1,14.1,20.18,36,-1.5,7.02,5.21,7.21,6.95,0.08,0.17,6.49,5.62,5.53,4.44,4.99,0.45
1977,7,21.4,29.36,0.19,-0.09,0.47,0.09,0.45,22.8,22.8,20.66,-116,0.5,7.02,7.27,6.42,5.22,0.06,-0.08,9.35,4.16,4.21,6.53,6.08,0.45
1977,8,30.1,35.3,0.64,-0.13,0.21,-0.37,0.33,23.1,23.1,21.09,64,-0.5,7.57,7.15,7.5,7.34,-0.2,-0.14,7.18,4.38,8,7.56,6.32,0.22
1977,9,44,39.41,-0.55,-0.22,0.31,-0.05,0.38,22.9,22.9,21.59,282,-0.9,8.66,7.21,9.39,10.65,-0.36,-0.6,6.03,4.94,7.33,7.11,9.35,0.47
1977,10,43.8,46.41,-0.61,-0.21,0.62,0.39,0.65,20.8,20.8,22.13,-106,0.7,1.34,2.01,1.45,2.38,-0.47,-0.67,1.99,1.42,2.14,0.92,6.59,0.72
1977,11,29.1,51.78,-0.72,-0.13,1.04,0.62,0.9,17.3,17.3,23.05,102,-0.7,3.71,3.3,3.41,4.4,-0.67,-0.88,3.74,4.81,6.09,1.89,4.14,0.72
1977,12,43.2,57.66,-0.69,-0.19,1.03,0.46,0.98,16.9,16.9,24.23,303,-1.6,3.56,4.28,3.48,4.02,0,-0.09,3.76,2.54,4.6,3.48,4.25,0.82
1978,1,51.9,60.12,0.34,-0.09,0.87,0.59,0.78,24.5,24.5,23.98,130,1.6,2.55,2.75,2.43,3.02,-0.55,-1.44,2.53,1.11,2.21,2.24,3.19,0.74
1978,2,93.6,62.94,1.45,-0.13,0.45,0.29,0.53,26.1,26.1,24.18,78,-3.1,2.93,3.95,2.83,3.03,1.18,1.18,4.14,1.83,1.77,1.95,2.21,0.47
1978,3,76.5,71.25,1.34,-0.15,0.26,0.05,0.13,25.8,25.8,24.52,196,2.9,3.05,2.73,3.02,2.73,-0.01,-0.13,2.12,2.28,3.12,3.08,2.87,0.08
1978,4,99.7,77.49,1.29,-0.18,-0.31,-0.48,-0.07,31.2,31.2,24.51,-166,-1.9,1.74,0.5,2.26,2.53,0.47,0.59,0.68,0.61,1.67,1.17,2.4,-0.31
1978,5,82.7,81.65,0.9,-0.19,-0.15,-0.28,-0.28,31.1,31.1,25.11,-14,1.5,4.82,5.34,5.23,4.7,-0.42,-0.63,3.7,3.69,4.75,5.59,5.1,-0.22
1978,6,95.1,88.85,0.15,-0.32,-0.37,-0.65,-0.27,28.2,28.2,25.53,63,1.2,8.25,7.53,7.56,7.54,-1.18,-1.66,9.06,6.57,7.4,7.9,5.01,-0.31
1978,7,70.4,98.35,-1.24,-0.26,-0.31,-0.67,-0.38,19.8,19.8,25.76,244,-2.3,9.3,9.75,7.3,5.92,0.02,-0.09,10.4,12.53,9.17,9.64,7.07,-0.3
1978,8,58.1,104.93,-0.56,-0.21,-0.48,-0.76,-0.38,25.6,25.6,25.55,731,-2.1,6.6,5.87,7.43,5.77,-0.67,-0.86,5.79,4.23,7.51,5.07,4.5,-0.52
1978,9,138.2,108.35,-0.44,-0.18,-0.34,-0.5,-0.5,26.9,26.9,25.63,103,0.2,5.4,4.15,6.19,5.5,-0.38,-0.32,2.73,3.85,6.03,6.57,4.65,-0.49
1978,10,125.1,110.27,0.1,-0.19,-0.68,-0.33,-0.37,20.7,20.7,25.82,61,-0.2,3.66,2.46,3.92,6.71,-0.57,-0.34,1.49,2.04,3.2,1.49,5.18,-0.29
1978,11,97.9,112.94,-0.07,-0.11,-0.09,-0.04,-0.27,24.5,24.5,24.97,11,2.7,2.06,0.93,1.91,3.73,-1.03,-1.21,0.43,2.58,2.29,1.65,3.25,-0.13
1978,12,122.7,118.08,-0.43,-0.17,-0.04,0.24,0,21.9,21.9,24.14,-6,-3.1,3.73,3.84,3.74,3.73,0.5,0.47,3.54,2.72,4.52,4.47,6.36,0.04
1979,1,166.6,123.02,-0.58,-0.18,0.12,-0.11,0.08,27.3,27.3,23.98,706,-2.6,4.55,6.57,4.04,2.86,0.35,0.15,6.04,5.48,5.88,6.33,5.34,-0.01
1979,2,137.5,128.55,-1.33,-0.14,0.16,0.01,0.18,23.6,23.6,24,83,-1,0.72,1.51,0.69,0.7,0.87,0.91,1.34,0.96,0.49,0.34,0.2,-0.07
1979,3,138,138.57,0.3,-0.21,0.26,0.24,0.28,26.8,26.8,23.58,-11,1.2,1.28,2.12,1.18,0.59,-0.33,-0.74,2.6,1.39,2.09,1.75,1.25,0.29
1979,4,101.5,142.26,0.89,-0.22,0.41,0.46,0.31,33.4,33.4,23.46,-211,-1.5,4.22,1.64,4.54,9.3,0.17,-0.18,2.4,2.3,2.07,1.91,2.87,0.41
1979,5,134.4,146.74,1.09,-0.1,0.27,0.55,0.31,20.9,20.9,22.83,196,-0.1,6.74,9.05,6.21,5.66,0.29,-0.16,7.28,8.11,7.88,7.18,9.42,0.26
1979,6,149.5,152.77,0.17,-0.03,0.24,0.49,0.11,18.3,18.3,22.41,-182,0.6,3.85,4.18,3.84,4.45,-0.13,-0.21,4.18,2.39,2.28,4.17,5.74,0.13
1979,7,159.4,155.61,0.84,-0.08,-0.19,0.1,0.04,17.8,17.8,21.78,-187,0.5,5.41,5.54,5.57,3.72,-0.9,-1.03,4.49,4.31,5.27,3.93,9.13,-0.01
1979,8,142.2,154.72,0.52,-0.1,0.05,0.52,0.17,25.9,25.9,21.29,14,0,7.1,7.99,7.2,4.39,-0.12,-0.2,5.34,7.6,6.56,5.66,5.81,0.16
1979,9,188.4,153.85,1,-0.1,0.63,1.07,0.29,21.9,21.9,20.08,1235,0.4,13.16,14.08,12.63,13.36,-0.28,-0.16,13.05,13.74,14.74,13.13,21.41,0.53
1979,10,186.2,155.85,1.06,-0.07,0.17,0.55,0.34,19.2,19.2,18.83,532,0.2,2.36,0.77,3.12,5.38,0.04,-0.07,0.79,0.45,1.5,2.25,4.26,0.34
1979,11,183.3,161.88,0.48,-0.07,0.2,0.34,0.34,17,17,18.4,96,1.3,2.34,1.76,2.53,3.54,-0.43,-0.91,2.62,1.8,2.38,1.85,2.57,0.54
1979,12,176.3,163.65,-0.42,-0.05,0.66,0.55,0.46,16.8,16.8,18.58,15,1.3,2.73,1.92,3.13,2.68,-0.3,-0.91,1.33,1.85,1.83,2.67,2.2,0.64
1980,1,159.6,162.63,-0.11,0.01,0.53,0.46,0.51,19.7,19.7,18.5,134,-1.7,3.04,2.73,3.19,3.15,0.23,0.04,3.72,1.94,3.36,2.07,3.19,0.65
1980,2,155,160.78,1.32,-0.06,0.34,0.26,0.36,17.8,17.8,17.71,91,0.5,1.89,2.53,1.54,2.12,0.21,-0.34,2.29,2.31,1.75,1.51,3.31,0.43
1980,3,126.2,161.77,1.09,-0.12,0.23,0.14,0.32,12.3,12.3,17.08,61,0,2.2,2.29,2.34,2.14,-0.04,-0.51,1.97,1.86,1.76,2.48,2.43,0.26
1980,4,164.1,159.95,1.49,0.02,0.4,0.29,0.28,18.3,18.3,17.38,57,-0.2,4.11,3.43,4.71,5.47,0.11,-0.13,2.13,3.4,4.55,3.6,2.65,0.34
1980,5,179.9,157,1.2,0.14,0.22,0.39,0.38,15.8,15.8,17.93,-44,-2.1,4.42,4.47,4.11,4.11,1.11,0.87,6.62,2.84,4.14,3.78,4.02,0.52
1980,6,157.3,156.32,-0.22,0.12,0.54,0.57,0.29,20.4,20.4,18.5,-111,1.3,4.04,4.1,4.34,6.06,-0.26,-0.34,2.42,3.73,3.57,2.06,4.3,0.58
1980,7,136.3,151.52,0.23,0.07,0.1,0.01,0.24,16.9,16.9,18.25,8,-1.6,6.61,5.96,7.26,7.29,0.07,0.05,3.9,6.19,5.64,7.78,5.65,0.4
1980,8,135.4,150.12,0.51,0.04,0.06,-0.08,0.07,16.4,16.4,18.67,-1,-2.1,6.79,4.99,6.81,5.47,0.26,0.02,5.79,4.07,6.07,8.84,3.72,0.05
1980,9,155,148.62,0.1,0.01,0.05,-0.15,-0.01,14.3,14.3,19.89,98,1.6,5.2,4.21,6.58,6.08,-0.93,-0.94,2.98,2.52,4.79,5.38,5.17,0.02
1980,10,164.7,150.94,1.35,-0.05,-0.14,-0.34,0.01,22.9,22.9,21.14,-178,-1.3,2.1,1.79,2.27,5.16,-0.47,-1.17,1.1,0.58,1.13,1.58,2.53,-0.01
1980,11,147.9,148.12,0.37,-0.18,0.12,0.18,0.14,23.5,23.5,22.09,-110,-2.7,3.82,3.69,3.97,5.35,0.56,0.44,3.83,1.91,3.02,3.15,3.76,0.13
1980,12,174.4,141.28,-0.1,-0.23,0.43,0.5,0.05,23.7,23.7,21.9,-121,1.5,0.95,1.02,1.05,0.86,-0.27,-0.3,1.29,0.79,1.01,0.65,0.79,0.27
1981,1,114,140.24,0.59,-0.16,-0.41,-0.52,-0.16,16.7,16.7,22.78,-137,1,0.56,0.46,0.61,0.59,-0.23,-0.6,0.38,0.33,0.63,0.95,0.48,-0.29
1981,2,141.3,141.96,1.46,-0.16,-0.5,-0.6,-0.35,22.8,22.8,23.43,-27,1.2,2.85,3.75,2.85,3.73,-0.23,-0.7,3.47,2.72,2.34,1.67,2.36,-0.55
1981,3,135.5,144.42,0.99,0.02,-0.14,-0.23,-0.37,27,27,23.97,-147,-1.1,1.36,1.36,1.59,1.72,1.03,1.2,1.38,1.28,1.13,1.53,0.95,-0.45
1981,4,156.4,144.98,1.45,-0.08,-0.48,-0.51,-0.27,33.3,33.3,24.92,-190,-1.2,0.16,0.16,0.19,0.25,0.03,-0.02,0.08,0.14,0.23,0.2,0.37,-0.28
1981,5,127.5,142.89,1.75,-0.06,-0.19,-0.03,-0.29,27.2,27.2,24.99,-201,0.1,2.9,2.53,2.59,4.14,0.19,0.1,3.26,2.77,3.39,2.28,3.22,-0.28
1981,6,90.9,143.06,1.69,-0.04,-0.19,0.01,-0.33,18.1,18.1,24.65,-94,-1.8,6.15,6.49,6.73,4.52,0.69,0.32,5.89,5.68,5.33,7.01,1.6,-0.17
1981,7,143.8,138.2,0.84,-0.07,-0.62,-0.38,-0.45,27.5,27.5,25.21,-78,1.6,5.45,4.74,5.47,4.71,-0.1,-0.19,4.72,4.07,4.85,6.18,5.94,-0.35
1981,8,158.7,142.02,0.18,-0.1,-0.54,-0.61,-0.43,24.2,24.2,27.42,136,0.4,12.58,10.81,13.29,13.19,-0.05,0.2,7.36,7.75,10.01,12.06,14.83,-0.31
1981,9,167.3,142.98,0.42,-0.02,-0.13,-0.08,-0.27,20.7,20.7,27.46,216,-0.3,6.74,5.6,7.48,11.45,0.24,0.8,5.04,5.77,4.93,4.48,7.37,-0.11
1981,10,162.4,141.94,0.18,-0.17,-0.14,0.06,-0.21,34.3,34.3,27.36,-111,0.3,1.26,1.37,1.16,2.54,-0.72,-0.66,1.8,0.84,0.65,0.84,2.56,-0.11
1981,11,137.5,136.23,0.8,-0.12,-0.37,-0.22,-0.23,24.4,24.4,27.27,-111,-0.8,1.97,1.75,2.18,2.65,0.14,0.11,1.49,0.79,1.22,1.72,1.02,-0.19
1981,12,150.1,134.92,0.67,0.01,-0.17,0.19,-0.12,19.6,19.6,28.38,-107,-1.6,0.54,1.56,0.36,0.36,0.72,0.7,1.98,0.16,0.18,0.41,0.39,-0.08
1982,1,111.2,136.08,0.34,-0.06,0.17,0.49,-0.02,23.4,23.4,29.61,-49,-1.3,0.9,1.62,0.69,0.99,0.59,0.62,1.56,1.15,0.67,0.7,1.19,0.16
1982,2,163.6,133.3,0.2,-0.06,-0.07,0.18,0.02,49.3,49.3,30.26,25,1.7,2.09,2.57,2.32,2.59,-0.11,-0.38,1.16,2.03,2.29,2.2,3.5,-0.13
1982,3,153.8,130.23,0.19,-0.06,-0.03,0.06,0.13,27.5,27.5,32.35,52,2.5,5.22,5.96,4.35,7.09,-0.88,-0.7,5.65,6.01,6.74,4.42,10.86,0.26
1982,4,122,124.65,-0.19,-0.16,0.5,0.47,0.48,32.1,32.1,31.9,35,-0.6,4.48,4.03,4.14,6.05,-0.66,-0.59,4.77,4.85,2.87,2.27,6.89,0.43
1982,5,82.2,119.7,-0.58,-0.18,0.96,1.07,0.95,26.1,26.1,32.67,33,1,7.18,5.97,7.97,7.9,-0.77,-0.57,4.45,5.88,7.4,8.26,10.31,0.66
1982,6,110.4,118.89,-0.78,-0.17,1.39,1.19,1.1,31.4,31.4,33.9,847,-3,12.43,10.6,12.97,11.59,0.01,-0.22,10.89,8.07,8.33,12.47,9.69,0.74
1982,7,106.1,113.83,0.58,-0.21,0.96,0.86,1.17,42.3,42.3,34.17,644,-0.8,7.22,8.14,6.51,4.4,-0.53,-0.71,8.89,7.12,6.77,7.56,9.78,0.61
1982,8,107.6,109.2,0.39,-0.29,1.17,1.26,1.23,32,32,33.45,516,2.5,6.55,6.75,6.74,5.74,-1.11,-1.24,5.49,5.13,5.91,6.34,7.82,0.91
1982,9,118.8,101.73,0.84,-0.28,1.56,1.86,1.54,45.8,45.8,34,266,0.5,7.65,8.37,7.55,6.13,-1.34,-1.45,7.14,6.98,7.36,5.81,5.57,1.55
1982,10,94.7,96.11,0.37,-0.34,1.89,2.32,1.9,28.9,28.9,34.35,390,1.1,3.63,2.94,4.33,5.12,-1.12,-1.58,2.38,3.53,2.97,5.45,2.48,2.01
1982,11,98.1,94.35,-0.25,-0.4,2.25,2.72,2.26,33.6,33.6,34.84,41,2.2,2.73,2.08,2.6,8.49,-1.75,-2.59,0.9,1.52,1.72,0.19,8.43,2.03
1982,12,127,95.04,0.26,-0.36,2.63,3.36,2.52,34.4,34.4,34.31,-101,2.6,1.03,1.16,0.96,1.39,-1.91,-2.43,1.09,1.05,0.93,0.66,1.65,2.21
1983,1,84.3,92.87,0.56,-0.28,2.67,3.37,2.54,26.6,26.6,32.56,141,2.6,4.64,3.11,4.97,6.47,-1.82,-2.31,1.86,3.41,4.79,4.38,3.92,2.13
1983,2,51,90.23,1.14,-0.09,2.33,2.73,2.26,40.7,40.7,31.98,872,-1.1,8.77,9.23,9.1,9.87,-0.92,-0.82,7.18,8.59,10.41,10.57,7.56,1.84
1983,3,66.5,85.82,2.11,0.1,1.79,2.18,1.82,34.1,34.1,30.17,785,2,4.89,6.11,4.99,3.91,-1.05,-0.98,4.83,5.12,5.03,6.72,5.06,1.44
1983,4,80.7,80.98,1.87,0.08,1.33,1.93,1.49,36.3,36.3,30.15,228,-1.2,2.24,2.47,1.87,2.72,-0.99,-0.93,2.35,2.16,2.2,1.44,2.25,1.13
1983,5,99.2,76.26,1.8,-0.03,1.35,2.28,1.18,32,32,30.18,-198,-0.4,1.72,1.94,1.08,2.01,-0.93,-0.77,1.44,1.95,1.86,0.81,1.96,1.09
1983,6,91.1,71.28,2.36,-0.04,0.87,1.96,0.81,25,25,29.51,64,0.6,9.95,7.45,10.18,9.86,-0.65,-0.55,8.69,7.4,7.26,12.35,5.92,0.75
1983,7,82.2,65.9,3.51,0.01,0.22,1.28,0.41,21.3,21.3,29.27,60,-0.5,5.58,6.72,5.09,4.97,-0.21,0.13,7.91,4.36,6.45,3.77,4.16,0.12
1983,8,71.8,65.98,1.85,-0.14,0.15,1.13,0.15,25.1,25.1,28.08,192,1.4,7.16,7.52,6.87,8.09,-1.13,-1,5.13,4.61,6.1,6.91,7.98,0.02
1983,9,50.3,68.48,0.91,-0.2,0.06,0.77,-0.08,24,24,27.83,147,-1.9,7.16,6.17,7.95,7.7,-0.73,-1.11,5.57,4.52,4.51,5.22,8.02,-0.25
1983,10,55.8,68.73,0.96,-0.18,-0.46,0.12,-0.31,28.7,28.7,27.56,228,2,5.64,4.99,6.02,8.16,-1.54,-1.84,5.27,3.03,6.7,5.18,6.54,-0.75
1983,11,33.4,68.4,1.02,-0.14,-0.52,-0.36,-0.49,34,34,27.18,-6,-3.6,2.09,2.49,2.26,2.73,0.13,0.35,2.39,1.45,1.77,1.88,1.27,-0.89
1983,12,33.4,64.32,1.69,0.02,-0.47,-0.27,-0.54,26.3,26.3,27.08,88,0.3,4.11,5.15,3.99,5.5,-0.41,-0.44,5.92,3.48,3.17,3.1,3.12,-0.76
1984,1,57,60.18,1.5,-0.09,-0.62,-0.48,-0.49,23.7,23.7,27.53,110,3.4,0.48,1.1,0.37,0.74,-1.43,-1.62,1.45,0.52,0.47,0.4,1.07,-0.6
1984,2,85.4,55.82,1.21,-0.07,-0.36,-0.06,-0.41,26.4,26.4,27.62,124,1.6,2.61,3.31,2.43,2.62,-1.42,-1.23,3.4,3.46,3.22,2.93,3.32,-0.12
1984,3,83.5,51.51,1.77,-0.11,-0.25,0.11,-0.26,31.2,31.2,28.38,355,-1.9,4.03,2.85,4.8,4.82,-0.96,-0.85,1.46,2.93,4.49,5.28,3.81,-0.28
1984,4,69.7,48.56,1.52,-0.14,-0.17,0.07,-0.23,33,33,28.78,154,-1,2.27,2.4,2.6,3.7,-0.29,-0.09,3.93,2.87,3.67,1.98,1.35,-0.39
1984,5,76.4,46.02,1.3,-0.15,-0.27,-0.2,-0.3,27.4,27.4,28.57,36,1.6,7.1,5.07,6.95,10.47,-1,-0.62,4.54,6.53,5.7,5.92,6.2,-0.39
1984,6,46.1,44.89,0.18,-0.31,-0.45,-0.71,-0.31,23.9,23.9,28.82,49,0.3,5.32,4.03,5.7,6.49,-0.97,-0.87,4.91,5.19,4.99,7.73,6.5,-0.51
1984,7,37.4,43.59,-0.18,-0.25,-0.21,-0.52,-0.3,26.6,26.6,29.01,530,-1.7,8.4,8.52,8.94,5.6,0.18,0.28,8.49,8.7,8.81,11.08,5.97,-0.19
1984,8,25.5,40.43,-0.03,-0.21,-0.22,-0.32,-0.13,26.2,26.2,28.83,166,0.5,5.16,6.07,5.24,4.8,-0.14,-0.07,3.14,4.15,3.4,3.99,5.35,-0.08
1984,9,15.7,35.18,0.67,-0.19,0.04,-0.13,-0.23,33.1,33.1,27.83,33,0.4,6.77,4.75,7.82,10.24,-0.11,0.14,6.7,3.56,4.99,4.29,8.48,-0.21
1984,10,12,30.01,0.58,-0.31,-0.52,-0.51,-0.44,33.6,33.6,27.57,-92,1.3,0.97,0.82,1.6,1.59,-1.28,-1.56,0.97,0.71,0.53,0.99,1.96,-0.47
1984,11,22.8,26.76,0.71,-0.4,-0.85,-0.58,-0.85,31.4,31.4,26.58,-51,0.3,3.37,3.39,3.12,6.46,-0.76,-1.11,2.63,3.28,3.09,4.17,7.86,-0.99
1984,12,18.7,22.75,0.82,-0.3,-1.19,-1.04,-1,29.3,29.3,26.27,-60,1.5,0.35,0.54,0.47,0.64,-1.48,-1.83,0.27,0.7,0.33,0.44,0.58,-1.17
1985,1,16.5,21.56,1.27,-0.33,-0.97,-0.85,-1.04,26,26,26.02,-72,-2.7,0.62,1.09,0.67,0.75,-0.62,-0.29,0.57,0.46,0.46,0.63,0.96,-0.99
1985,2,15.9,19.54,0.94,-0.31,-0.96,-0.89,-0.93,24.3,24.3,25.68,-190,-1.5,0.37,0.86,0.47,0.28,-0.76,-0.91,0.72,0.35,0.3,0.47,0.18,-0.6
1985,3,17.2,17.88,0.57,-0.34,-0.88,-0.72,-0.81,19.1,19.1,24.71,-82,0.6,2.16,2.47,2.01,2.66,-0.83,-0.85,3.35,2.49,2.59,1.86,4.4,-0.61
1985,4,16.2,18.1,0.19,-0.38,-0.58,-0.57,-0.62,29.9,29.9,23.78,-100,0.2,3.26,2.56,3.56,3.94,-0.7,-0.82,1.33,2.33,3.09,3.93,6.41,-0.84
1985,5,27.5,18.42,0,-0.32,-0.4,-0.48,-0.47,15.6,15.6,23.15,-130,-0.9,2.84,2.07,2.88,3.89,-0.62,-0.56,2.63,2.34,2.54,2.26,1.64,-0.68
1985,6,24.2,18,0.18,-0.11,-0.42,-0.6,-0.36,20.1,20.1,22.49,-94,-1.9,6.59,6.32,5.4,5.07,-0.67,-0.51,5.86,6.48,6.3,6.66,3.99,-0.62
1985,7,30.7,16.75,1.07,-0.13,-0.26,-0.74,-0.25,23.6,23.6,22.21,-17,0.3,9.33,7.07,9.77,10.56,-1,-1.02,8.24,6.45,5.53,6.83,8.21,-0.35
1985,8,11.1,17.27,0.81,-0.26,-0.08,-0.5,-0.14,22.2,22.2,23.56,117,1.2,6.25,7.95,5.96,5.62,-1.39,-1.61,5.74,4.15,4.82,7.08,6.73,-0.31
1985,9,3.9,17.21,0.44,-0.22,-0.09,-0.4,-0.15,21.4,21.4,23.73,481,-1.7,7.97,8.12,7.69,9.42,-0.52,-0.67,6.25,5.59,6.91,8.07,11.16,-0.5
1985,10,18.6,17.31,0.29,-0.23,-0.28,-0.46,-0.17,22.4,22.4,22.43,155,-0.4,3.69,3.09,3.85,5.08,-0.89,-1.38,2.12,2.37,2.21,2.22,2.87,-0.26
1985,11,16.2,17.12,-0.75,-0.27,-0.15,-0.43,-0.23,23.9,23.9,22.71,-130,-2.4,1.86,1.67,2.29,2.03,-0.33,-0.73,1.52,1.78,1.15,1.42,1.9,-0.16
1985,12,17.3,15.08,0.38,-0.31,-0.26,-0.51,-0.34,21.4,21.4,22.36,-49,-1.2,1.76,1.6,1.86,3.17,-0.4,-0.68,2.2,1.46,2.13,1.66,2.44,-0.26
1986,1,2.5,14.62,1.12,-0.32,-0.62,-0.63,-0.48,22.6,22.6,21.76,73,2.4,2.6,2.97,2.62,4.45,-1.18,-1.92,3.68,1.93,1.72,2.61,3.67,-0.46
1986,2,23.2,12.82,1.61,-0.25,-0.56,-0.32,-0.5,40.5,40.5,21.78,74,-2.7,1.39,1.72,1.24,1.46,-0.33,-0.55,2.2,0.97,1.02,1.16,1.56,-0.5
1986,3,15.1,12.26,2.18,-0.27,-0.33,-0.11,-0.31,21.2,21.2,22.08,83,3.9,4.82,4.39,5.37,8.89,-1.51,-1.95,3.05,3.43,3.95,4.92,7.05,-0.21
1986,4,18.5,14.68,1.55,-0.3,-0.05,-0.05,-0.13,14.3,14.3,21.77,-178,0,0.5,0.52,0.63,0.54,-1.21,-1.62,0.38,0.16,0.26,0.3,0.71,-0.07
1986,5,13.7,14.42,1.16,-0.21,0,0,0.09,18.9,18.9,21.56,-137,2.4,2.29,1.82,2.77,3.71,-1.06,-1.33,0.96,2.82,2.11,1.43,3.71,-0.18
1986,6,1.1,13.7,0.89,-0.23,0.31,0.08,0.21,15.9,15.9,21.05,189,0.6,11.69,9.98,11.35,8.91,-1.46,-1.47,8.17,9.34,11.34,11.43,9.44,0
1986,7,18.1,13.17,1.38,-0.22,0.32,0.18,0.36,16.4,16.4,20.4,349,0.6,5.79,6.21,5.5,6.58,-1.26,-1.52,7.49,6.49,6.62,4.15,5.4,0.13
1986,8,7.4,13.16,0.22,-0.25,0.47,0.21,0.59,22.5,22.5,18.42,315,-3.7,7.44,7.15,8.47,5.76,-0.7,-0.92,8.37,5.79,7.17,11.2,6.06,0.43
1986,9,3.8,12.51,0.22,-0.19,0.97,0.72,0.84,24.9,24.9,18.13,142,-3.3,4.46,4.46,5.11,5.32,-0.03,-0.3,3.75,4.42,5.05,5.67,4.26,0.65
1986,10,35.4,14.39,1,-0.3,1.09,0.9,1.13,18.7,18.7,18.01,-27,3.6,4.31,5.34,4.56,4.76,-0.88,-1.39,2.41,3.54,4.11,3.91,7.87,0.89
1986,11,15.2,15.51,1.77,-0.38,1.32,1.17,1.23,21.4,21.4,17.66,-45,3.3,1.54,1.43,1.72,4.11,-2.07,-3.29,0.92,1.1,1.47,0.32,2.39,1.02
1986,12,6.8,15.79,1.77,-0.35,1.27,1.03,1.3,15.3,15.3,17.43,-70,1.9,4.07,3.46,3.92,4.79,-2.01,-2.62,3.66,3.28,3.84,3.77,4.55,1.06
1987,1,10.4,18.25,1.88,-0.26,1.31,1.24,1.29,14.8,14.8,17.66,273,-3.5,1.76,2.71,2.51,1.93,-0.44,-0.52,2.25,2.18,1.98,2.48,2.53,1.14
1987,2,2.4,19.83,1.75,-0.2,1.29,1.19,1.3,16.7,16.7,17.8,100,-0.7,1.71,1.6,2.22,2.43,-0.29,-0.31,1.65,0.97,1.32,1.85,1.47,1.2
1987,3,14.7,21.87,2.1,-0.02,1.31,1.3,1.28,17.7,17.7,18.24,116,-0.1,6.42,9.03,6.72,5.08,-0.66,-0.5,9.9,5.69,5.63,5.3,5.54,1.23
1987,4,39.6,26.24,2.16,0.05,1.24,1.29,1.23,12.9,12.9,18.82,87,0.6,0.35,0.36,0.21,0.87,-0.73,-0.47,0.43,0.62,0.37,0.86,0.48,0.96
1987,5,33,26.58,1.85,0.07,1.15,1.41,1.29,14.7,14.7,18.88,-128,-1.8,3.95,4.28,4.67,6.01,-0.76,-0.43,2,4.04,2.8,2.43,3.05,0.79
1987,6,17.4,27.5,0.73,0.22,1.47,1.39,1.42,13.2,13.2,18.93,-118,-1.1,5.15,5.19,4.83,4.31,0.04,0.56,5.76,5.19,5.05,3.16,3.37,1.05
1987,7,33,31.52,2.01,0.3,1.64,1.52,1.62,19.1,19.1,19.56,-71,0,5.98,6.31,5.43,4.96,0.77,1.29,6.39,6.8,5.94,5.64,5.92,1.39
1987,8,38.7,33.79,2.83,0.3,1.75,1.65,1.78,24.2,24.2,19.98,-104,-3.3,4.82,4.4,4.63,2.94,1.28,1.7,5.67,2.1,2.12,5.27,2.75,1.64
1987,9,33.9,39.47,2.44,0.22,1.96,1.96,1.77,30.2,30.2,20.57,33,-0.4,7.75,5.91,7.42,8.65,0.25,0.29,5.71,7,6.71,6.16,8.29,1.66
1987,10,60.6,45.11,1.36,0.07,1.61,1.59,1.71,25.6,25.6,21.52,263,0.8,5.09,4.45,5.28,6.38,-1.06,-1.28,5.7,5.93,6.2,5.87,7.79,1.4
1987,11,39.9,46.68,1.47,-0.05,1.55,1.4,1.44,22.2,22.2,21.99,720,0.1,7.21,6.61,7.41,7.49,-0.85,-1.25,8.45,8.5,7.63,11.21,5.88,1.23
1987,12,27.1,51.98,1.27,0.06,1.16,1.32,1.16,15.9,15.9,22.49,186,-2.3,0.74,0.47,0.81,1.88,0.38,0.33,0.33,0.31,0.55,0.41,0.26,1.02
1988,1,59,59.39,0.93,-0.02,0.78,0.77,0.81,22.3,22.3,22.57,22,1.1,2.21,2.94,2.13,2.51,-0.63,-0.92,2.58,2.31,2.39,2.37,2.53,0.91
1988,2,40,65.44,1.24,-0.09,0.48,0.41,0.47,21.8,21.8,22.26,197,0.3,1.88,2.38,1.86,1.94,-0.65,-1.05,1.87,2.33,2.61,2.08,2.91,0.36
1988,3,76.2,71.7,1.42,0.01,0.16,0.25,0.15,24.7,24.7,21.55,260,0.9,3.04,5.08,2.45,2.63,-0.38,-0.45,7.29,4.62,3.77,3.23,4.17,0.17
1988,4,88,78.72,0.94,0.07,-0.18,-0.27,-0.3,24.3,24.3,21.33,-26,-2.4,1.34,1.17,1.13,1.93,0.65,0.67,0.77,1.23,1.14,1.23,1.63,-0.16
1988,5,60.1,83.68,1.2,0.16,-0.89,-1.06,-0.75,20.4,20.4,21.35,-56,-0.4,3.57,2.6,3.82,5.7,-0.13,-0.25,2.84,2.79,3.79,1.6,5.02,-0.86
1988,6,101.8,94.39,0.74,0.19,-1.18,-1.54,-1.14,19.2,19.2,22.14,69,0.2,6.51,4.41,6.41,9.05,-0.13,-0.33,2.89,5.25,5.95,3.45,4.32,-1.29
1988,7,113.8,104.72,0.64,0.14,-1.35,-1.69,-1.27,20,20,23.1,140,0.8,8.95,8.11,7.85,8.44,-0.87,-0.96,7.19,7.79,8.15,8.12,7.94,-1.39
1988,8,111.6,112.88,0.19,0.02,-1.27,-1.43,-1.15,20.5,20.5,23.34,266,1.5,9.91,8.46,10.15,9.69,-0.35,-0.62,10.06,7.3,9.38,11.5,8.29,-1.04
1988,9,120.1,119.91,-0.37,-0.07,-0.82,-0.85,-1.24,21.7,21.7,26.28,70,0.6,3.3,6.71,3.23,1.99,-0.35,-0.72,5.41,3.07,1.7,3.59,1.78,-0.91
1988,10,125.1,124.09,-0.1,-0.15,-1.64,-1.32,-1.47,23,23,26.88,-147,-1.6,1.33,1.07,1.2,2.33,-0.23,-0.44,0.95,1.1,1.11,1.12,3.07,-1.65
1988,11,125.1,127.98,-0.02,-0.14,-1.95,-1.56,-1.85,22.4,22.4,27.32,-57,-2.2,2.99,4.55,2.29,2.21,0.52,0.41,6.4,3.13,3.81,4.33,3.02,-1.78
1988,12,179.2,138.45,-0.43,-0.15,-1.95,-1.63,-1.93,25.4,25.4,27.72,-82,0.5,0.8,1.21,0.98,1.12,0.09,-0.09,1.03,1.21,1.31,1.62,1.38,-1.72
1989,1,161.3,140.38,-0.95,-0.21,-1.9,-1.29,-1.75,33.8,33.8,27.24,-29,2.4,1.45,2.51,1.19,1.06,-0.55,-0.8,4.19,2.06,1.22,1.12,1.85,-1.76
1989,2,165.1,144.62,-1.02,-0.14,-1.39,-0.7,-1.48,24.7,24.7,27.88,-146,3.2,0.41,0.44,0.38,0.85,-1.18,-1.32,0.06,0.66,0.33,0.53,0.24,-1.33
1989,3,131.4,149.62,-0.83,-0.23,-1.16,-0.83,-1.12,59.9,59.9,28.22,58,3.2,2.53,2.53,2.8,2.63,-1.23,-1.41,2.63,3.41,3.17,4.24,3.52,-1.03
1989,4,130.6,152.65,-0.32,-0.26,-0.81,-0.46,-0.82,31.6,31.6,28.9,74,0.8,3.54,2.51,3.72,3.55,-1.35,-1.56,2.57,3.25,3.7,3.57,3.56,-0.89
1989,5,138.5,156.33,0.47,-0.13,-0.5,-0.25,-0.59,25.6,25.6,29.82,-34,0.3,2.35,1.71,1.49,1.99,-1.33,-1.37,3.57,2.66,2.24,1.69,3.68,-0.62
1989,6,196.2,159.44,0.36,0.11,-0.47,-0.14,-0.44,24,24,30.3,-105,-1.2,6.47,6.22,6.74,5.33,-0.51,-0.51,7.64,5.36,5.45,9.36,3.47,-0.35
1989,7,126.9,159.29,0.83,0.2,-0.36,-0.21,-0.38,14.3,14.3,29.77,9,-0.6,6.69,6.32,6.62,4.48,-0.82,-0.69,6.13,7.02,5.8,7.2,5.97,-0.29
1989,8,168.9,156.92,0.09,0.13,-0.32,-0.32,-0.27,28.2,28.2,30.86,102,2.4,7.18,6.83,7.83,5.75,-0.1,0.04,6.37,7.27,6.26,8.42,8.34,-0.31
1989,9,176.7,155.02,0.05,-0.07,-0.14,-0.14,-0.23,25.7,25.7,28.69,143,-0.4,6.33,6.93,7.07,4.55,-0.61,-0.5,5.5,7.65,6.67,8.21,4.77,-0.21
1989,10,159.4,155.7,-0.12,-0.1,-0.24,-0.14,-0.16,31.2,31.2,29.18,201,0.9,3.37,3.43,3.89,4.53,-0.75,-1.2,1.58,2.94,3.94,5.79,6.16,-0.25
1989,11,173,155.82,-0.5,-0.13,-0.09,-0.14,-0.07,33.4,33.4,29.13,-78,-1.4,1.12,1.38,0.83,1.16,-0.57,-0.99,2.55,1.51,0.46,0.37,1.69,-0.32
1989,12,165.5,153.28,-0.21,-0.14,0.11,-0.17,0.02,31.2,31.2,29.18,-24,-3.4,2.12,3.83,1.79,1.55,0.6,0.44,4.95,3.41,2.26,1.94,3.21,-0.01
1990,1,177.3,149.68,-0.3,-0.28,0.04,-0.11,0.12,27.4,27.4,29.79,62,3,0.63,0.57,0.62,0.95,-1.35,-1.48,0.62,0.5,0.67,0.12,1.64,0.09
1990,2,130.5,155.32,-0.65,-0.14,0.2,0.18,0.15,37.8,37.8,29.79,91,3.2,2.46,3.76,1.99,1.37,-1.29,-1.11,4.56,3.57,2.47,3.1,2.11,0.25
1990,3,140.3,151.96,-0.62,-0.16,0.21,0.07,0.26,33.9,33.9,29.74,-38,2.3,1.48,1.31,1.29,2.41,-1.86,-2.04,1.34,0.9,0.76,1.02,1.67,0.14
1990,4,140.3,149.56,0.27,-0.09,0.39,0.38,0.34,37.4,37.4,29.23,-115,3.1,2.22,1.74,2.62,3.66,-2.05,-1.95,1.78,1.22,1.98,3.89,0.87,0.2
1990,5,132.2,147.41,0.44,-0.04,0.43,0.57,0.34,25.1,25.1,27.9,-96,-2,4.51,2.75,4.81,6.34,-0.2,-0.11,1.59,3.14,3.01,3.48,4.23,0.23
1990,6,105.4,144.08,0.44,-0.04,0.2,0.21,0.28,24.6,24.6,26.57,-2,1,6.3,6.68,6.13,5.77,-1.14,-1.31,4.79,9.91,5.36,10.49,5.4,0.16
1990,7,149.4,141.88,0.27,0,0.2,-0.02,0.26,21.6,21.6,25.72,241,-0.1,7.26,8.3,7.07,8.29,-0.88,-1.25,6.45,7.57,8.75,8.42,9.05,0.37
1990,8,200.3,141.12,0.11,0.07,0.39,0.22,0.33,28.2,28.2,24.24,322,0.9,8.5,7.37,9.46,7.06,-1.25,-1.39,6.04,8.8,7.92,10.05,7.05,0.34
1990,9,125.2,142,0.38,0.17,0.41,0.3,0.4,25.1,25.1,24.53,5,-0.7,5.31,4.36,5.27,7.75,-0.95,-0.91,2.1,5.05,4.1,2.81,11.03,0.32
1990,10,145.5,141.98,-0.69,0.14,0.38,0.2,0.4,25.1,25.1,23.43,258,0.5,3.33,3.9,3.77,4.12,-0.47,-0.5,4.47,2.59,2.09,2.6,6.31,0.41
1990,11,131.4,140.52,-1.69,-0.03,0.41,0.13,0.45,17.4,17.4,23.62,-84,-1.1,0.89,0.91,0.88,1.24,-0.1,-0.05,1.67,0.59,0.98,0.64,2.17,0.26
1990,12,129.7,143.4,-2.23,-0.01,0.55,0.26,0.52,15.2,15.2,26.25,-86,1.1,0.6,0.71,0.55,1.43,-0.73,-0.95,1.26,0.6,0.43,0.06,0.41,0.42
1991,1,136.9,148.65,-2.02,-0.17,0.59,0.27,0.49,17.2,17.2,27.38,113,0.7,5.31,3.71,5.38,5.28,-1.6,-1.81,2.13,3.89,4.75,5.87,5.34,0.39
1991,2,167.5,150.72,-1.19,-0.1,0.33,0.12,0.36,20.1,20.1,28.43,-86,0.5,1.92,1.64,1.84,3.23,-1.51,-1.75,0.6,1.45,1.55,1.18,4.57,0.28
1991,3,141.9,144.95,-0.74,-0.05,0.16,0.11,0.29,37.3,37.3,28.9,27,-0.1,2.96,4.65,2.74,2.7,-0.46,-0.43,5.1,4.21,3.54,1.65,5.28,0.07
1991,4,140,146.41,-1.01,-0.11,0.39,0.25,0.41,24.3,24.3,30.48,153,1.1,4.41,4.5,4.15,6.29,-1.23,-1.3,5.02,3.65,4.12,4.34,7.13,0.31
1991,5,121.3,143.54,-0.51,-0.14,0.68,0.86,0.69,27.3,27.3,33.18,55,1,7.22,6.85,7.03,6.51,-0.99,-1.02,6.5,6.77,4.19,7.85,6.73,0.34
1991,6,169.7,144.54,-1.47,-0.12,1,1.08,0.87,56.2,56.2,34.24,143,-0.9,8.76,7.7,9.09,9.32,-0.25,-0.53,4.14,5.47,6.83,7.31,10.05,0.54
1991,7,173.7,146.1,-0.1,-0.09,0.92,1.09,0.9,35.2,35.2,34.97,394,-1.4,8.73,9.8,9.46,6.9,0.13,-0.3,8.3,7.54,7.93,10.35,8.42,0.77
1991,8,176.3,147.96,0.36,-0.09,0.77,0.76,0.79,40.8,40.8,37.27,645,1.6,6.87,6.09,6.78,6.04,-1.02,-1.16,5.76,9.56,6.48,9.37,6.85,0.76
1991,9,125.3,143.28,0.65,-0.02,0.68,0.56,0.85,30.7,30.7,36.2,336,-0.5,5.27,4.23,6.26,7.3,-0.97,-0.96,4.41,3.5,3.42,6.76,6.79,0.44
1991,10,144.1,140.05,0.49,-0.24,1.1,0.99,1.05,44.1,44.1,35.83,138,-0.3,4.99,3.18,5.31,9.96,-1.16,-1.47,3.01,3.93,3.24,4.21,4.46,0.82
1991,11,108.2,134.95,0.42,-0.24,1.35,1.26,1.42,49.7,49.7,35.98,-68,1.6,1.47,0.73,1.64,1.83,-1.07,-1.55,0.22,0.98,1.45,1.75,0.89,1.14
1991,12,144.4,130.64,0.09,-0.2,1.8,1.65,1.65,28,28,33.36,-57,0.2,0.54,0.61,0.46,1.2,-0.87,-0.96,0.38,0.35,0.43,0.12,1.78,1.47
1992,1,150,124.18,0.05,-0.18,1.78,1.57,1.8,25.9,25.9,31.92,-80,-1,1.13,1.2,1.38,2.31,-0.36,0.16,1.04,0.72,0.62,1.9,1.23,1.65
1992,2,161.1,115.78,0.31,-0.08,1.8,1.45,1.71,47.7,47.7,30.53,95,2,3.21,4.32,3.15,2.5,-0.93,-0.64,2.91,3.98,3.38,3.63,3.45,1.61
1992,3,106.7,107.13,0.67,-0.08,1.55,1.36,1.65,24.5,24.5,30.95,-45,2,2.12,1.98,2.75,2.56,-1.19,-1.03,1.24,1.61,1.74,3.15,2.55,1.26
1992,4,99.8,104.32,0.75,-0.17,1.6,1.55,1.56,19.8,19.8,29.53,33,1.8,3.54,3.9,3.5,2.95,-1,-1.06,6.54,4.05,3.56,4.28,3.17,1.21
1992,5,73.8,100.29,1.54,-0.21,1.53,1.69,1.33,29.1,29.1,27.47,-91,0.3,1.07,1.2,1.01,0.93,-1.2,-1.25,1.81,1.11,1.99,1.26,1.42,1.05
1992,6,65.2,98.32,1.26,-0.13,0.87,0.71,1.04,24.8,24.8,27.31,343,-0.2,16.43,14.9,16.62,16.22,-0.69,-0.76,11.86,15.05,13.96,18.33,15.32,0.77
1992,7,85.7,91.78,1.9,-0.2,0.73,0.23,0.62,17.9,17.9,27.75,383,-0.2,4.13,4.11,4.71,3.34,-0.54,-0.8,3.4,4.54,4.09,3.18,4.05,0.45
1992,8,64.5,87.24,1.44,-0.36,0.27,-0.03,0.42,24.1,24.1,26.03,460,2.3,10.11,9.33,8.77,7.16,-2.16,-2.52,10.92,11.63,9.03,7.07,14.01,0.15
1992,9,63.9,80.22,0.83,-0.35,0.25,0.05,0.2,35.8,35.8,27.15,260,-0.5,5.31,5.86,5.48,5.37,-2.04,-2.25,5.57,5.14,5.24,4.22,5.24,-0.04
1992,10,88.7,76.79,0.93,-0.28,0.07,0.02,0.21,27,27,27.93,73,-1.2,1.73,2.78,1.71,3.57,-0.92,-1.02,3.79,1.82,0.9,1.5,3.82,-0.21
1992,11,91.8,73.83,0.93,-0.32,0.29,0.09,0.25,25,25,27.35,-2,2.2,4.05,3.18,4.34,10.02,-1.06,-1.47,3.82,1.62,2.68,0.96,8.64,-0.15
1992,12,82.6,71.98,0.53,-0.27,0.39,0.08,0.36,26.1,26.1,27.1,-21,1.2,0.59,0.92,0.71,1.25,-1.33,-1.53,0.51,0.65,0.38,1.07,0.82,-0.04
1993,1,59.3,71.42,0.05,-0.23,0.4,0.14,0.44,31.2,31.2,27.13,461,2.1,6.57,5.93,6.58,8.49,-1.59,-1.75,6.62,5.18,6.22,4.88,8.79,0.15
1993,2,91,68.08,0.19,-0.17,0.54,0.47,0.53,27.1,27.1,26.72,178,0.3,2.26,2.53,2.2,2.03,-1.6,-1.6,1.65,2.91,1.92,1.99,2.19,0.34
1993,3,69.8,64.84,0.76,-0.23,0.64,0.6,0.73,37.9,37.9,25.72,289,1.2,4.2,5.43,3.78,5.47,-1.48,-1.49,4.35,4.89,3.81,2.3,7.29,0.4
1993,4,62.2,64.26,1.21,-0.16,1.01,1.13,0.93,29.2,29.2,25.52,228,1.5,2.75,3.21,2.87,2.9,-1.18,-1.05,3.41,2.88,1.57,2.39,2.2,0.79
1993,5,61.3,60.18,2.13,-0.15,1.14,1.34,1.02,22.1,22.1,25.56,-202,-3.6,3.72,2.72,4.01,4.14,-0.52,-0.09,2.16,2.24,0.39,2.69,3.36,0.91
1993,6,49.8,56.88,2.34,-0.16,0.92,0.85,0.9,21.8,21.8,25.45,-48,-0.3,5.4,4.24,5.62,5.09,-0.68,-0.76,5.19,2.74,6.23,5.85,7.86,0.55
1993,7,57.9,54.97,2.35,-0.26,0.62,0.37,0.65,18.2,18.2,25.06,-85,-0.2,5.9,5.17,6.8,5.91,-0.57,-0.61,5.63,5.48,3.09,5.5,5.62,0.28
1993,8,42.2,53.14,2.69,-0.21,0.4,0.23,0.55,19.2,19.2,26.4,-112,-0.2,6.16,6.11,6.03,5.9,-0.96,-1.04,3.41,6.58,4.41,7.61,4.5,0.09
1993,9,22.4,48.58,1.56,-0.14,0.63,0.52,0.54,23.8,23.8,26.4,187,-2.6,6.29,5.83,6.8,7.51,-0.46,-0.62,5.91,5.41,5.95,7.59,7.79,0.29
1993,10,56.4,44.45,1.41,-0.22,0.59,0.59,0.61,24.6,24.6,27.32,179,-0.7,6.5,5.25,7.11,11.22,-0.41,-0.5,2.73,4.82,4.88,8.14,12.91,0.15
1993,11,35.6,41.03,1.24,-0.3,0.61,0.49,0.52,25.5,25.5,28.83,-24,2.5,1.24,1.06,1.38,3.31,-1.02,-1.38,1.27,0.93,1.56,0.59,5.9,0.07
1993,12,48.9,38.47,1.07,-0.27,0.38,0.47,0.39,24.8,24.8,29.28,-75,2.6,0.82,1.02,0.82,0.69,-1.56,-1.79,0.9,1.15,0.77,1.25,2.12,0.13
1994,1,57.8,37.34,1.21,-0.27,0.2,0.3,0.16,26.5,26.5,29.48,83,2,3.09,3.79,3.26,3.94,-1.59,-1.84,4.22,2.44,4.4,2.81,4.43,0.13
1994,2,35.5,34.62,0.59,-0.29,-0.1,-0.07,0.07,43.2,43.2,29.21,98,-0.4,3.34,2.45,3.51,5.02,-1.36,-1.16,3.18,2.9,2.46,3.22,7.81,0.09
1994,3,31.7,33.35,0.8,-0.26,0.11,0.01,0.11,37.9,37.9,28.91,42,4.4,2.24,2.13,2.25,2.51,-1.46,-1.56,1.82,2.53,2.58,2.45,3.36,0.11
1994,4,16.1,35.01,1.05,-0.18,0.33,-0.05,0.33,40.2,40.2,29.63,-47,1.1,3.86,3.56,4.07,5.33,-1.85,-2.12,5.91,3.91,2.78,3.96,5.58,0.34
1994,5,17.8,32.05,1.23,-0.19,0.56,0.34,0.51,40.2,40.2,29.48,-103,-0.5,3.45,2.14,2.73,3.64,-1.09,-1.1,4.36,3.45,4.15,2.64,4.43,0.4
1994,6,28,31.33,0.46,-0.2,0.63,0.35,0.53,27.2,27.2,29.42,356,2.1,8.32,9.45,7.19,7.3,-1.58,-1.31,10.63,10.28,7.37,10.26,8.63,0.35
1994,7,35.1,29.43,0.06,-0.21,0.39,-0.19,0.56,20.6,20.6,29.18,276,0.7,6.53,7.07,5.83,4.3,-1.72,-1.69,5.34,8.19,4.31,6.58,7.94,0.32
1994,8,22.5,27.28,-0.79,-0.21,0.66,-0.09,0.6,16,16,27.62,305,-1,8.03,8.2,8.02,9.45,-1.27,-1.44,7.42,6.53,7.67,7.87,8.9,0.48
1994,9,25.7,26.95,-1.36,-0.12,0.75,0.31,0.82,20.2,20.2,26.44,595,-0.1,9.61,9.75,10.85,11.98,-0.84,-0.78,9.18,7.03,9.58,9.97,12.04,0.24
1994,10,44,25.58,-1.32,-0.02,1.04,0.88,1.04,33.3,33.3,25.11,606,-1.2,4.97,3.84,5.24,6.1,0.55,0.75,3.68,3.49,3.83,4.89,6.78,0.57
1994,11,18,25.46,-1.96,0,1.33,1.13,1.22,23.6,23.6,24.33,453,0.2,6.02,3.91,5.23,8.94,0.22,-0.03,5.81,3.42,3.28,2.16,7.66,1.04
1994,12,26.2,25.29,-1.79,-0.08,1.3,1.16,1.23,24.1,24.1,23.66,429,1.6,5.27,3.55,4.95,6.58,-0.97,-1.23,3.56,2.74,4.32,4.38,8.54,1.14
1995,1,24.2,24.25,-0.49,-0.05,1.05,0.97,1.02,23.6,23.6,23.18,239,1.4,2.91,2.51,3.27,2.91,-1.22,-1.33,1.9,1.82,2.38,3.73,2.11,0.94
1995,2,29.9,22.65,0.46,-0.02,0.72,0.67,0.74,24.5,24.5,23.27,124,2.3,1.95,2.32,1.71,1.97,-1.33,-1.48,1.66,2.52,3.09,1.17,3.04,0.69
1995,3,31.1,21.83,0.75,0.04,0.47,0.26,0.5,23.8,23.8,23.43,255,1.8,2.25,2.4,2.43,3.06,-1.66,-1.61,1.74,3.54,3.08,0.05,2.71,0.43
1995,4,14,21.48,0.83,0.1,0.32,0.05,0.35,24.2,24.2,22.98,5,-1.9,3.17,3.27,3.07,3.28,-0.56,0.18,2.39,3.35,2.15,7.68,2.64,0.35
1995,5,14.5,18.78,1.46,0.28,0.25,-0.09,0.29,30.9,30.9,22.45,-60,-0.8,3.08,2.11,3.24,3.28,0.39,1.01,2.71,2.76,1.89,1.55,1.5,0.05
1995,6,15.6,18.17,1.27,0.39,0.29,0.11,0.22,19.1,19.1,21.96,53,-2.1,10.84,8.72,13.31,12.47,0.46,0.99,7,7.02,7.69,9.7,4.9,0.04
1995,7,14.5,17.04,1.71,0.34,0.11,-0.02,0.08,14.9,14.9,21.56,228,-1.4,8.66,9.39,9.04,7.18,1.33,1.64,9.49,5.24,5.66,11.94,5.72,-0.11
1995,8,14.3,15.52,0.21,0.21,-0.17,-0.37,-0.11,17,17,21.25,827,-0.8,11.48,10.82,12.28,14.47,1.07,1.26,11.81,8.85,9.43,19.32,16.48,-0.45
1995,9,11.8,13.92,1.16,0.08,-0.28,-0.37,-0.38,22.2,22.2,21.13,829,0.6,7.16,6.93,7.8,6.98,-0.22,-0.46,5.78,4.6,4.64,11.31,6.22,-0.79
1995,10,21.1,11.9,0.47,0.12,-0.69,-0.59,-0.55,27.9,27.9,20.82,1017,-0.3,10.28,7.67,11.37,11.05,0.25,-0.03,5.2,6.84,9.49,11.24,15.28,-0.92
1995,11,9,11.25,-0.28,0.14,-0.67,-0.62,-0.72,17.2,17.2,19.41,-9,-3,0.83,1.75,0.95,1.58,0.24,0.21,1.84,1.18,0.6,1.14,0.64,-1.02
1995,12,10,11.04,0.16,0.05,-0.8,-0.68,-0.73,18.2,18.2,18.74,-18,-3.8,0.77,0.68,0.69,0.9,0.75,0.72,0.44,0.35,0.55,0.26,0.53,-0.97
1996,1,11.5,10.47,0.59,0.01,-0.71,-0.54,-0.76,18.8,18.8,18.73,179,-1.8,2.2,4.2,2.19,2.16,0.81,0.95,4.82,2.28,1.98,2.0872,1.68,-0.84
1996,2,4.4,10.46,0.75,-0.02,-0.75,-0.5,-0.64,20.8,20.8,18.88,-36,0.9,0.77,1.66,0.66,0.71,-0.44,-0.08,1.88,1.22,0.89,0.57776,0.76,-0.8
1996,3,9.2,9.48,1.01,-0.04,-0.45,-0.18,-0.49,22.3,22.3,19.21,91,-2.6,4.63,6.48,3.59,4.49,-0.38,0.12,7.67,5.43,5.67,3.5628,10.61,-0.59
1996,4,4.8,8.65,1.46,0.03,-0.27,-0.43,-0.31,20.5,20.5,18.84,118,-1,1.85,1.87,2.17,2.6,0.43,0.95,1.74,1.47,1.62,2.10096,1.42,-0.33
1996,5,5.5,8.4,2.18,-0.05,-0.21,-0.34,-0.17,14,14,18.77,-50,-1.8,7.07,4.19,8.1,8.45,0.28,0.45,5.97,6.86,6.03,6.11376,6.61,-0.21
1996,6,11.8,8.73,1.1,-0.11,-0.03,-0.28,-0.08,11.1,11.1,18.58,354,0.7,9.15,7.83,9.1,10.27,-0.54,-0.31,8.31,7.18,7.67,10.34976,6.94,-0.19
1996,7,8.2,8.4,0.77,-0.09,0,-0.17,-0.03,14.7,14.7,18.46,122,1.2,4.18,4.2,4.15,3.36,-1.07,-0.49,3.34,3.41,3.97,4.77704,3.88,-0.22
1996,8,14.4,8.1,-0.14,0.01,-0.05,-0.18,-0.04,18.8,18.8,18.48,-33,0.6,6.4,5.12,6.34,5.11,-0.53,-0.39,7.82,5.71,4.89,6.13216,4.39,-0.17
1996,9,1.6,8.43,0.24,0.02,-0.06,-0.13,-0.12,26.2,26.2,17.98,-84,-0.6,4.72,4.62,5.35,6.61,0.95,0.97,4.33,3.19,1.93,5.20792,4.37,-0.38
1996,10,0.9,8.92,-0.33,-0.13,-0.26,-0.19,-0.15,23.5,23.5,17.8,70,1.6,5.86,4.11,6.54,8.72,0.27,0.19,3.67,3.78,3.52,5.87536,6.1,-0.35
1996,11,17.9,9.97,0.09,-0.16,-0.13,-0.24,-0.25,16.3,16.3,17.89,-131,1,0.78,0.79,0.57,1.22,-0.33,-0.6,0.64,0.43,0.94,0.29216,2.03,-0.36
1996,12,13.3,10.52,-0.03,-0.13,-0.35,-0.57,-0.27,15.9,15.9,18.11,-111,-3.6,1.2,2.06,0.96,1.25,0.42,0.21,2.82,1.32,1.27,0.64216,1.81,-0.57
1997,1,5.7,10.42,0.23,-0.07,-0.33,-0.64,-0.32,17.4,17.4,17.89,-59,-2.4,1.95,1.81,1.89,3.55,0.72,1.01,1.96,1.61,1.11,1.39224,2.72,-0.55
1997,2,7.6,11.66,0.28,-0.02,-0.28,-0.45,-0.2,21,21,17.47,10,3.7,1.47,1.4,1.8,3.17,-0.48,-0.36,1.62,0.9,1.22,0.79888,1.75,-0.39
1997,3,8.7,14.5,0.65,0.02,-0.01,0.02,0.11,16.3,16.3,16.82,-155,1.2,2.53,2.11,2.91,3.14,-0.48,-0.09,2.73,1.96,2.34,2.29808,2.88,-0.32
1997,4,15.5,16.13,1.05,0.02,0.6,0.5,0.58,18.4,18.4,16.42,4,-1.8,5.07,6.53,4.95,4.51,1.03,1.78,4.35,5.07,5.79,5.00696,7.22,0.17
1997,5,18.5,19.06,1.83,0.05,1.14,1.34,1.07,15.1,15.1,16.56,117,-1.9,4.22,3.08,4.58,4.52,0.64,0.89,3.42,4.48,4.82,5.03272,2.72,0.56
1997,6,12.7,20.85,2.76,0.03,1.46,1.8,1.42,13.7,13.7,16.13,201,-3.1,9.32,6.63,9.36,12.54,1.17,1.82,6.35,6.18,6.39,7.48248,7.14,1.09
1997,7,10.4,22.28,2.35,0.08,1.67,2.31,1.74,12.1,12.1,16.08,44,1.1,7.5,8.09,7.56,5.42,0.59,1.19,9.67,6.79,5.23,8.38744,5.32,1.44
1997,8,24.4,24.95,2.79,0.04,2.08,2.84,2.03,13.7,13.7,15.7,489,0.7,6.96,6.95,6.54,8.03,0.28,0.42,6.82,6.11,4.75,6.83088,8,1.74
1997,9,51.3,28.58,2.19,0.13,2.35,3.1,2.29,18.4,18.4,16.11,162,-0.8,7.47,7.33,8.17,10.19,1.05,1.3,3.29,8.11,6.62,7.96336,6.17,1.97
1997,10,22.8,32.02,1.61,0.17,2.43,3.33,2.48,18.7,18.7,16.08,14,-2.6,1.28,2.65,1.36,1.84,2.07,2.24,4.51,1.08,0.58,0.62936,1.8,2.24
1997,11,39,35.15,1.12,0.06,2.64,3.58,2.56,18,18,17.16,142,0.1,3.99,5.66,3.57,3,1.95,2.19,4.31,6.75,3.93,5.46648,2.99,2.32
1997,12,41.2,39.17,0.67,0.15,2.59,3.68,2.6,10.8,10.8,17.58,661,-0.5,6.24,8.54,6.37,5.92,1.75,1.65,11.22,5.98,4.88,5.45976,4.27,2.23
1998,1,31.9,43.32,0.83,0.15,2.58,3.44,2.46,16.8,16.8,18.18,776,-0.7,2.86,4.45,2.13,3.24,0.45,0.57,3.52,4.41,2.76,2.12,3.24,2.21
1998,2,40.3,49.61,1.56,0.31,2.21,2.75,2.15,16.4,16.4,19.29,929,0.7,6.37,7.78,6.12,6.3,0.46,0.39,8.69,7.54,6.39,6.92,6.81,1.89
1998,3,54.8,54.88,2.01,0.34,1.65,2.21,1.67,21.2,21.2,19.52,993,0.5,5.39,7.3,5.24,5.79,0.05,0.26,5.45,5.78,5.23,4.73,4.74,1.32
1998,4,53.4,55.2,1.27,0.31,1.15,1.87,1.23,18,18,19.83,29,0.7,1.2,1.21,0.8,1.2,0.3,0.74,1.15,1.57,1.04,0.61,2.84,0.86
1998,5,56.3,59.14,0.7,0.4,0.9,1.55,0.6,28.1,28.1,20.53,-227,-0.2,2.68,2.23,2.92,3.39,0.22,0.97,2.62,2.63,1.59,3.72,2.1,0.67
1998,6,70.7,62.44,0.4,0.51,-0.24,0.16,0.03,18.8,18.8,20.96,-231,-1,3.23,1.83,4.31,3.69,0.82,1.22,1.27,2.11,2.25,5.27,2.38,-0.15
1998,7,66.6,64.04,-0.04,0.51,-0.56,-0.04,-0.45,19.3,19.3,21.29,-17,0.3,7.09,7.94,6.66,6.01,0.86,1.6,7.58,7.83,6.22,8.73,6.27,-0.74
1998,8,92.2,66.68,-0.22,0.54,-0.55,0.07,-0.54,27,27,21.7,288,1.5,7.75,6.46,8.1,6.72,0.7,1.23,6.28,7.24,7.75,8.18,8.3,-1.12
1998,9,92.9,68.88,-1.21,0.44,-0.5,-0.14,-0.68,21.1,21.1,21.89,314,-2,9.45,9.91,8.97,12.42,1.77,2.01,7.07,7.46,7.9,9.27,10.16,-1.13
1998,10,55.5,69.56,-1.39,0.41,-0.99,-0.43,-0.81,22.4,22.4,22.17,40,1,2.34,1.83,2.55,3.11,0.76,1,0.68,1.53,2.27,2.31,2.11,-1.27
1998,11,74,73.64,-0.52,0.34,-0.95,-0.47,-1.12,26.5,26.5,21.14,356,0.9,6.27,3.66,6.69,7.29,0.43,0.72,2.84,3.61,5.81,7.72,7.55,-1.2
1998,12,81.9,79.9,-0.44,0.3,-1.41,-0.8,-1.24,15.9,15.9,20.63,-83,1.6,1.28,1.04,1.31,2.07,0.14,0.01,1.05,1,0.91,1.73,1.12,-1.52
1999,1,62,83.19,-0.32,0.07,-1.37,-0.88,-1.33,20.8,20.8,20.43,-11,1.3,2.86,3.13,3.01,4.13,-0.47,-0.45,2.86,2.09,2.64,3.28,2.94,-1.58
1999,2,66.3,85.28,-0.66,0.08,-1.22,-0.56,-1.15,21.3,21.3,20.37,-110,2.2,0.68,0.58,0.54,1.11,-0.28,-0.23,0.97,0.36,0.31,0.18,0.73,-1.24
1999,3,68.8,83.68,-0.33,0.09,-0.87,-0.19,-0.97,23.5,23.5,21.21,-193,0.2,0.63,0.86,0.69,0.6,-0.09,0.32,0.81,0.51,0.63,0.55,0.67,-0.84
1999,4,63.7,85.52,-0.41,0.08,-0.83,-0.48,-0.77,21.3,21.3,21.95,-230,0,1.7,1.76,1.84,1.37,0.12,0.82,2.52,2.44,2.41,1.83,2.05,-0.87
1999,5,106.4,91.49,-0.68,0.19,-0.61,-0.16,-0.71,15.8,15.8,21.83,-51,0.4,3.93,4.12,4.04,3.26,0.09,0.64,4.25,3.6,3.72,3.5,3.3,-0.9
1999,6,137.7,92.31,-1.3,0.21,-0.67,-0.51,-0.66,12.7,12.7,22.18,337,1.2,12.96,10.06,14.5,15.85,-0.76,0.17,9.95,11.57,12.54,16.47,10.05,-1.02
1999,7,113.5,92.94,-0.66,0.23,-0.7,-0.63,-0.74,16.9,16.9,22.47,354,-1.8,5.26,4.58,6.13,3.48,0.19,1.05,2.51,3.94,5.07,5.67,3.45,-0.95
1999,8,93.7,96.85,-0.96,0.34,-0.84,-0.75,-0.74,26.2,26.2,23.14,228,-2.6,8.14,7.69,8.44,10.93,0.89,1.38,7.67,8.38,7.42,10.63,9.67,-1.1
1999,9,71.5,102.41,-1.53,0.22,-0.69,-0.77,-0.8,31.2,31.2,22.61,499,0.9,9.08,6.37,9.39,9.24,0.65,0.79,6.44,7.03,7.36,11,6.12,-0.99
1999,10,116.7,106.77,-2.23,0.05,-0.88,-0.84,-0.89,31.3,31.3,22.93,817,0.4,8.53,6.27,8.3,13.47,-0.21,-0.71,5.96,6.14,5.32,5.18,10.81,-1.13
1999,11,133.2,111.22,-2.05,-0.02,-1.1,-1.14,-1.13,25.1,25.1,23.69,8,0.8,1.62,1.6,1.96,2.23,-0.05,-0.42,2.48,0.87,0.54,1.23,0.74,-1.43
1999,12,84.6,112.65,-1.63,0.04,-1.41,-1.25,-1.39,20.1,20.1,24.71,-66,1.7,1.18,1.87,1.1,1.48,-0.19,-0.2,2.51,1.73,1.08,1.07,1.23,-1.6
2000,1,90.1,115.14,-2,-0.06,-1.67,-1.44,-1.52,24.2,24.2,25.89,-61,0.1,1.04,1.61,1.15,1.26,-0.36,-0.56,1.2,1.21,1.08,1.06,1.38,-1.7
2000,2,112.9,116.45,-0.83,-0.02,-1.48,-0.91,-1.39,29.4,29.4,25.73,-30,3.1,0.69,0.59,0.9,1.19,-1.11,-0.84,0.22,0.23,0.57,0.49,1.21,-1.45
2000,3,138.5,117.68,0.29,0.12,-1.03,-0.45,-1.01,17.1,17.1,25.65,-124,0.4,1.97,1.29,1.97,3.26,-0.05,0.25,0.75,1.47,1.81,1.66,2.94,-1.01
2000,4,125.5,119.82,0.35,0.07,-0.52,0.07,-0.65,25.1,25.1,25.38,46,-2.5,3.07,1.91,3.49,4.08,-0.26,0.17,1.49,1.66,3.35,2,3.22,-0.83
2000,5,121.6,119.06,-0.05,0.13,-0.4,0.02,-0.41,25,25,25.72,-377,1.4,1.19,0.44,2.14,2.24,-0.28,0.21,1.19,0.5,0.87,1.5,0.42,-0.73
2000,6,124.9,116.85,-0.44,0.01,-0.3,-0.43,-0.33,24.9,24.9,25.38,-141,-0.5,6.07,5.86,6.16,5.62,-1.06,-0.43,6.67,4.44,4.54,6.17,6.09,-0.66
2000,7,170.1,117.69,-0.66,0.1,-0.3,-0.54,-0.3,31.1,31.1,24.87,12,-2.9,7.55,7.88,7.55,8.02,0.43,1.63,8.36,7.75,5.25,7.14,8.4,-0.56
2000,8,130.5,116.96,-1.19,0.13,-0.3,-0.51,-0.28,24.3,24.3,23.64,-38,0.4,5.24,5.44,6.3,5.59,0.33,0.74,6.01,3.41,2.77,5.25,3.84,-0.53
2000,9,109.7,117.01,-1.24,0.13,-0.23,-0.23,-0.35,30.2,30.2,24.73,139,0.2,7.28,7.14,8.03,6.67,0.9,1.37,4.94,6.12,7.02,9.31,5.55,-0.53
2000,10,99.4,114.64,-1.3,-0.01,-0.52,-0.26,-0.48,28.1,28.1,25.39,-56,4.5,4.47,1.46,4.44,8.45,-0.79,-0.97,0.91,1.24,1.55,1.51,4.71,-0.74
2000,11,106.8,112.42,-0.53,-0.03,-0.7,-0.54,-0.64,29.1,29.1,24.79,-105,0,0.44,0.85,0.41,0.92,0.27,0.06,0.7,0.21,0.29,0.31,0.55,-0.76
2000,12,104.4,113.37,0.52,-0.1,-0.71,-0.36,-0.72,16.1,16.1,24.23,-108,-2.2,1.04,0.78,1.34,2.68,0.31,0.37,0.86,0.61,0.35,0.49,0.85,-0.84
2001,1,95.6,110.05,0.6,-0.1,-0.75,-0.4,-0.71,18,18,23.2,-95,-0.1,0.63,0.71,0.52,0.8,0.13,0.05,0.69,0.35,0.63,0.9,0.82,-0.73
2001,2,80.6,105.15,0.29,0,-0.66,-0.21,-0.56,14.7,14.7,22.83,-67,-0.5,0.08,0.34,0.1,0.4,-0.08,-0.15,0.23,0.05,0.02,0,0.1,-0.57
2001,3,113.5,106.71,0.45,0.04,-0.26,0.27,-0.33,30.2,30.2,22.21,-103,-1.5,4.37,5.72,3.94,4.85,0.66,0.97,5.75,4.55,3.46,4.69,3.93,-0.39
2001,4,107.7,107.92,-0.31,0.02,-0.06,0.34,-0.12,33,33,22.48,-124,1.4,0.77,0.66,1.08,1.48,-0.34,-0.04,0.85,0.27,0.55,0.37,0.82,-0.38
2001,5,96.6,108.47,-0.3,0.01,-0.03,0.19,0.05,17.8,17.8,22.09,-107,-1,4.22,2.88,4.63,6.27,0.11,0.91,4.26,3.74,3.87,5.43,3.86,-0.2
2001,6,134,110.42,-0.47,0.22,0.26,0.16,0.17,18.2,18.2,22.38,-8,-1.9,7.18,7.84,7.37,7.3,0.68,1.34,7,6.09,5.18,6.29,7.24,-0.07
2001,7,81.8,111.17,-1.31,0.16,0.27,-0.05,0.23,18.7,18.7,22.28,220,0.3,10.19,10.94,10.02,8.99,0.53,0.85,9,8.86,9.43,13.58,11.75,0.07
2001,8,106.4,112.08,-0.77,0.21,0.15,-0.14,0.18,19.9,19.9,22.72,380,0.6,6.9,6.62,8.25,8.1,0.22,0.35,6.26,4.6,5.77,8.17,8.13,-0.07
2001,9,150.7,113.45,-1.37,0.32,0.12,-0.25,0.11,22.7,22.7,21.88,667,-2.8,12.23,13.01,12.98,13.75,1.17,1.78,11.53,10.5,9.61,11.49,10.25,-0.16
2001,10,125.5,114,-1.37,0.29,0.06,-0.27,0.03,31.4,31.4,21.3,325,0.9,4.49,3,5.85,7.94,0.72,0.77,2.71,3.58,3.93,2.85,4.62,-0.13
2001,11,106.5,115.01,-1.26,0.18,-0.09,-0.42,-0.09,24.4,24.4,21.48,132,1.4,1.2,1.08,1.12,2.2,0.43,0.27,1.16,0.67,0.91,0.59,3.59,-0.27
2001,12,132.2,114.37,-0.93,0.23,-0.24,-0.28,-0.12,19.5,19.5,21.14,-75,-4.1,1.27,0.95,1.81,2.07,1.27,1.51,1.11,0.93,0.6,1.16,0.93,-0.43
2002,1,114.1,111.72,0.27,0.2,-0.03,-0.27,-0.07,16.8,16.8,21.24,2,0.5,1.38,2.03,1.42,0.95,0.75,0.88,1.69,1.58,1.13,1.75,1.55,-0.15
2002,2,107.4,114.38,-0.64,0.19,0.07,0,0.03,20,20,21.46,-48,1.7,2.9,3.82,3.24,4.75,-0.03,-0.08,3.96,2.26,1.96,1.21,3.43,-0.03
2002,3,98.4,114.63,-0.43,0.17,0.06,0.23,0.15,20.2,20.2,21.35,-135,0.9,1.01,0.56,0.96,1.26,-0.4,-0.15,0.68,0.86,0.4,1.13,1.22,0.04
2002,4,120.7,110.54,-0.32,0.05,0.32,0.39,0.32,26,26,21.91,-185,2.2,1.56,2.1,1.41,2.2,-0.76,-0.48,1.28,1.1,0.8,1.48,2.72,0.13
2002,5,120.8,108.23,-0.63,-0.03,0.57,0.61,0.62,19.9,19.9,22.32,-249,1.9,3.2,2.79,3.35,4.04,-0.89,-0.64,3.48,3.48,2.59,3.85,3.18,0.4
2002,6,88.3,106.25,-0.35,-0.09,0.96,0.86,0.78,14.2,14.2,22.73,247,1.9,12.15,12.27,12.99,14.68,-1.24,-1.08,13.89,14.51,11.68,16.94,8.14,0.77
2002,7,99.6,102.22,-0.31,-0.04,0.81,0.58,0.89,19.9,19.9,23.34,859,1.6,8.05,7.47,8.56,9.04,-1.46,-0.87,6.84,6.69,7.03,9.24,8.48,0.78
2002,8,116.4,96.98,0.6,0.14,0.9,0.59,0.95,22.5,22.5,24.28,405,0.6,7.11,8.62,6.98,6.3,-0.4,0.05,10.36,7.69,7.44,7.78,5.9,0.86
2002,9,109.6,93.42,0.43,0.11,1.13,0.91,1.1,21.4,21.4,25.53,578,-4.4,5.86,5.96,6.58,5.52,0.54,0.97,5.94,5.2,4.76,8.46,3.64,0.99
2002,10,97.5,90.46,0.42,0.14,1.27,1.16,1.32,38.1,38.1,26.28,-15,-2,2.42,2.93,2.07,1.59,0.99,1.12,2.72,1.69,1.53,2.62,1.43,1.18
2002,11,95.5,85.38,1.51,0.05,1.56,1.53,1.47,29.3,29.3,29.01,-26,1.3,3.17,3.5,3.43,3.1,0.21,0.34,3.1,3.42,2.88,3.46,2.42,1.36
2002,12,80.8,82.04,2.1,0.03,1.58,1.5,1.45,24.4,24.4,31.18,454,-2.4,4.51,8.6,3.56,3.4,0.83,0.7,12.02,7.2,4.97,5.44,4.88,1.28
2003,1,79.7,81.65,2.09,0.07,1.21,0.94,1.19,24.2,24.2,32.22,520,0.4,1.15,1.89,1.11,0.81,0.55,0.68,0.01,0.11,0.24,0.29,0.17,0.73
2003,2,46,79.58,1.75,0.01,0.79,0.54,0.88,31.3,31.3,33.38,-40,1.2,1.29,1.61,1.19,1.27,-0.03,-0.02,2.32,1.22,0.67,1.05,1.21,0.67
2003,3,61.1,74.38,1.51,0.13,0.63,0.39,0.56,35.2,35.2,34.15,53,0.5,4.15,4.42,4.14,5.03,-0.12,0.21,5.7,3.61,4.22,5.33,3.97,0.44
2003,4,60,70.98,1.18,0.1,0.25,0.03,0.26,34.9,34.9,35.33,28,-1.9,3.05,3.02,3.13,3.21,0.13,0.93,2.37,2.11,2.23,3.73,3,-0.01
2003,5,54.6,68.66,0.89,0.18,-0.12,-0.39,0.12,52.7,52.7,36.61,38,0.8,5.98,3.77,7.29,10.02,-0.46,0,2.77,3.48,5.44,7.65,5.05,-0.38
2003,6,77.4,64.89,0.68,0.23,0.23,-0.27,0.19,40.2,40.2,37.11,341,-0.5,9.37,12.64,9.85,8.56,0.33,0.69,10.29,9.48,6.86,11.92,6.21,-0.08
2003,7,83.3,61.55,0.96,0.31,0.44,0.17,0.34,32.4,32.4,38.27,169,0.4,5.57,6.53,5.99,3.91,-0.35,-0.04,8.59,6.23,4.8,8.18,5.39,0.26
2003,8,72.7,58.94,0.88,0.45,0.34,0.24,0.42,36.4,36.4,37.65,780,-2,9.35,10,8.88,9.85,0.07,0.45,11.03,9.73,7.39,9.9,9.87,0.22
2003,9,48.7,59.18,0.01,0.48,0.47,0.41,0.44,30.7,30.7,36.82,790,-0.6,8.82,7.57,9.94,8.59,0.53,0.61,4.2,6.06,7,8.78,7.11,0.23
2003,10,65.5,57.5,0.83,0.45,0.5,0.59,0.51,52.2,52.2,35.58,149,-1,0.95,1.08,1.12,1.93,1.22,1.45,1.08,0.33,0.52,0.26,1.01,0.43
2003,11,67.3,56.08,0.52,0.25,0.58,0.66,0.5,44.7,44.7,32.58,-72,1.4,2.53,1.85,2.96,5.78,1.13,0.94,2.09,1.77,1.33,2.9,3.51,0.43
2003,12,46.5,55.2,0.33,0.25,0.41,0.6,0.45,30.4,30.4,30.55,24,-1.1,2.2,2.88,2.24,1.72,0.84,0.98,2.05,2.92,2.58,2.97,2.04,0.39
2004,1,37.3,53.18,0.43,0.23,0.37,0.53,0.33,38.1,38.1,30.34,28,0.2,2.34,2.59,2.45,1.99,1.32,1.55,3.27,2.08,1.95,2.46,2.41,0.25
2004,2,45.8,49.92,0.48,0.23,0.21,0.3,0.2,23.9,23.9,28.67,111,-1.4,3.15,3.88,3.19,3.3,0.71,0.75,2.74,2.46,2.66,3.02,2.46,0.19
2004,3,49.1,46.45,0.61,0.18,0.04,0.25,0.17,25.2,25.2,27.41,-82,1.5,0.48,1.02,0.46,0.87,0.14,0.32,1.14,0.45,0.23,0.19,0.61,0.09
2004,4,39.3,46.4,0.57,0.13,0.28,0.24,0.26,20.1,20.1,24.42,-188,1.7,2.32,2.14,2.54,3.01,-0.09,0.33,2.59,2.43,2.36,2.04,2.19,0.15
2004,5,41.5,44.71,0.88,0.02,0.47,0.18,0.45,16.6,16.6,23.73,-238,0.9,1.39,1.55,1.17,2.04,-0.75,-0.29,1.37,0.62,1.23,0.94,1.94,0.17
2004,6,43.2,40.91,0.04,0.2,0.61,0.16,0.56,15.9,15.9,23.08,-65,-1.5,6.66,8.24,6.46,3.3,-0.35,0.3,8.84,6.76,6,6.89,5.6,0.2
2004,7,51.1,39.74,0.44,0.26,0.59,-0.08,0.64,29.9,29.9,23.15,-66,-0.8,6.84,7.01,7.26,6.25,-0.11,0.57,6.38,5.7,4.74,6.68,4.84,0.58
2004,8,40.9,39.12,0.85,0.34,0.71,0.12,0.72,16.3,16.3,22.96,456,-1.5,10.74,12.47,11.16,9.65,0.1,0.36,12.55,9.35,9.14,13.4,9.56,0.73
2004,9,27.7,37.48,0.75,0.27,0.87,0.49,0.77,15.6,15.6,22.64,1656,2,10.73,13.51,10.26,15.3,0.09,0.19,17.3,12.03,10.29,8.84,17.98,0.77
2004,10,48,35.56,-0.11,0.27,0.73,0.58,0.83,16.3,16.3,22.53,1038,-2,2.21,1.7,3.03,4.01,0.8,0.65,1.13,1.65,1.4,1.34,1.92,0.74
2004,11,43.5,35.82,-0.63,0.25,0.9,0.73,0.85,36.4,36.4,23.52,-110,-0.2,0.78,1.15,0.99,1.06,0.74,1.08,1.14,0.55,0.57,0.8,1.07,0.71
2004,12,17.9,35.65,-0.17,0.21,0.92,0.82,0.81,22.6,22.6,23.83,-73,2.6,1.35,2.56,1.06,1.02,0.48,0.3,2.65,2.3,1.12,1.18,1.55,0.74
2005,1,31.3,35.42,0.44,0.14,0.62,0.49,0.6,39,39,23.34,12,1,1.07,1.87,1.02,1.29,-0.04,-0.17,2.26,1.22,0.85,0.67,1.06,0.68
2005,2,29.2,34.28,0.81,0.15,0.27,0.05,0.43,21.6,21.6,23.98,-62,-0.6,1.54,2.31,1.44,0.92,0.06,0.54,2.85,2.72,2.06,3.15,2.17,0.45
2005,3,24.5,32.82,1.36,0.31,0.39,0.18,0.4,21.4,21.4,25.33,418,-3,5.22,5.17,5.35,5.12,1.37,2.24,4.96,4.44,6.03,7.05,6.46,0.53
2005,4,24.2,31.36,1.03,0.32,0.53,0.55,0.54,18.8,18.8,25.27,93,0.2,2.35,3.14,2.17,2.06,0.51,1.36,2.59,2.78,2.04,2.78,2.83,0.39
2005,5,42.7,29.05,1.86,0.31,0.69,0.76,0.63,28.4,28.4,23.66,-60,-1.6,4.02,3.99,3.14,4.77,0.88,2.02,4.85,7.19,4.03,4.29,4.79,0.45
2005,6,39.3,28.87,1.17,0.35,0.68,0.57,0.58,19.7,19.7,23.2,1014,-1.4,14.94,14.16,14.45,13.78,1.65,2.51,13.82,9.76,11.44,13.57,14.04,0.24
2005,7,40.1,28.67,0.66,0.48,0.37,0.37,0.41,24,24,21.08,974,-0.5,6.47,6.19,6.93,4.77,0.71,1.36,5.85,4.99,4.61,9.02,5.71,-0.08
2005,8,36.4,26.64,0.25,0.47,0.19,0.3,0.25,24,24,20.42,221,1.8,7,5.63,7.64,7.67,1.05,1.18,6.94,5.92,5.71,7.01,7.65,0.06
2005,9,21.9,25.21,-0.46,0.45,0.19,0.05,0.13,31.8,31.8,19.95,191,1.2,5.39,4.05,5.66,6.69,0.77,0.87,3.51,3.97,3.45,4.39,5.93,0.03
2005,10,8.7,25.65,-1.32,0.26,0.01,-0.02,-0.01,15.5,15.5,19.95,598,-1.5,7.51,7.57,5.49,6.96,0.99,1.21,9.89,8,8.05,8.84,9.66,-0.02
2005,11,18,25.5,-1.5,0.16,-0.21,-0.44,-0.25,17.1,17.1,18.73,730,0.7,2.68,2.52,3.02,3.95,0.34,0.2,1.38,2.93,4.34,4.21,6.84,-0.44
2005,12,41.1,23.28,0.2,0.24,-0.55,-0.54,-0.51,17.1,17.1,18.35,39,-0.7,0.73,1.39,0.78,1.48,1,1.26,2.2,0.52,0.43,0.33,1.27,-0.71
2006,1,15.3,21.2,1.03,0.14,-0.77,-0.43,-0.65,13.6,13.6,17.38,-61,1,0.37,0.52,0.34,0.54,0.72,0.81,0.38,0.32,0.22,0.25,0.21,-0.8
2006,2,4.9,19.11,0.66,0.09,-0.63,-0.13,-0.67,13.6,13.6,16.83,151,-0.7,3.14,3.21,2.94,3.58,0.77,1.19,2.5,3.7,3.56,3.64,3.16,-0.56
2006,3,10.6,17.42,0.05,0.08,-0.6,-0.29,-0.46,15.8,15.8,15.48,-157,-1.8,0.66,0.34,0.54,1,1.01,1.54,0.18,0.44,0.7,1.09,0.39,-0.52
2006,4,30.2,16.54,0.4,0.22,-0.13,-0.01,-0.18,18.8,18.8,15.57,-210,1,0.97,0.93,0.81,1.81,0.43,1.23,1.41,0.76,0.79,0.27,2.05,-0.18
2006,5,22.3,17.52,0.48,0.33,0.21,0.34,0.14,13.7,13.7,15.54,-235,-0.6,2.76,1.95,3.06,3.93,0.71,1.53,1.83,1.11,1.56,1.52,1.86,0
2006,6,13.9,17.18,1.04,0.36,0.35,0.2,0.27,15.2,15.2,16.18,-138,0,5.99,6.62,6.07,4.76,0.02,0.4,7.12,5.28,2.99,5.42,4.13,0.12
2006,7,12.2,15.31,0.35,0.41,0.27,0.2,0.37,12.4,12.4,16.64,103,-0.3,8.29,7.49,9.5,7.89,0.34,0.72,4.99,6.19,5.84,9.07,5.39,0.11
2006,8,12.9,14.95,-0.65,0.44,0.49,0.54,0.57,17.4,17.4,16.71,9,-0.9,8.75,8.41,9.01,6.91,1.21,2.24,6,8.47,8.04,12.04,6.64,0.34
2006,9,14.4,14.92,-0.94,0.4,0.94,1.12,0.79,15.5,15.5,16.75,487,-0.4,6.19,6.61,6.7,7.1,1.8,2.4,3.06,3.98,3.98,5.78,4.16,0.58
2006,10,10.5,14.37,-0.05,0.36,0.95,1.18,1.06,16.6,16.6,16.68,-226,-2.4,1,1.05,1.02,1.56,1.97,2.73,0.73,1.01,1.03,0.93,1.18,0.71
2006,11,21.4,12.95,-0.22,0.31,1.29,1.23,1.19,16.8,16.8,16.79,-123,1.2,1.08,1.41,1.07,2.09,1.14,0.96,1.04,0.51,0.38,0.49,1.1,1.02
2006,12,13.6,12.16,0.14,0.19,1.34,1.39,1.15,24.7,24.7,16.58,-33,2.1,2.27,2.54,2.16,4.23,0.05,-0.57,2.96,1.68,1.7,1.81,3.43,1.09
2007,1,16.8,11.84,0.01,0.19,0.8,1.05,0.82,19.2,19.2,16.68,-94,1.1,0.75,1.51,0.7,0.8,0.32,0.16,1.93,0.63,0.28,0.24,0.38,0.73
2007,2,10.7,11.36,0.04,0.24,0.32,0.31,0.4,14.4,14.4,16.34,-99,-0.2,1.4,1.74,1.64,2.24,0.95,1.32,1.75,1.19,0.79,0.98,0.57,0.22
2007,3,4.5,10.55,-0.36,0.15,0.07,-0.06,0.2,16.3,16.3,16.48,-180,3.1,0.73,0.82,0.99,1.45,-0.14,-0.01,0.7,1.15,0.28,0.15,0.84,0.01
2007,4,3.4,9.52,0.16,0.18,0.21,0.02,0.1,18,18,15.93,-189,-0.1,2.46,2.43,2.62,2.77,0.65,1.71,2.36,2.44,1.64,1.54,2.2,-0.14
2007,5,11.7,8.84,-0.1,0.13,0.01,-0.24,0.12,15,15,15.69,-144,2.9,2.62,1.49,2.92,3.78,-0.14,0.38,0.7,2.97,2.03,2.2,2.3,-0.25
2007,6,12.1,7.97,0.09,0.12,0.14,-0.3,-0.02,12.7,12.7,14.69,-37,-3.5,8.11,6.5,8.08,11.76,0.82,1.89,6.44,5.23,5.67,7.89,7.48,-0.15
2007,7,9.7,7.18,0.78,0.16,-0.21,-0.6,-0.15,13.5,13.5,14.47,16,-1,8.37,8.34,8.07,7.96,1.56,1.79,9.58,10.19,6.26,10.79,9.21,-0.31
2007,8,6,6.05,0.5,0.09,-0.39,-0.82,-0.4,13.4,13.4,15.14,69,-0.2,4.88,5.56,4.79,4.92,0.81,1.55,4.27,3.64,3.24,4.49,5.62,-0.52
2007,9,2.4,5.94,-0.36,0.13,-0.59,-0.88,-0.71,17.1,17.1,15.55,52,-0.1,7.26,5.67,7.54,8.43,1.07,1.3,4.62,5.76,4.84,5.96,8.56,-0.86
2007,10,0.9,5.82,-1.45,0.19,-1.16,-1.17,-1,10,10,15.52,93,0.9,4.99,4.53,5.12,9.06,1.21,1.81,5.7,4.48,3.78,3.13,8,-1.09
2007,11,1.7,5.8,-1.08,0.2,-1.25,-1.42,-1.24,14,14,15.39,-22,-1.2,0.64,0.56,0.71,1.73,1.11,1.3,0.37,0.37,0.37,0.42,1.33,-1.19
2007,12,10.1,5.16,-0.58,0.13,-1.31,-1.21,-1.4,12.7,12.7,15.53,-3,0.9,1.28,1.27,1.61,1.84,0.65,0.56,0.51,0.68,1.53,2.56,2.35,-1.23
2008,1,3.3,4.29,-1,0.05,-1.65,-1.28,-1.6,16.5,16.5,15.33,-56,1.4,1.33,2.51,1.11,1.63,0.08,0.18,3.02,1.29,0.9,0.86,1.3,-1.49
2008,2,2.1,3.58,-0.77,0.15,-1.83,-1.11,-1.55,22.5,22.5,15.03,-26,0.4,2.98,2.05,3.05,3.68,-0.09,-0.08,1.42,2.09,1.78,2.52,1.58,-1.47
2008,3,9.3,3.21,-0.71,0.18,-1.19,-0.42,-1.28,21.2,21.2,14.52,19,1.6,3.19,3.43,3.1,4.95,-0.3,0.37,3.33,3.48,3.3,3.97,3.94,-1.08
2008,4,2.9,3.25,-1.52,0.07,-0.82,-0.17,-0.79,17.6,17.6,14.79,12,-2.8,3.51,3.8,3.77,3.7,0.2,1.55,3.51,3.43,2.77,2.96,2.48,-0.85
2008,5,3.2,3.49,-1.37,0.19,-0.37,0.28,-0.46,13.5,13.5,14.43,-113,-2.1,1.66,1.32,1.61,2.74,1.22,2.54,1.29,1.18,1.97,1.23,2.98,-0.7
2008,6,3.4,3.42,-1.34,0.29,-0.19,0.28,-0.16,14.4,14.4,14.23,-22,-0.2,8.38,8.03,8.68,5.94,1.07,1.84,8.01,7.86,7.15,9.41,5.55,-0.53
2008,7,0.8,2.75,-1.67,0.24,0.08,0.49,0.03,11.1,11.1,13.71,324,0,9.19,10.51,9.42,7.87,0.69,1.24,7.97,11.11,7.23,8.78,7.69,-0.26
2008,8,0.5,2.6,-1.7,0.2,0.19,0.69,0.14,9.7,9.7,12.68,1200,2,12.56,12.07,12.92,11.64,1.43,2.41,11.11,13.25,12.17,15.23,14.42,-0.16
2008,9,1.1,2.49,-1.55,0.23,0.15,0.53,0.04,11,11,11.81,651,0.2,5.72,2.98,6.23,6.31,0.34,0.41,2.45,3.08,3.62,5.47,4.19,-0.24
2008,10,2.9,1.84,-1.76,0.13,-0.23,0.17,-0.12,13.3,13.3,11.09,-32,3.1,3.95,3.56,4.12,6.98,-0.16,-0.38,3.84,3.05,2.13,2.41,4.09,-0.29
2008,11,4.1,1.84,-1.25,0.03,-0.28,0,-0.4,9.6,9.6,10.62,-165,1.3,0.49,0.95,0.34,0.92,-0.15,-0.51,1.11,0.63,0.6,0.7,1.28,-0.36
2008,12,0.8,1.82,-0.87,0.05,-0.7,-0.29,-0.63,10.3,10.3,10.13,-50,0.5,1.16,1.22,1.27,0.9,0.06,0.04,0.82,0.96,1.03,1.17,1.37,-0.75
2009,1,1.3,1.8,-1.4,-0.03,-0.9,-0.35,-0.8,10.3,10.3,9.93,-124,1.6,0.49,1.47,0.33,0.25,0.15,0.51,1.6,0.74,0.33,0.43,0.34,-0.9
2009,2,1.4,1.74,-1.55,-0.14,-0.78,-0.3,-0.75,10.1,10.1,9.93,-116,-0.2,0.44,0.57,0.38,0.29,0.13,0.38,0.51,0.51,0.33,0.24,0.42,-0.7
2009,3,0.7,2.03,-1.59,-0.14,-0.56,-0.37,-0.52,10.8,10.8,9.68,-134,1.7,1.4,0.96,1.35,3.09,-0.02,0.35,0.81,1.28,0.86,0.65,2.17,-0.4
2009,4,0.8,2.32,-1.65,-0.1,-0.23,0.22,-0.12,9,9,9.24,-195,2.8,0.74,1.3,0.63,1.12,-0.58,-0.69,0.97,0.92,0.42,0.28,0.58,-0.07
2009,5,2.9,2.41,-0.88,-0.04,0.44,0.75,0.32,7.8,7.8,9.06,14,2.7,8.74,9.64,8.04,8.89,-1.31,-0.93,14.26,7.64,7.13,9.93,7.5,0.2
2009,6,2.9,2.92,-0.31,0.15,0.76,0.97,0.68,8.6,8.6,8.69,391,-3.8,8.74,6.6,8.19,9.06,0.17,1.12,8.93,7.97,7.77,7.33,5.73,0.42
2009,7,3.2,3.88,-0.53,0.26,0.82,1.01,0.8,8.7,8.7,8.48,551,-2,7.14,7.69,6.94,6.24,0.58,1.17,8.55,7.5,6.75,10.08,7.68,0.55
2009,8,0,5.22,0.09,0.18,0.8,1.01,0.86,9.7,9.7,8.5,292,2.2,6.81,6.07,7.76,5.86,0.06,0.19,6.17,6.08,5.56,6.6,6.52,0.56
2009,9,4.3,6.3,0.52,0.09,0.94,1.02,0.95,7.9,7.9,8.43,239,1.4,7.03,6.17,7.98,7.57,-0.81,-1.24,6.92,4.97,3.78,6.94,4.97,0.63
2009,10,4.8,6.86,0.27,0.2,1.1,1.06,1.22,8.1,8.1,9.16,-156,-2.2,1.2,0.9,1.26,1.81,0.96,1.76,0.94,0.55,0.59,0.21,1.11,0.93
2009,11,4.1,7.47,-0.4,0.1,1.63,1.43,1.52,7.4,7.4,9.8,-155,2.1,1.75,1.57,2.2,3.74,0.19,-0.14,1.28,0.72,0.79,1.2,1.01,1.34
2009,12,10.8,8.29,0.08,0.11,1.83,1.68,1.68,5.9,5.9,10.25,26,-4.6,4.03,4.29,3.81,5.55,0.59,1.39,4.52,3.62,3.14,3.97,5.98,1.42
2010,1,13.2,9.31,0.83,0.07,1.6,1.22,1.56,7.8,7.8,10.44,-18,-1.9,1.64,2.2,1.65,1.51,0.53,1.64,2.16,1.42,1.31,1.32,1.32,1.26
2010,2,18.8,10.57,0.82,0.2,1.26,0.97,1.29,10.3,10.3,10.88,53,-3.6,2.88,2.75,3.01,4.12,1.69,2.86,3.51,2.42,1.83,1.84,2.78,1.11
2010,3,15.4,12.51,0.44,0.31,1,0.76,0.99,9.9,9.9,11.17,446,-1.5,6.3,8.18,6.52,5.74,0.65,1.19,8.84,6.97,7.62,7.19,7.1,0.88
2010,4,8,13.98,0.78,0.46,0.71,0.86,0.61,17.8,17.8,11.6,401,-2.5,4.68,3.26,4.44,6.07,1.08,2.68,3.94,3.1,4,5,4.48,0.51
2010,5,8.7,15.27,0.62,0.49,0.11,0.35,0.13,15.5,15.5,11.98,88,-0.8,3.19,3.08,3.2,2.56,1.34,2.63,3.22,2.38,3.38,4.92,2.87,0.02
2010,6,13.6,16.06,-0.22,0.48,-0.41,-0.41,-0.4,14,14,12.33,35,-0.3,5.75,5.74,6.2,6.09,1.3,1.96,4.84,5.43,3.95,6.04,5.71,-0.44
2010,7,16.1,16.68,-1.05,0.48,-0.91,-1.01,-0.78,11,11,12.74,176,1.7,6.53,6.14,6.91,5.67,1.17,2.05,4.76,7.98,5.98,6.18,4.11,-0.79
2010,8,19.6,17.94,-1.27,0.56,-1.02,-1.03,-1.02,14.9,14.9,13.02,138,-1.9,9.12,9.49,9.13,7.68,1.7,2.75,7.84,7.15,7.44,7.8,7.49,-1.16
2010,9,25.2,20.78,-1.61,0.48,-1.12,-0.99,-1.18,11.4,11.4,13.51,38,-0.2,6.61,4.22,7.16,9.94,2.61,3.32,4.84,4.31,4.07,4.01,6,-1.41
2010,10,23.5,23.78,-1.06,0.36,-1.39,-1.3,-1.29,13.3,13.3,13.36,-148,-0.8,0.63,0.08,0.88,1.67,1.97,2.5,0,0.04,0.1,0.25,0.35,-1.36
2010,11,21.5,26.37,-0.82,0.27,-1.35,-1.21,-1.39,12,12,13.48,-144,-1.5,1.77,2.02,1.64,1.96,1.81,2.53,1.69,1.78,1.25,1.76,1.31,-1.31
2010,12,14.4,28.55,-1.21,0.24,-1.45,-1.33,-1.45,10,10,13.68,-128,-5.6,0.95,0.93,1.05,0.98,2.33,3.45,0.69,1.01,0.68,0.83,0.53,-1.34
2011,1,18.8,30.87,-0.92,0.17,-1.57,-1.15,-1.45,12.8,12.8,14.13,16,-1.3,2.5,4.04,2.37,2.1,1.76,2.25,4.51,2.77,2.24,2.39,2.42,-1.46
2011,2,29.6,33.52,-0.83,0.13,-1.32,-0.72,-1.32,13.6,13.6,13.98,-38,1.9,0.35,0.58,0.31,0.32,1.02,1.07,0.42,0.21,0.27,0.36,0.38,-1.05
2011,3,55.8,38.02,-0.69,0.08,-1.08,-0.6,-1.03,15.8,15.8,14.85,-87,0.4,2.94,5.38,2.08,2.07,0.23,0.54,6.85,3.87,3.5,2.91,3.51,-0.76
2011,4,54.4,42.85,-0.42,0.12,-0.69,-0.11,-0.71,16,16,14.91,-102,2.1,1.58,2.15,1.89,1.92,-0.25,0.69,0.97,1.5,0.98,1.04,1.59,-0.55
2011,5,41.6,48.48,-0.37,0.17,-0.36,0.24,-0.41,17,17,14.87,-146,1.8,2.21,1.96,2.5,1.67,-0.81,0.53,1.48,1.8,1.51,2.61,1.63,-0.34
2011,6,37,52.44,-0.69,0.2,-0.19,0.28,-0.25,16.3,16.3,14.85,-94,-0.8,6.19,5.03,5.7,4.44,-0.59,0.78,7.26,5.79,5.47,8.95,4.41,-0.13
2011,7,43.8,55.82,-1.86,0.13,-0.2,0.09,-0.29,16.5,16.5,15.04,119,0.3,7.39,6.7,6.8,6.25,-0.39,0.76,7.09,7.27,5.28,8.03,5.17,-0.2
2011,8,50.6,56.9,-1.74,0.18,-0.49,-0.26,-0.37,13,13,15.41,86,-1.4,8.47,8.92,8.34,8.9,0.54,1.33,8.59,6.86,6.91,8.03,9.7,-0.52
2011,9,78,59.57,-1.79,0.18,-0.44,-0.33,-0.58,21.9,21.9,16.28,125,1.1,6.69,5.15,7.4,7.03,0.2,0.23,7.28,5.02,4.55,5.99,6.26,-0.79
2011,10,88,59.52,-1.34,0.09,-0.81,-0.62,-0.69,14,14,16.5,811,1.6,9.97,7.6,9.54,12.69,0.2,0.29,9.81,11.29,6.92,7.53,10.85,-0.86
2011,11,96.7,60.65,-2.33,-0.05,-0.83,-0.77,-0.85,11.5,11.5,16.28,234,1.2,0.95,0.86,1,1.75,0.28,0.24,0.53,0.47,0.48,0.46,1.25,-0.91
2011,12,73,62.41,-1.79,-0.02,-0.92,-0.63,-0.9,9.8,9.8,16.47,-16,3.5,0.9,1.06,0.77,1.34,-1.04,-1.59,0.54,0.71,0.62,0.39,2.48,-0.85
2012,1,58.3,64.68,-1.38,-0.04,-0.96,-0.56,-0.85,15.1,15.1,17.02,-71,1.7,0.18,0.52,0.19,0.17,-0.81,-0.99,0.17,0.12,0.23,0.17,0.2,-0.77
2012,2,32.9,66.15,-0.85,0.03,-0.66,-0.03,-0.7,18,18,17.11,-52,1.3,1.87,1.4,2.13,3.32,-0.59,-0.55,1.29,1.46,1.03,1.94,1.47,-0.59
2012,3,64.3,66.98,-1.05,0.05,-0.47,0.01,-0.43,26.3,26.3,16.56,-95,0.9,1.69,1.44,1.52,2.09,-0.65,-0.38,1.6,2.05,1.43,1.26,3.07,-0.43
2012,4,55.2,65.08,-0.27,0.11,-0.15,0.38,-0.18,18.6,18.6,16.77,-153,0.4,3.66,2.16,4.11,5.96,-0.26,0.21,1.06,1.45,2.12,2.03,2.45,-0.43
2012,5,69,63.07,-1.26,0.19,0.09,0.47,0.1,14.4,14.4,17.08,15,-3.3,5.69,3.9,6.83,8.98,-0.07,1.04,3.68,3.27,4.76,5.07,5.26,-0.31
2012,6,64.5,58.77,-0.87,0.33,0.35,0.77,0.32,18.5,18.5,17.01,83,-2.5,8.45,11.98,8.23,9.08,1.5,2.6,12.18,9.59,7.1,7.02,5.44,-0.1
2012,7,66.5,57.99,-1.52,0.41,0.53,0.89,0.58,23.1,23.1,16.73,40,-0.6,6.29,5.83,6.49,6.26,1.96,3.01,3.81,6.13,4.78,6.36,5.13,0.16
2012,8,63,56.44,-1.93,0.47,0.86,0.85,0.72,14.1,14.1,16.41,440,-2.1,11.46,9.99,10.49,12.39,1.67,2.04,9.9,12.28,12,10.44,13.12,0.29
2012,9,61.4,58.36,-2.21,0.48,0.78,0.7,0.69,15.3,15.3,15.8,974,-0.1,6.44,5.48,6.96,7.86,0.99,0.98,6.13,6.77,6.05,7.01,5.48,0.49
2012,10,53.3,58.98,-0.79,0.37,0.43,0.35,0.56,16.5,16.5,15.15,423,-3.3,5.48,4.38,6.06,7.15,1.69,2.66,3.59,4.44,3.86,2.39,6.3,0.45
2012,11,61.8,60.79,-0.59,0.21,0.48,0.42,0.31,15.2,15.2,15.48,-125,1.6,0.3,0.34,0.36,1.06,0.58,0.92,0.15,0.08,0.16,0.05,1.09,0.32
2012,12,40.8,59.52,-0.48,0.17,0.02,0.08,0.06,9,9,15.72,14,-0.4,1.98,2.31,1.7,1.32,0.67,0.95,2.02,3.6,1.71,1.48,2.2,-0.27
2013,1,62.9,58.95,-0.13,0.15,-0.31,-0.27,-0.21,11.8,11.8,15.23,-30,0.8,0.57,0.72,0.55,1.07,0.44,0.58,0.43,0.49,0.75,0.38,1.53,-0.55
2013,2,38.1,58.91,-0.43,0.14,-0.34,-0.22,-0.24,14.1,14.1,15.36,-32,0.1,1.85,1.11,2.15,2.53,0.21,0.6,1.03,1.12,1.84,2,2.03,-0.49
2013,3,57.9,56.9,-0.63,0.19,-0.07,0.26,-0.08,19,19,15.03,-143,-4.3,1.16,1.35,1.15,0.65,1.3,2.48,1.06,0.86,1.05,1.51,0.88,-0.4
2013,4,72.4,58.76,-0.16,0.17,0.15,0.18,0.01,10.8,10.8,14.88,-94,NA,4.31,3.91,4.4,4.94,0.1,0.37,3.16,3.7,3.16,4.66,3.38,-0.15
2013,5,78.7,60.63,0.08,0.13,-0.04,-0.24,0.01,18.3,18.3,14.66,26,NA,6.5,5,6.17,9.98,-1.09,-1.12,4.49,5.62,4.79,4.27,7.36,-0.14
2013,6,52.5,62.82,-0.78,0.08,-0.07,-0.46,-0.12,21.4,21.4,14.83,350,NA,9.8,10.82,9.23,8.14,-1.1,-0.81,11.01,10.72,10.43,13.36,8.09,-0.25
2013,7,57,65.99,-1.25,0.22,-0.26,-0.58,-0.17,17.2,17.2,14.86,1197,NA,11.03,10.88,10.81,12.07,-0.26,0.6,9.29,12.17,9.15,10.36,9.23,-0.21
2013,8,66,69.06,-1.04,0.23,-0.18,-0.43,-0.08,15.7,15.7,15.42,617,NA,10.36,6.96,6.7,3.73,0.28,0.74,5.81,6.64,5.63,8.35,4.92,-0.18
2013,9,36.9,71.64,-0.48,0.29,0.21,0.11,0.01,11.4,11.4,14.67,470,NA,6.08,7.18,7.42,7.52,0.44,0.98,6.71,6.91,6.41,8.58,8.87,-0.17
2013,10,85.6,NA,-0.87,0.37,NA,0.05,NA,14.7,14.7,NA,0,NA,7.44,1.6,1.97,2.69,1.55,1.84,0.89,0.91,1.54,1.37,0.73,-0.16
2013,11,77.6,NA,-0.11,0.16,NA,0.09,NA,12.5,12.5,NA,-115,NA,1.39,2.1,3,5.54,0.3,-0.24,2.18,1.24,0.8,0.77,3.18,-0.15
2013,12,90.3,NA,-0.41,NA,NA,0.24,NA,11,11,NA,-39,NA,0.74,0.99,1.12,2.87,-0.19,-0.67,0.38,0.28,0.37,0.26,1.14,-0.2
2014,1,82,NA,0.3,NA,NA,-0.12,NA,12.2,12.2,NA,NA,NA,3.6,3.53,3.16,5.25,-0.3,-0.82,3.07,3.18,2.53,3.03,6.89,-0.59
2014,2,102.8,NA,0.38,NA,NA,-0.51,NA,20.8,20.8,NA,NA,NA,1.7,NA,NA,NA,-0.55,-0.59,1.47,1.83,1.92,1.88,2.25,-0.7
2014,3,NA,NA,NA,NA,NA,0.04,NA,10,10,NA,NA,NA,2.42,NA,NA,NA,-1.12,-0.72,3.5,2.27,2.33,3.03,2.15,-0.46
2014,4,NA,NA,NA,NA,NA,0.45,NA,NA,NA,NA,NA,NA,2.14,NA,NA,NA,-0.94,-0.1,3.74,1.56,2.04,2.15,1.99,-0.12
2014,5,NA,NA,NA,NA,NA,0.93,NA,NA,NA,NA,NA,NA,3.61,NA,NA,NA,-1.08,0.12,3.55,5.12,3.96,3.82,4.05,0.06
2014,6,NA,NA,NA,NA,NA,0.98,NA,NA,NA,NA,NA,NA,8.09,NA,NA,NA,0.08,0.83,8.52,10.03,8.14,6.44,9.57,-0.04
2014,7,NA,NA,NA,NA,NA,0.65,NA,NA,NA,NA,NA,NA,8.22,NA,NA,NA,-0.26,-0.44,7.69,7.75,6.94,6.51,8,-0.02
2014,8,NA,NA,NA,NA,NA,0.56,NA,NA,NA,NA,NA,NA,NA,NA,NA,NA,1.15,1.12,4.87,6.65,5.57,7.64,5.01,-0.06
2014,9,NA,NA,NA,NA,NA,0.67,NA,NA,NA,NA,NA,NA,NA,NA,NA,NA,0.67,0.56,9.39,9.65,7.04,7.73,9.37,0.16
2014,10,NA,NA,NA,NA,NA,0.84,NA,NA,NA,NA,NA,NA,NA,NA,NA,NA,0.56,0.28,1.15,1.51,3.28,1.2,2.55,0.42
2014,11,NA,NA,NA,NA,NA,1.08,NA,NA,NA,NA,NA,NA,NA,NA,NA,NA,-0.1,-0.4,5.91,3.78,2.41,2.63,2.18,0.74
2014,12,NA,NA,NA,NA,NA,1,NA,NA,NA,NA,NA,NA,NA,NA,NA,NA,-1.2,-2.07,1.26,0.74,0.65,0.34,1.53,0.68
2015,1,NA,NA,NA,NA,NA,0.58,NA,NA,NA,NA,NA,NA,NA,NA,NA,NA,-1.56,NA,3.2,1.9,0.96,0.57,1.24,0.5
2015,2,NA,NA,NA,NA,NA,0.34,NA,NA,NA,NA,NA,NA,NA,NA,NA,NA,-1.47,NA,5.13,4.2,2.94,2.26,4.65,0.37
2015,3,NA,NA,NA,NA,NA,0.36,NA,NA,NA,NA,NA,NA,NA,NA,NA,NA,-1.88,NA,0.76,1.17,0.85,1.38,1.49,0.42
2015,4,NA,NA,NA,NA,NA,0.92,NA,NA,NA,NA,NA,NA,NA,NA,NA,NA,-1.81,NA,5.41,4.94,5.21,5.04,4.58,0.74
2015,5,NA,NA,NA,NA,NA,1.48,NA,NA,NA,NA,NA,NA,NA,NA,NA,NA,-2.24,NA,NA,NA,NA,NA,NA,0.87
2015,6,NA,NA,NA,NA,NA,1.74,NA,NA,NA,NA,NA,NA,NA,NA,NA,NA,-2.37,NA,NA,NA,NA,NA,NA,0.97
2015,7,NA,NA,NA,NA,NA,2.11,NA,NA,NA,NA,NA,NA,NA,NA,NA,NA,-0.76,NA,NA,NA,NA,NA,NA,1.2
2015,8,NA,NA,NA,NA,NA,2.33,NA,NA,NA,NA,NA,NA,NA,NA,NA,NA,-0.87,NA,NA,NA,NA,NA,NA,1.49
